player_id,player,primary_pos,ht_in_in,wt,hof,debut_season,final_season,total_seasons,debut_era,archetype_label,umap_x,umap_y,pca_1,pca_2,pca_3,pca_4,pca_5
abdelal01,Alaa Abdelnaby,PF,82.0,240.0,False,1991,1995,5,Expansion-90s,2,4.383296,10.719936,-1.449999002665583,0.09103516445853257,0.09072099512543984,-0.6028299700101359,0.1505249706280076
abdulka01,Kareem Abdul-Jabbar,C,86.0,225.0,True,1970,1989,20,Pre-3PT,11,4.6503553,3.0209866,3.127338363838339,2.89345962944936,-0.8499732687522148,0.4740234639424058,-0.675585247366947
abdulma02,Mahmoud Abdul-Rauf,PG,73.0,162.0,False,1991,2001,9,Expansion-90s,3,8.895707,5.6559114,1.5601003749157316,-1.0774706642639467,0.4275198951326706,-0.9092794447663167,0.695738753131359
abdulta01,Tariq Abdul-Wahad,SG,78.0,223.0,False,1998,2003,6,Expansion-90s,4,5.9737663,8.718438,-0.8310033652783482,-0.3289134406857088,0.849077722101916,-0.4507321408605053,-0.6511536152948643
abdursh01,Shareef Abdur-Rahim,PF,81.0,225.0,False,1997,2008,12,Expansion-90s,11,4.9865746,3.7441082,1.7980428792558247,1.490906238804547,0.20156528015954045,-0.9622240214297465,-0.07504180436177402
abernto01,Tom Abernethy,SF,79.0,220.0,False,1977,1981,5,Pre-3PT,2,4.1525292,9.940994,-1.6636023307074475,-0.327038936630848,-0.252214572998151,0.24224533563611203,0.31011325708178306
achiupr01,Precious Achiuwa,C,80.0,243.0,False,2021,2026,6,Post-COVID,8,1.1757821,7.4398055,-1.2533557243796891,1.4793874392506923,0.4062733966126186,-0.12700269888058097,-0.5140418798482229
acresma01,Mark Acres,C,83.0,220.0,False,1988,1993,6,Early-3PT,2,3.8398206,10.010153,-1.4439928643306967,-0.3233697238755735,-0.8136017426860517,-0.0008004705834415773,0.4337299333062732
acyqu01,Quincy Acy,PF,79.0,240.0,False,2013,2019,7,Modern,2,4.2765036,9.80249,-1.356705594038562,-0.23857256407676808,-0.36232423232674565,-0.07599765601045655,-0.21767155839553998
adamsal01,Alvan Adams,C,81.0,210.0,False,1976,1988,13,Pre-3PT,5,4.7583776,3.1555054,1.175080688129716,1.0502231297112272,0.11192354854812643,0.6767634538436175,-0.26736321547896674
adamsmi01,Michael Adams,PG,70.0,162.0,False,1986,1996,11,Early-3PT,-1,8.337466,5.412221,1.8464491735860102,-0.9122261117096363,-0.03825077478929127,0.6630919371385857,0.0535971824741953
adamsst01,Steven Adams,C,83.0,265.0,False,2014,2026,12,Modern,7,1.1377859,5.4327345,-0.7928719489727172,3.0989585027615205,0.5849128193760976,0.6766830294257868,0.27924568020882506
addisra01,Rafael Addison,SF,79.0,215.0,False,1987,1997,6,Early-3PT,10,6.484403,7.8003902,-0.7499013294033985,-1.2121732386159583,-0.3939200627498289,-0.6068531284090023,-0.15056367985450508
adebaba01,Bam Adebayo,C,81.0,255.0,False,2018,2026,9,Modern,11,4.136144,3.6783779,1.5390764897292717,2.7928927694205155,0.8966266095222652,0.10021015511540282,-0.0628570580676916
adrieje01,Jeff Adrien,PF,79.0,245.0,False,2011,2015,5,Dead-Ball,8,2.0565019,6.7724147,-1.5683692824374256,1.4914552797054463,-0.027675435637506574,-0.5120004047058544,0.19708959337326373
afflaar01,Arron Afflalo,SG,77.0,210.0,False,2008,2018,11,Dead-Ball,1,6.9498353,6.2870126,0.7315819034032847,-1.022967166446586,-0.64752460914747,-0.6136609863792909,0.4752457020939805
aguirma01,Mark Aguirre,SF,78.0,232.0,False,1982,1994,13,Early-3PT,3,6.9596567,2.955004,1.985593965833071,0.4221068339146088,-0.1526547820222245,-0.9418836148000518,0.12389330117355622
aingeda01,Danny Ainge,SG,77.0,185.0,False,1982,1995,14,Early-3PT,-1,8.170692,5.3055596,1.4434533867036763,-0.6669706353873841,-0.5218041633389069,0.48631770098977967,0.26786365287085034
ajincal01,Alexis Ajinça,C,86.0,248.0,False,2009,2017,7,Dead-Ball,8,1.8052179,7.421429,-1.386549058505604,0.651236961009447,-0.09187277911425885,-0.1834345628388507,0.08464026747739366
alarima01,Mark Alarie,PF,80.0,217.0,False,1987,1991,5,Early-3PT,4,5.010765,10.209648,-0.5605881043976896,-0.21050223972762985,-0.4888004081958501,-0.3888950175587298,0.28662026992987877
aldamsa01,Santi Aldama,PF,84.0,215.0,False,2022,2026,5,Post-COVID,-1,5.148008,5.2050805,-0.01279728156245577,0.3852449606345131,-0.43487493900146157,0.02822356373340286,-0.4339244458449613
aldrico01,Cole Aldrich,C,83.0,253.0,False,2011,2018,8,Dead-Ball,7,0.7977531,7.0948606,-1.857128433804211,1.8195240182556522,-0.28664787318486035,1.0194508098649087,0.12402214051140285
aldrila01,LaMarcus Aldridge,PF,83.0,250.0,False,2007,2022,16,Dead-Ball,11,4.170828,3.7430036,2.0678417577654504,1.9718586024461697,-0.33520258543769915,-1.0977498924496758,0.013589701656722075
alexaco01,Cory Alexander,PG,73.0,185.0,False,1996,2005,7,Expansion-90s,6,8.273032,7.409628,0.18489524144242891,-1.719537156892641,0.5373978325241169,0.9324710957294952,-0.04213640783988129
alexani01,Nickeil Alexander-Walker,SG,77.0,205.0,False,2020,2026,7,Post-COVID,1,6.9320307,7.897929,0.08290736795799247,-1.3517414268447276,0.19828319382553156,-0.03278963930725846,-0.48312881593813845
alexavi01,Victor Alexander,C,81.0,265.0,False,1992,2002,5,Expansion-90s,9,2.679115,6.5996294,-0.5433216879765403,0.8001603903336523,-0.5566000792389506,-0.9664772776761056,0.5440298572373146
allengr01,Grayson Allen,SG,75.0,198.0,False,2019,2026,8,Modern,1,6.4337115,6.1700287,0.8372036425752052,-1.208242270550701,-0.9744101120259979,0.3636234564172759,0.0714227823687373
allenja01,Jarrett Allen,C,81.0,243.0,False,2018,2026,9,Modern,7,1.2395369,5.163783,0.46524227164273063,3.6507506263668277,-0.36965844670177656,0.5588772262704814,0.6590982684014461
allenla01,Lavoy Allen,PF,81.0,260.0,False,2012,2017,6,Modern,8,2.3229442,7.012249,-1.7207478423179583,1.2112933188217407,0.708918136713549,-0.5847214644427755,0.1123998411707477
allenma01,Malik Allen,PF,82.0,255.0,False,2002,2011,10,Dead-Ball,8,2.6547809,7.564952,-1.2721400589415797,-0.08250511905327008,0.09515929788898746,-0.8923286244908581,0.14451430989158734
allenra02,Ray Allen,SG,77.0,205.0,True,1997,2014,18,Expansion-90s,-1,6.7960176,4.646919,3.5786935745527404,-0.36205969368202273,-1.0408761156516018,-0.1130929594433992,0.1704719229082731
allento01,Tony Allen,SG,76.0,213.0,False,2005,2018,14,Dead-Ball,5,4.525708,8.095419,0.21416736595981745,0.5984532232971623,0.4370248011135744,0.9511572738749082,-0.49573583122737147
alstora01,Rafer Alston,PG,74.0,171.0,False,2000,2010,11,Dead-Ball,6,8.929948,6.431668,0.9231535946789777,-1.419443905028245,1.1025737250284569,0.7411094879509597,-0.3758983975763562
alvarjo01,Jose Alvarado,PG,72.0,179.0,False,2022,2026,5,Post-COVID,6,8.558908,7.2310653,0.19842165472297513,-1.269131494726557,0.6795436814398885,0.9948766344325638,-0.0343930581085968
amaecjo01,John Amaechi,C,82.0,270.0,False,1996,2003,5,Expansion-90s,-1,2.083207,8.194493,-1.8530216985620687,0.0862091168908313,1.1656335402949194,-0.7786383146682515,-0.1634924415771739
aminual01,Al-Farouq Aminu,PF,81.0,220.0,False,2011,2021,11,Dead-Ball,4,5.427729,7.2857995,-0.4888471767465826,-0.21803995588409691,-0.17822174831293924,0.5093885097971192,-1.1162371882761395
amundlo01,Lou Amundson,PF,81.0,220.0,False,2007,2016,10,Dead-Ball,8,1.7076012,8.292661,-2.828558392182369,0.7827743819874085,0.9339421063999018,-0.3334891011415486,-0.7272130492607005
anderal01,Alan Anderson,SF,78.0,220.0,False,2006,2017,8,Dead-Ball,1,6.2584286,7.327751,-0.29508469490677897,-1.4937836790671437,-0.7101125291651924,-0.33195044828111164,-0.0347831741517132
anderch01,Chris Andersen,C,82.0,245.0,False,2002,2017,15,Dead-Ball,7,0.6198995,6.1443434,-1.169499779858417,1.8940588999493773,-0.5205932652586406,0.939566079941797,-0.3281280174208798
anderde01,Derek Anderson,SG,77.0,194.0,False,1998,2008,11,Expansion-90s,3,7.4616194,5.229676,1.3591700127613162,-0.9401067568696172,-0.18315389169903526,0.18866269859591156,-0.14213569676144933
andergr01,Greg Anderson,PF,82.0,230.0,False,1988,1998,10,Early-3PT,7,0.8855459,7.0003805,-1.4331808091863885,1.588600475949696,-0.1324893357063748,0.49314989988707836,-0.14221499899900952
anderja01,James Anderson,SG,78.0,213.0,False,2011,2016,5,Dead-Ball,1,6.221495,7.335943,-0.5256062414667351,-1.3721089426792479,-0.6823362402105994,0.24192283514015403,-0.0450818483209908
anderju01,Justin Anderson,SF,78.0,230.0,False,2016,2022,6,Modern,4,5.3629923,7.5345783,-0.7909151891471915,-0.7926236738958125,-0.7551620629902396,-0.025286067150436506,-0.2470213880125079
anderke01,Kenny Anderson,PG,73.0,168.0,False,1992,2005,14,Expansion-90s,-1,9.233792,5.398345,1.4402641829637102,-0.42236199360865134,1.193409822930537,0.44762227396659404,0.42316855256155317
anderky01,Kyle Anderson,SF,80.0,230.0,False,2015,2026,12,Modern,9,1.3313546,5.8887453,-0.09150362552028057,0.7812898656102701,0.26005054480657297,0.7041939450345414,0.08002895990040264
anderni01,Nick Anderson,SG,78.0,205.0,False,1990,2002,13,Expansion-90s,3,6.554769,5.0386467,1.5723974298491838,-0.6446599039358402,-0.704413431280885,0.2628632387381997,-1.0676138261623704
anderri01,Richard Anderson,PF,82.0,240.0,False,1983,1990,6,Early-3PT,4,4.994974,7.2050614,-0.4593004303536977,-0.59855052526633,-0.7337161393785335,0.1477728806448742,-0.07950856667966139
anderro01,Ron Anderson,SF,79.0,215.0,False,1985,1994,10,Early-3PT,4,6.50866,9.811403,-0.19750255022586194,-0.38712429581939745,-0.4212903244971503,-0.41303706307414045,0.335405451807202
anderry01,Ryan Anderson,PF,81.0,240.0,False,2009,2020,12,Dead-Ball,1,4.9504185,6.440875,0.4529339223631121,-0.8794784451442488,-1.2098445383447174,-0.4488813836339858,-0.5076209939410063
andersh01,Shandon Anderson,SG,78.0,208.0,False,1997,2006,10,Expansion-90s,4,5.300368,8.33274,-0.37915958161160634,-0.6034183090192361,-0.15008062637671418,0.17909587118482492,-0.14616203542436312
anderwi01,Willie Anderson,SG,79.0,190.0,False,1989,1997,9,Early-3PT,-1,6.91456,5.055373,0.589546832920006,-0.36053235714354037,-0.14059907686534864,0.2953328392438491,-0.31051019903479693
antetgi01,Giannis Antetokounmpo,PF,83.0,243.0,False,2014,2026,13,Modern,11,4.8253093,3.5082493,3.817636330766746,3.3360235807323475,0.678798876668799,0.13618783353777855,-0.6061722492111332
antetth01,Thanasis Antetokounmpo,SF,79.0,219.0,False,2016,2026,7,Modern,-1,1.7729868,6.957825,-2.056992437462055,0.886218549048274,0.25086841868018334,0.5423724549488625,0.38209984095874594
anthoca01,Carmelo Anthony,SF,79.0,238.0,True,2004,2022,19,Dead-Ball,-1,6.6444693,3.6041164,3.1081629294630067,0.6822709759144822,-0.09779837449482469,-1.5162117923583507,-0.5257983899490133
anthoco01,Cole Anthony,PG,74.0,185.0,False,2021,2026,6,Post-COVID,6,9.241059,5.719277,0.5853889491409463,-0.5124308624416343,1.507175476612218,-0.38191262676915594,-0.01814209010992518
anthogr01,Greg Anthony,PG,72.0,176.0,False,1992,2002,11,Expansion-90s,6,8.823684,6.364562,1.099144794638734,-1.309633687995672,0.29191540945088235,1.305502549519255,0.09402323847688807
anthojo01,Joel Anthony,C,81.0,245.0,False,2008,2017,10,Dead-Ball,7,0.91933393,7.328872,-2.1170108900962954,1.3394647356254357,-0.2117198428201394,0.851034069873002,0.14054314725696906
anunoog01,OG Anunoby,SF,79.0,240.0,False,2018,2026,9,Modern,-1,6.124174,5.1109056,0.9619439003018424,-0.07562089272221041,-0.7967507808385879,0.510119223379645,-0.588034450242021
architi01,Tiny Archibald,PG,73.0,150.0,True,1971,1984,13,Pre-3PT,-1,8.278603,3.5720003,1.7456696037543726,-0.056132936659285565,0.7556467275800187,0.10490433248465864,0.8850426423147415
arcidry01,Ryan Arcidiacono,PG,75.0,195.0,False,2018,2024,7,Modern,10,7.652225,8.271975,-1.5069543981670432,-2.303246866499974,0.5181259712320454,0.4711463754522113,-0.4347513938732636
arenagi01,Gilbert Arenas,PG,76.0,191.0,False,2002,2012,11,Dead-Ball,0,8.790553,4.5645046,2.8678996505290026,-0.5985843900397672,0.940122928454878,-0.03654727540024178,-0.16413899635696977
arizatr01,Trevor Ariza,SF,80.0,215.0,False,2005,2022,18,Dead-Ball,4,5.7874336,5.970249,0.4864733348449701,-0.35475129546082773,-0.504926433071359,0.9316113473742684,-1.0035045834125893
armstbj01,B.J. Armstrong,PG,74.0,175.0,False,1990,2000,11,Expansion-90s,6,8.933049,7.053194,0.6539751144103312,-0.8084707688097443,0.012496443431582863,0.2227999614822185,1.1119635041941274
armstda01,Darrell Armstrong,PG,73.0,180.0,False,1995,2008,14,Expansion-90s,-1,8.794331,6.0473986,1.546579625906942,-1.163196165269593,0.3365162804744042,1.355762242398853,0.07997521984522996
armsthi01,Hilton Armstrong,C,83.0,235.0,False,2007,2014,6,Dead-Ball,8,1.514839,8.020381,-2.1706743366485854,0.5310643213919389,0.653489838481845,0.37470125141795574,-0.3677494775782008
arroyca01,Carlos Arroyo,PG,74.0,202.0,False,2002,2011,9,Dead-Ball,6,8.8021755,7.9656677,-0.034266183596331906,-1.0156207441452665,1.1656738064621877,-0.038773183411901,0.7822093073026546
artesro01,Metta World Peace,SF,79.0,260.0,False,2000,2017,17,Dead-Ball,5,7.754574,4.4269094,1.6176270388924547,-0.129049532364375,0.25139569420065894,0.38485878364913495,-1.3571391865695026
arthuda01,Darrell Arthur,PF,81.0,235.0,False,2009,2018,9,Dead-Ball,-1,2.95336,7.362142,-0.6536477664105842,-0.1000910407102816,-0.15767165413858508,-0.2142868758006291,-0.2581986033052302
asikom01,Ömer Aşık,C,84.0,255.0,False,2011,2018,8,Dead-Ball,8,1.0641419,7.3358736,-2.1497861207525477,1.7604483190803444,0.4752739744309477,0.4443221864930502,0.03171249603036405
askewvi01,Vincent Askew,SG,78.0,210.0,False,1988,1998,9,Early-3PT,4,5.270886,8.610002,-0.5818215304537758,-0.26636359010188904,0.015509020203370957,0.060979261546208655,0.703812248943086
askinke01,Keith Askins,SF,79.0,197.0,False,1991,1999,9,Expansion-90s,1,5.59091,6.9089665,-0.7484166063263125,-1.2140279955626623,-1.2504239795079772,0.8145198880389223,-0.8514292041976326
atkinch01,Chucky Atkins,PG,71.0,160.0,False,2000,2010,11,Dead-Ball,6,8.233952,7.062761,0.5010124905641828,-1.9349650796916569,0.32543098819668415,0.21264269715798023,0.22387676695843114
augmost01,Stacey Augmon,SG,80.0,205.0,False,1992,2006,15,Expansion-90s,4,4.61669,8.189882,-0.32656950139190194,0.48692427056908505,0.41585393725470804,0.15298582624266968,-0.0454037548695905
augusdj01,D.J. Augustin,PG,71.0,183.0,False,2009,2022,14,Dead-Ball,6,8.314555,6.8905745,0.8743193408592467,-1.5935636986395756,0.10609920288287557,0.39543176559308224,0.6734063444187102
austiis01,Isaac Austin,C,82.0,255.0,False,1992,2002,9,Expansion-90s,9,1.744275,6.5737514,-0.6920526722030299,0.895075731697801,0.5877158379267361,-0.629310018156021,-0.0027223236869006184
avdijde01,Deni Avdija,SF,80.0,228.0,False,2021,2026,6,Post-COVID,5,5.324308,3.6736362,0.8727844162593068,0.400093369720649,0.2618616688184258,-0.0400832151571085,-0.5665719824163684
aventan01,Anthony Avent,PF,81.0,235.0,False,1993,2000,6,Expansion-90s,-1,1.9880072,8.294372,-2.0885255495022172,0.2694769624110178,1.116160166900316,-0.9088469419967748,-0.9563197480784473
awtrede01,Dennis Awtrey,C,82.0,235.0,False,1971,1982,12,Pre-3PT,2,3.988875,10.225692,-1.72190283228272,-0.3501243563647153,0.1529448311727814,0.6649315138710691,0.26113538898266997
aytonde01,Deandre Ayton,C,84.0,252.0,False,2019,2026,8,Modern,5,2.0544279,4.957341,0.6571966202817816,2.914853569595134,-0.08433210150752238,-0.6284119729036625,0.6905181604998969
azubuke01,Kelenna Azubuike,SG,77.0,220.0,False,2007,2012,5,Dead-Ball,1,6.2223372,6.8141165,0.1018718256092227,-0.6763653022143751,-0.7003647182206783,-0.3907738114151701,-0.02756545545889097
babbilu01,Luke Babbitt,SF,81.0,225.0,False,2011,2018,8,Dead-Ball,1,4.9904585,6.941845,-0.7748601822381509,-1.7821616866532497,-1.2995346914034105,-0.3672058425863445,-0.29175812176290533
baglejo01,John Bagley,PG,72.0,185.0,False,1983,1994,11,Early-3PT,6,9.319522,8.700212,-0.030763570574473847,-0.889085848758426,1.1003014765486845,0.23150685822947084,0.272361791334609
baglema01,Marvin Bagley III,PF,82.0,235.0,False,2019,2026,8,Modern,9,1.6098466,5.8998084,-0.45296488783881184,1.6230383753354298,-0.4861469522798309,-0.7154495454199454,0.7727635271716566
baileja01,James Bailey,PF,81.0,220.0,False,1980,1988,9,Early-3PT,9,3.261379,10.929404,-0.5899419627820203,0.576867969430312,-0.03953076119106208,-0.24512622862341787,-0.13611278419179024
baileth01,Thurl Bailey,PF,83.0,215.0,False,1984,1999,12,Early-3PT,9,2.8219807,5.3815317,0.06275497116992002,1.0493056702029158,-0.0428563317628968,-0.849729114523614,-0.20072943226569756
bakervi01,Vin Baker,PF,83.0,232.0,False,1994,2006,13,Expansion-90s,9,1.9032892,5.6405926,-0.28470492921497714,1.100110022098479,0.6663322975904165,-0.8575599927998308,-0.12389864054244226
balkmre01,Renaldo Balkman,SF,80.0,208.0,False,2007,2012,6,Dead-Ball,4,4.243296,8.483758,-1.5530525105669537,0.08170505487133276,-0.15674631079823942,0.9799534009506935,-0.8829901516633056
ballagr01,Greg Ballard,SF,79.0,215.0,False,1978,1989,11,Pre-3PT,9,4.614785,4.7819114,0.2587131828239027,0.12108740294942152,-0.46930122701658006,-0.20155441505833965,-0.4279829826940624
ballla01,LaMelo Ball,PG,79.0,180.0,False,2021,2026,6,Post-COVID,0,8.711037,4.569527,3.296706383962464,-0.4403286774744589,1.4813103631258826,0.09969455192557619,-0.4211051463969581
balllo01,Lonzo Ball,PG,77.0,190.0,False,2018,2026,7,Modern,6,8.891742,6.477939,0.927029837822881,-1.2337448484071445,0.7573507340936262,1.5700419367170615,-0.9060376673823738
bambamo01,Mo Bamba,C,84.0,231.0,False,2019,2026,8,Modern,-1,2.9218645,10.276315,-1.5559243543779757,1.0507945382278592,-0.5972135353996318,0.19725369459676387,-0.6003905455323206
banede01,Desmond Bane,SG,78.0,215.0,False,2021,2026,6,Post-COVID,0,6.768122,4.260018,2.60048028611328,-0.16693003560617464,-0.14149891683599328,-0.1707419809024137,-0.17657963027085433
banksge01,Gene Banks,SF,79.0,215.0,False,1982,1987,6,Early-3PT,9,4.8001523,2.8778462,0.6049707889721068,0.7339509217036885,-0.29405770224084304,0.14245050669789844,0.5654711081485311
banksma01,Marcus Banks,PG,74.0,200.0,False,2004,2011,8,Dead-Ball,6,8.318939,8.313367,-0.42155131487561837,-1.1101523589835884,0.7645120297331107,0.4628090329729412,0.2730762806367176
bannike01,Ken Bannister,PF,81.0,235.0,False,1985,1991,5,Early-3PT,-1,3.5546868,10.829435,-1.2540201828614683,0.41264351885650374,-0.07979742914769428,-0.20518183093303596,0.2850392727629354
bantoda01,Dalano Banton,PG,80.0,203.0,False,2022,2026,5,Post-COVID,10,8.795583,8.617536,-1.09151840212153,-0.32702240008933936,1.7062149955734685,0.13300604920531583,-0.3120795304412969
bantomi01,Mike Bantom,SF,81.0,200.0,False,1974,1982,9,Pre-3PT,9,3.3612633,10.842674,-0.11969079641500574,0.28293714984355833,-0.14771408070966663,-0.24296563390429365,-0.07006943378494934
barbole01,Leandro Barbosa,SG,75.0,194.0,False,2004,2017,14,Dead-Ball,3,7.094358,5.8556867,0.8784313900454768,-0.8381981562142209,-0.24561479652891072,0.024154507628808324,0.32326671626892556
bareajo01,J.J. Barea,PG,70.0,180.0,False,2007,2020,14,Dead-Ball,6,8.622507,6.545574,0.7984953843538889,-1.1535924081054785,0.6044027719450557,-0.0905487722495701,0.8631787613076933
bargnan01,Andrea Bargnani,C,84.0,245.0,False,2007,2016,10,Dead-Ball,3,7.140834,3.0321784,0.8152212081580628,-0.005069491401649667,-0.3367209497211343,-1.4500821932915948,0.0756528958416134
barklch01,Charles Barkley,PF,78.0,252.0,True,1985,2000,16,Early-3PT,11,5.0667477,3.5821981,3.462641279747223,2.6019297211317927,-0.6220010668461595,0.07561373909060515,-0.385896521630348
barneha02,Harrison Barnes,PF,79.0,225.0,False,2013,2026,14,Modern,3,6.008775,4.6450014,0.7804768944486173,-0.09705438262888742,-0.5891336907864064,-0.659909027960283,0.05099700934343944
barneji02,Jim Barnett,SG,76.0,170.0,False,1967,1977,11,Pre-3PT,4,7.4955554,9.875679,-0.14203699639074563,-0.6900456333583846,0.03687526561861419,-0.3450461074287401,0.5099137822632459
barnema02,Matt Barnes,SF,79.0,226.0,False,2004,2017,14,Dead-Ball,4,5.557808,6.4314013,0.06598757275188255,-0.2472202672931851,-0.7152811487562519,0.5722843576865658,-0.29233821349735784
barnesc01,Scottie Barnes,PF,80.0,237.0,False,2022,2026,5,Post-COVID,11,4.7376733,3.656469,2.2100474987458805,1.5389737359231654,1.055447926848296,-0.011324646323661917,-0.8913040750114816
barnhjo01,John Barnhill,PG,73.0,180.0,False,1963,1972,10,Pre-3PT,1,7.8461466,6.5096292,-0.1310258425686621,-1.6977207372078063,-0.2210880313946776,0.15677383632760752,-0.4191867680405778
barrerj01,RJ Barrett,SG,78.0,214.0,False,2020,2026,7,Post-COVID,3,7.1977606,3.8185687,1.244464184100483,0.16534927910875283,0.697302423916367,-1.3864314454780529,-0.43362753847327024
barroda01,Dana Barros,PG,71.0,163.0,False,1990,2004,14,Expansion-90s,1,8.259368,5.822798,1.4923420970555383,-1.1765217896129547,-0.678717347595842,0.3898547669339689,0.9907231178973068
barroea01,Earl Barron,C,84.0,250.0,False,2006,2015,8,Dead-Ball,-1,2.403273,8.243958,-2.2646211540497307,-0.21315425832435264,1.2632376515158394,-1.6041094194784653,-0.6649792136335002
barrybr01,Brent Barry,SG,78.0,185.0,False,1996,2009,14,Expansion-90s,-1,6.3719106,5.7902656,1.7056202304738164,-1.0438293440894222,-1.4435004363826158,1.3503522922695186,0.2537540044965468
barryjo01,Jon Barry,SG,76.0,195.0,False,1993,2006,14,Expansion-90s,1,6.3525653,6.1459913,0.6947574513882304,-1.369023919982007,-0.8750068035418334,1.2353341347913198,0.17086474577564204
barryri01,Rick Barry,SF,79.0,205.0,True,1966,1980,14,Pre-3PT,-1,6.566394,3.6883004,3.6182383064412367,0.6143222005500247,-0.08343464207939366,-0.11773129448739289,-0.45639216221299644
bartowi01,Will Barton,SG,77.0,181.0,False,2013,2023,11,Modern,4,6.9592695,7.788505,0.09861891687962737,-0.6305291773359191,0.3135385541385276,-0.24063120413177846,-0.44726414000182685
bassbr01,Brandon Bass,PF,80.0,250.0,False,2006,2017,12,Dead-Ball,9,2.649746,6.0740957,-0.3552746701983396,1.182571646543897,-0.09775566943586622,-0.737074359068157,0.37433963083484145
bassech01,Charles Bassey,C,82.0,230.0,False,2022,2026,5,Post-COVID,7,0.8877319,5.7458053,-1.4607241463933147,3.3053482300860986,-0.7000083239391355,0.8423867536356291,1.075230278652471
bateske01,Keita Bates-Diop,SF,80.0,229.0,False,2019,2024,6,Modern,4,3.8162887,8.09675,-1.087048704846939,-0.04660703023191651,-0.5877574929247676,0.045284594467352515,-0.0636864962325768
battish01,Shane Battier,SF,80.0,220.0,False,2002,2014,13,Dead-Ball,1,5.764078,6.054238,0.9628029251344126,-0.3594501310876163,-1.3231413177722482,1.2021360197892836,-0.7060511270848597
battito01,Tony Battie,C,83.0,230.0,False,1998,2012,14,Expansion-90s,8,2.0244617,6.9111934,-0.9868703031224983,0.9623392741351581,-0.383002938654726,-0.10351023098065028,0.19793071974593182
battljo01,John Battle,SG,74.0,175.0,False,1986,1995,10,Early-3PT,4,7.469579,9.876489,-0.07588450578251055,-0.6882083986452389,-0.01876454487609569,-0.4284559632193242,0.6836439327130361
batumni01,Nicolas Batum,SF,79.0,230.0,False,2009,2026,18,Dead-Ball,1,5.9409223,5.8157907,1.1610567525886744,-0.5714680213157965,-1.4169951306211204,1.1980951386643783,-0.21841875766860086
baumjo01,Johnny Baum,SF,77.0,200.0,False,1970,1974,5,Pre-3PT,2,4.8550415,10.075095,-1.4613284690123096,-0.4438608655554489,-0.35142548608575125,-0.2369782575894972,0.2074845454610877
bayleje01,Jerryd Bayless,PG,75.0,200.0,False,2009,2019,11,Dead-Ball,6,8.228144,7.399122,0.40007403295745486,-1.2925223294486912,0.5480843143096964,-0.16479921196440805,0.24771272953475307
baynear01,Aron Baynes,C,82.0,260.0,False,2013,2021,9,Modern,8,1.491345,7.0097127,-1.4065438883743084,1.2127748811415286,0.24971470052589612,-0.37280249491411177,0.44895123872802783
bazemke01,Kent Bazemore,SF,76.0,195.0,False,2013,2022,10,Modern,4,6.330092,8.46997,-0.27858524827327413,-0.9170928483431825,0.47802767745791325,0.21430781220153902,-0.9707755943210397
bazleda01,Darius Bazley,PF,81.0,216.0,False,2020,2024,5,Post-COVID,8,1.844555,8.256981,-1.521055781897178,0.23477411983697963,0.6419306009465425,0.08097839573881849,-0.764074347358568
bealbr01,Bradley Beal,SG,76.0,207.0,False,2013,2026,14,Modern,-1,7.3430123,4.189174,2.4546788927722893,-0.22190127977946586,0.5037663915730549,-0.8718910512664655,0.07905198693837613
beaslma01,Malik Beasley,SG,76.0,187.0,False,2017,2025,9,Modern,1,6.9363008,6.380846,0.5077334182575914,-1.531228196442628,-0.8543654718263138,-0.30568810912247246,-0.08617627764928651
beaslmi01,Michael Beasley,PF,81.0,235.0,False,2009,2019,11,Dead-Ball,9,3.2901468,5.3667974,0.48792279841465697,0.5277844330925434,-0.1201604100740188,-1.1769788691417893,0.11879327058679287
bedfowi01,William Bedford,C,84.0,225.0,False,1987,1993,6,Early-3PT,2,4.7236896,10.512192,-1.6432986491375334,-0.44867548237603616,-0.18826432152686087,-0.5241182948331786,-0.33277682642309264
behagro01,Ron Behagen,PF,81.0,185.0,False,1974,1980,7,Pre-3PT,2,4.5526447,10.413318,-1.3987871276929518,-0.46422144608164195,0.3743259874570523,-0.4154965270093518,-0.14512221468552383
belinma01,Marco Belinelli,SG,77.0,220.0,False,2008,2020,13,Dead-Ball,1,6.903528,6.300373,0.7888748037055506,-1.5725143806576356,-0.912276323185942,-0.2579730118900526,0.23937923290808327
bellch01,Charlie Bell,SG,75.0,200.0,False,2002,2011,7,Dead-Ball,10,7.07888,8.042275,-0.5811813342895666,-1.8396086730120804,0.029123257374609926,-0.0003580996066345557,-0.1995063567965189
belljo01,Jordan Bell,C,80.0,216.0,False,2018,2022,5,Modern,8,1.6349869,8.128223,-2.0434617645579696,0.9667430057051333,1.1646570018762479,0.8290756210125345,-0.9022582520921743
bellra01,Raja Bell,SG,77.0,204.0,False,2001,2012,12,Dead-Ball,1,6.6506267,6.4462123,0.6602988763975652,-1.4148423734417919,-1.0086059883386926,-0.04825206450182863,0.26918313776291536
bembrde01,DeAndre' Bembry,SF,77.0,210.0,False,2017,2022,6,Modern,4,4.21276,8.476582,-1.1983259870302843,0.014441936156225021,0.5118095315451995,0.6415950337831171,-0.18160856482578852
bendejo01,Jonathan Bender,SF,83.0,202.0,False,2000,2010,8,Dead-Ball,4,5.137227,7.818498,-0.7957742356023658,-0.170212929490637,-0.44422665932513267,-0.5612346995631787,0.1326612037199283
benjabe01,Benoit Benjamin,C,84.0,250.0,False,1986,2000,15,Early-3PT,9,0.75967085,6.4257693,-0.5419678341948562,1.5612542635719158,0.12100502209352033,-0.37506998190646745,-0.07916731633528151
benneme01,Mel Bennett,PF,79.0,200.0,False,1976,1982,5,Pre-3PT,-1,4.1211762,10.488626,-2.019907464104631,-0.15761808943424943,0.6961815409664844,-0.3730187777841103,-0.16501640139050294
benoida01,David Benoit,SF,80.0,220.0,False,1992,2001,7,Expansion-90s,4,5.5510964,7.343531,-0.36273826605459397,-0.4653866845842485,-1.0805655571110688,-0.40893716846216355,-0.4358269710303197
bensoke01,Kent Benson,C,83.0,245.0,False,1978,1988,11,Pre-3PT,9,2.8128273,10.389875,-0.35209882047917906,0.5105504246058683,-0.46827265084838277,0.5680708275355726,0.05166239330443795
bertada01,Dāvis Bertāns,PF,82.0,225.0,False,2017,2024,8,Modern,1,5.0312595,6.6885676,0.004255970866377301,-1.5801861262205024,-1.819517364049457,0.21876770017697925,-0.14599847819782502
besttr01,Travis Best,PG,71.0,182.0,False,1996,2005,10,Expansion-90s,6,9.040689,7.078489,0.7729523285949569,-0.8016970799755554,0.7384290639467598,0.6703746152549301,0.691217804201101
beverpa01,Patrick Beverley,PG,74.0,180.0,False,2013,2024,12,Modern,6,8.818065,6.6033273,0.348459455362016,-0.7988403176201101,0.056504374819486045,1.2010473364888636,-0.17600832904717362
beysa01,Saddiq Bey,SF,80.0,215.0,False,2021,2026,5,Post-COVID,-1,6.110819,4.768518,0.8297956335477426,-0.6538197491324375,-0.526726478502599,-0.7169528971507618,-0.5727015173730232
bibbyhe01,Henry Bibby,PG,73.0,185.0,False,1973,1981,9,Pre-3PT,6,8.091741,8.83397,-0.06907026606060765,-1.159207495140227,0.07230203872814385,0.29695080108015737,0.23056591555811806
bibbymi01,Mike Bibby,PG,73.0,190.0,False,1999,2012,14,Expansion-90s,-1,8.711446,5.5954194,2.0220687346379256,-1.2913642197390425,0.23764022578087807,0.48830218109350887,0.28597009691794095
biedran01,Andris Biedriņš,C,83.0,240.0,False,2005,2014,10,Dead-Ball,7,0.91256577,5.7883162,-1.4972654850862321,2.8325277398667548,-0.3955860526223356,1.3401067837444554,0.642196870880821
billuch01,Chauncey Billups,PG,75.0,202.0,True,1998,2014,17,Expansion-90s,0,8.5311775,5.1916466,2.7386419190915086,-0.9188001982705909,-0.018114620822362607,0.4758641777364988,0.2751241473576602
birchkh01,Khem Birch,C,80.0,233.0,False,2018,2023,6,Modern,7,1.1940367,6.507345,-1.3393772695934003,1.7471105276458536,0.11953270352283814,0.20618749846407727,0.6517679684934059
birdla01,Larry Bird,SF,81.0,220.0,True,1980,1992,13,Early-3PT,11,5.5616837,3.423839,3.9362251709381297,1.649458189164746,-0.19282783269207412,0.3218059915244159,-0.7741745454757327
birdsot01,Otis Birdsong,SG,75.0,190.0,False,1978,1989,12,Pre-3PT,3,7.707075,2.9196582,0.8775749510574191,-0.07999140617883034,-0.021939767478787855,-0.3612785032973974,0.3274193042986131
bitadgo01,Goga Bitadze,C,83.0,250.0,False,2020,2026,7,Post-COVID,7,0.62200594,6.044747,-1.2996437782736483,2.143903251568061,-0.1505536816668718,0.968500032788096,-0.09348998006176568
biyombi01,Bismack Biyombo,C,80.0,255.0,False,2012,2026,15,Modern,7,0.77824754,6.945761,-2.2094320537727703,2.5781806944871475,0.5905427833431862,0.4777906153057724,0.126402604371032
bjeline01,Nemanja Bjelica,PF,82.0,234.0,False,2016,2022,7,Modern,4,4.881253,6.6721373,-0.27128661711885854,-0.0610301628205997,-0.6839308700309263,0.4636388680910887,0.012040047209520122
blabuw01,Uwe Blab,C,85.0,252.0,False,1986,1990,5,Early-3PT,2,4.189012,10.274214,-1.9987001989392854,-0.44365811889569373,0.006165418016295707,-0.027002978380417892,0.20800610805926054
blackro01,Rolando Blackman,SG,78.0,190.0,False,1982,1994,13,Early-3PT,3,7.197001,2.8244836,1.656010020673766,0.22524884405425186,-0.25904872501906195,-0.7837437715991651,0.4819338974782827
blairde01,DeJuan Blair,PF,79.0,270.0,False,2010,2016,7,Dead-Ball,7,1.8896215,6.376043,-1.1050128217190762,1.659262672727049,0.3100198476237718,-0.03310167051912494,0.06558251432829838
blakest01,Steve Blake,PG,75.0,172.0,False,2004,2016,13,Dead-Ball,6,8.341944,7.2123747,0.5329214944465388,-2.019412095758577,0.2821461552621741,0.8955712923374679,0.4245868172778273
blatcan01,Andray Blatche,PF,83.0,235.0,False,2006,2014,9,Dead-Ball,9,2.9850526,5.193529,-0.08525489212479129,1.0254767266778653,0.44219619077897104,-0.420507444335261,-0.49936239759993833
blaylmo01,Mookie Blaylock,PG,72.0,180.0,False,1990,2002,13,Expansion-90s,0,8.684403,5.06252,2.6548904933784554,-0.7314045022416595,0.9231769319933489,1.5653460119143174,-0.6462278781064676
bledser01,Eric Bledsoe,PG,73.0,214.0,False,2011,2022,12,Dead-Ball,0,8.595327,4.585817,2.2320866553113707,0.033234307917280576,0.8197213245945884,0.7745403698511801,0.041030290876839626
blockjo01,John Block,PF,81.0,207.0,False,1967,1976,10,Pre-3PT,4,3.7179482,10.671571,-0.28745617332671347,0.15199613733838116,-0.19717701072515953,0.09078007398264704,-0.3353860973705268
blounco01,Corie Blount,PF,81.0,240.0,False,1994,2004,11,Expansion-90s,8,1.83062,7.209546,-1.676308203642409,0.8523476716033912,0.13006303439831585,0.16236556235245445,-0.0899182206443159
blounma01,Mark Blount,C,84.0,230.0,False,2001,2009,9,Dead-Ball,9,0.7364021,6.4907513,-0.6702184921948866,0.8827961737024695,0.28086059324088203,-0.22817085992924585,0.30453306870714925
boganke01,Keith Bogans,SG,77.0,215.0,False,2004,2014,11,Dead-Ball,1,6.2141733,7.032425,-0.12316104312195353,-1.5669563548781504,-0.9571634230954005,0.546197593023608,-0.38509564700234883
bogdabo01,Bogdan Bogdanović,SG,77.0,225.0,False,2018,2026,9,Modern,1,6.9478097,5.883805,1.1641563890489814,-1.2759484900631022,-0.48422336664573545,-0.14225362573474268,0.030483771702452214
bogdabo02,Bojan Bogdanović,SF,79.0,226.0,False,2015,2024,10,Modern,3,5.934213,4.886824,1.0322201310010688,-0.6655549591011335,-0.6647926385870936,-0.9995040263328869,0.2643479848743453
boguemu01,Muggsy Bogues,PG,63.0,136.0,False,1988,2001,14,Early-3PT,6,9.119583,7.433153,0.6611264650111515,-1.1218218142959124,1.4612823969537228,1.1176660289376075,0.4103102966174641
bogutan01,Andrew Bogut,C,84.0,260.0,False,2006,2019,14,Dead-Ball,7,0.7778238,5.65063,-0.6939517765937834,2.2756512378541403,0.1259786466620208,0.9755037592009658,-0.0810693668732608
bolbo01,Bol Bol,PF,87.0,220.0,False,2020,2025,6,Post-COVID,8,2.4527833,6.6888247,-0.9666045009102147,0.7116857353373204,-0.7269627876060674,-0.24550783136333812,0.5843630304451788
bolma01,Manute Bol,C,91.0,200.0,False,1986,1995,10,Early-3PT,-1,2.9091182,10.059135,-1.9048334105937865,0.26838735115436796,-0.3050230179665233,1.3009398398665604,-1.5579230326129136
bonnean01,Anthony Bonner,PF,80.0,215.0,False,1991,1996,6,Expansion-90s,-1,3.1425562,10.407985,-0.7928981276217018,0.4547077077341337,0.26329377906765145,0.4685490793108572,-0.20952930363518962
bonnema01,Matt Bonner,PF,82.0,235.0,False,2005,2016,12,Dead-Ball,1,4.966631,6.4533844,0.206207840784501,-0.5280331482821905,-2.0730715998389755,0.4008394198132038,0.6167786113079187
bookede01,Devin Booker,SG,77.0,206.0,False,2016,2026,11,Modern,-1,7.2049446,4.0132847,3.451275981012691,0.14743945261912192,0.8412894104487811,-1.3269202599557148,0.4526188189055908
booketr01,Trevor Booker,PF,80.0,228.0,False,2011,2018,8,Dead-Ball,9,1.9998965,6.279706,-0.5101871258812376,1.3772554768919478,-0.4744449966244628,0.1778209659393056,0.3108331663354912
boonero01,Ron Boone,SG,74.0,200.0,False,1969,1981,13,Pre-3PT,3,8.154321,3.4189148,1.2484803691042465,-0.37610785084348763,0.39606789106363566,-0.5386677902323599,0.17596649868218767
boothca01,Calvin Booth,C,83.0,230.0,False,2000,2009,10,Dead-Ball,8,2.0231457,7.3466654,-1.6273053094230616,1.0602928727289853,-0.04913156651899862,-0.08803592376774269,0.10788674578336449
boozeca01,Carlos Boozer,PF,81.0,258.0,False,2003,2015,13,Dead-Ball,11,3.0811307,4.9207497,1.5657310515164817,2.4880650473172516,0.321553074800802,-0.8362064946803223,0.037309428469384634
boshch01,Chris Bosh,C,83.0,235.0,True,2004,2016,13,Dead-Ball,11,4.4442806,3.5452986,2.6051811886855267,2.2224541751792537,-0.1646697881146072,-0.9416434540873299,-0.0776343854375281
bosweto01,Tom Boswell,PF,81.0,220.0,False,1976,1984,6,Pre-3PT,2,3.7264872,9.977033,-0.40401325680779765,-0.09138420334601184,-0.95551504038425,0.10093787713873967,0.8655721574826354
bouchch01,Chris Boucher,PF,80.0,200.0,False,2018,2026,9,Modern,-1,3.0257683,10.285518,-0.9049127111512276,0.6252216019251893,-1.0905131738913836,-0.2694074779293819,-0.9445069980501808
bowenbr01,Bruce Bowen,SF,79.0,185.0,False,1997,2009,13,Expansion-90s,1,5.5340915,6.6434865,-0.11521513347992746,-0.7490243141026399,-1.1368992628309607,1.6299034834988086,-1.269469668666622
bowenry01,Ryan Bowen,SF,79.0,215.0,False,2000,2010,10,Dead-Ball,4,4.0768614,8.3700075,-1.205674280143105,0.3508467310986112,-0.3972362481987295,1.2380374221226742,-0.13135095124106932
bowiean01,Anthony Bowie,SG,78.0,190.0,False,1989,1998,8,Early-3PT,4,6.5381494,6.6381364,0.08890462823479145,-0.6842239372153305,-0.7924201556243402,-0.08708801778355461,0.7788145039907239
bowiesa01,Sam Bowie,C,85.0,235.0,False,1985,1995,10,Early-3PT,9,3.655336,3.1845515,0.1660684380447341,0.8889117202929194,-0.184398369585883,-0.043303669231380425,-0.6011765382717298
boydfr01,Freddie Boyd,PG,74.0,180.0,False,1973,1978,6,Pre-3PT,10,7.499153,9.641452,-1.0615998536101428,-1.2876299197988903,0.2687748708954011,0.014869255904459276,0.3415111719275674
boykiea01,Earl Boykins,PG,65.0,135.0,False,1999,2012,13,Expansion-90s,6,8.971503,6.99153,0.7180383637477779,-0.9490131738604985,0.2958051916461949,-0.09876352258864653,1.16776740078094
bradlav01,Avery Bradley,SG,75.0,180.0,False,2011,2022,12,Dead-Ball,1,7.040134,6.8672338,0.3089974073346054,-1.4069330036934022,-0.11295028283386094,-0.1621500735418712,-0.1213476355264485
bradlbi01,Bill Bradley,SF,77.0,205.0,True,1968,1977,10,Pre-3PT,4,7.470968,9.913274,0.0012585126841317962,-0.6850698794989472,0.027499161573028105,-0.21490748760370548,0.3768201410112386
bradldu01,Dudley Bradley,SG,78.0,195.0,False,1980,1989,9,Early-3PT,6,9.734178,7.8571053,-0.5066202655556761,-0.8956176765962861,0.33052560447857204,1.2915576758976306,-0.6984692588523187
bradlmi01,Michael Bradley,PF,82.0,245.0,False,2002,2006,5,Dead-Ball,8,1.3472753,6.896829,-2.233384271617225,0.7472666764993322,-0.20157488812983107,0.06004302249834527,1.0158608012487473
bradlsh01,Shawn Bradley,C,90.0,235.0,False,1994,2005,12,Expansion-90s,7,1.380552,5.415702,-0.38416238823103266,2.226196213724528,-0.009775909280738668,0.26221240483986163,-0.8201461633406884
bradlto01,Tony Bradley,C,82.0,248.0,False,2018,2026,8,Modern,7,1.0139135,6.21357,-1.4946374746813873,1.620636960721513,-0.5606898427868989,-0.11215248172084531,0.7848808969912702
brandel01,Elton Brand,PF,81.0,275.0,False,2000,2016,17,Dead-Ball,11,3.9908645,3.8507204,1.4068829392043332,2.6139349459759016,0.3697463586524681,-0.6287141598938166,-0.36762816053613784
brandte01,Terrell Brandon,PG,71.0,180.0,False,1992,2002,11,Expansion-90s,0,8.961824,4.778265,2.7509909598376927,-0.03769543568161829,1.2584356471713625,0.6661143787677368,0.3415984932907451
bratzmi01,Mike Bratz,PG,74.0,185.0,False,1978,1986,9,Pre-3PT,6,8.042831,8.964765,-0.47167995683602626,-1.4728984338873385,0.2758928981322986,0.3106090672142635,0.04071454495263134
breuera01,Randy Breuer,C,87.0,230.0,False,1984,1994,11,Early-3PT,-1,2.8941839,10.179822,-1.0637053989923764,0.556410736349736,-0.15708709003121313,0.03378919720578186,-0.5060230210990515
breweco01,Corey Brewer,SF,81.0,186.0,False,2008,2020,13,Dead-Ball,5,4.7383914,8.052286,-0.08367530416348051,-0.4305624654221805,-0.0033776295907474996,0.6487410231979782,-0.5559696341654141
breweji01,Jim Brewer,PF,81.0,210.0,False,1974,1982,9,Pre-3PT,2,3.4047494,10.135207,-1.445627731192935,0.2840331222595561,-0.2831417016443073,0.888236791978476,-0.3968973326021083
brewero01,Ron Brewer,SG,76.0,180.0,False,1979,1986,8,Pre-3PT,4,7.4772353,9.746944,-0.5200632255511732,-0.886388571799748,-0.11331306963363348,-0.670047858544128,0.30216241276182176
brewero02,Ronnie Brewer,SG,79.0,220.0,False,2007,2014,8,Dead-Ball,4,5.0063663,8.500236,-0.6757602451955442,-0.6039708210777083,0.31384799628906357,0.7166704497248682,-0.9993812524729251
brezepr01,Primož Brezec,C,86.0,252.0,False,2002,2010,8,Dead-Ball,8,2.1368883,7.786061,-2.072556131092975,0.4416389109449491,0.3673207669915898,-0.8861751898596775,0.5670949138970316
brickfr01,Frank Brickowski,C,81.0,240.0,False,1985,1997,12,Early-3PT,9,4.2095466,6.647339,0.013853453434448826,0.2544625349476769,-0.40004770009142676,-0.050572808361175774,0.30634833203322154
bridgbi01,Bill Bridges,PF,78.0,228.0,False,1963,1975,13,Pre-3PT,2,3.9069026,10.958467,-0.5636885175717402,0.18552856641251744,-0.19593357810416834,-0.4137252520455432,-0.1656132192192376
bridgju01,Junior Bridgeman,SF,77.0,210.0,False,1976,1987,12,Pre-3PT,-1,7.551707,2.7855043,0.4839362971888123,-0.21362579942182705,-0.26791385083928776,-0.5602364799825317,0.33935721459134227
bridgmi01,Mikal Bridges,SF,78.0,209.0,False,2019,2026,8,Modern,3,6.343753,4.279089,1.8433772721507657,0.1351661595880679,-0.6502137689166864,0.09378703412734113,-0.06786299382682912
bridgmi02,Miles Bridges,PF,79.0,225.0,False,2019,2026,7,Modern,3,5.59843,4.1537647,1.1880014211229555,0.3528685235458807,-0.42547325905365624,-0.2883674242309088,-0.3714349905874352
brissos01,Oshae Brissett,SF,79.0,210.0,False,2020,2025,6,Post-COVID,4,4.5497503,8.437094,-1.2622766086979385,-0.2575563966589923,-0.185307446367379,-0.21590293314284661,-0.6872611932449424
bristal01,Allan Bristow,SF,79.0,210.0,False,1974,1983,10,Pre-3PT,4,8.398826,8.623057,-0.29556781063978377,-0.3722664498654622,0.08990536361154551,0.21827630874345935,0.5265785815821199
brogdma01,Malcolm Brogdon,PG,76.0,229.0,False,2017,2025,9,Modern,-1,8.874048,4.4183397,1.6882869392310613,-0.27583218160191714,0.5002059661735201,-0.19610649610378958,0.4597986545621779
brookaa01,Aaron Brooks,PG,72.0,161.0,False,2008,2018,10,Dead-Ball,6,8.403822,6.9832635,0.6037358742951491,-1.5078625361925573,0.3600330684260538,0.010930879219604908,0.5940233186981602
brookdi01,Dillon Brooks,SF,79.0,225.0,False,2018,2026,9,Modern,-1,6.9499674,5.442605,0.6173874758519899,-0.8510283611095486,0.12707565398440573,-1.010551473610621,-0.38830186804168937
brookma01,MarShon Brooks,SG,77.0,200.0,False,2012,2019,5,Modern,4,6.0692225,8.661584,-0.2793461877065244,-0.32208519699378213,0.3457652684058315,-0.682464967430956,-0.017373065226647305
brookmi01,Michael Brooks,SF,79.0,220.0,False,1981,1988,6,Early-3PT,9,3.3790317,10.995207,-0.1134300110939466,0.28124511958570975,0.2546664462607632,-0.22199106265053514,-0.10214440170502259
brooksc01,Scott Brooks,PG,71.0,165.0,False,1989,1998,10,Early-3PT,6,7.9949226,7.0642505,0.4010179536861092,-1.3247607852236494,-0.4462974018399294,0.9735235322422738,0.9097097239750145
brownbr01,Bruce Brown,PG,76.0,202.0,False,2019,2026,8,Modern,4,4.9882627,8.450161,-0.19153662214316727,0.004771159138676456,0.38143627445255046,0.03069199532149154,0.07195874025854106
brownch01,Chucky Brown,SF,79.0,214.0,False,1990,2002,13,Expansion-90s,-1,3.2394724,7.0147724,-0.951801363985866,0.1730829305297871,-0.5948457073718858,-0.4840400007693486,0.6597932349264646
brownde01,Dee Brown,PG,74.0,205.0,False,1991,2002,12,Expansion-90s,1,7.892895,7.0112333,0.9497668878228835,-1.6848244050063268,-0.3510722605791794,0.6068605979603744,-0.4418148176651793
brownde02,Devin Brown,SG,77.0,220.0,False,2003,2010,8,Dead-Ball,10,6.3230934,8.492135,-0.6225010643541687,-1.034063907215753,0.534651507622816,-0.3834969018386406,-0.6259474354547772
brownfr01,Fred Brown,SG,75.0,182.0,False,1972,1984,13,Pre-3PT,-1,8.155147,5.174383,1.3834775293219816,-0.45395813165168886,-0.3624272345140821,0.2356919303805193,0.17131199015017956
brownja02,Jaylen Brown,SF,78.0,223.0,False,2017,2026,10,Modern,-1,6.875521,3.816515,2.2127334172187805,0.4424010081598325,0.014910334307840487,-0.6795031063865161,-0.33502382284178645
brownkw01,Kwame Brown,C,83.0,270.0,False,2002,2013,12,Dead-Ball,7,0.8865054,7.0387573,-1.4132929044577471,1.5748455506320929,0.5344508489199631,0.11993926534972926,0.15292480879764694
brownlo01,Lorenzo Brown,PG,77.0,189.0,False,2014,2019,5,Modern,10,8.190614,8.778713,-1.5320428226551257,-1.2945202980861668,1.6229251192841967,0.057146096583228376,-0.0919580894483909
brownmi01,Mike Brown,C,81.0,257.0,False,1987,1997,11,Early-3PT,-1,1.4083726,8.054609,-1.7968230476884297,0.7339515372423775,0.1630367688019655,-0.08427685199038351,0.1672661701863375
brownmo01,Moses Brown,C,86.0,258.0,False,2020,2025,6,Post-COVID,7,0.8332228,6.977291,-2.24095104271016,2.2751203470243984,0.3265299608040545,0.23427023999675303,0.15837040533318122
brownpj01,P.J. Brown,PF,83.0,225.0,False,1994,2008,15,Expansion-90s,9,2.456299,5.2933817,0.03177834990952266,1.5937451476263034,0.0967678684191577,-0.035685364408390464,-0.3187952350460087
brownra02,Randy Brown,PG,74.0,190.0,False,1992,2003,12,Expansion-90s,6,9.513746,8.26367,-0.7740038046727065,-0.6764133076717171,1.5531448570488373,0.9150505206498921,-0.3363326088680411
brownri01,Rickey Brown,C,82.0,215.0,False,1981,1985,5,Early-3PT,2,4.1264586,10.604809,-1.5207290570835112,0.1120946615460385,-0.21613601064426136,-0.29043610454649527,0.13846717446185314
brownro01,Roger Brown,SF,77.0,205.0,True,1968,1975,8,Pre-3PT,3,6.9541173,5.0217867,1.2517594127207752,-0.3820967063633121,-0.5587461174854265,0.05386281573801037,-0.016754891717570997
brownsh01,Shannon Brown,SG,76.0,205.0,False,2007,2015,9,Dead-Ball,10,6.3274784,8.568884,-0.8983828541676808,-1.3195054614208759,0.587162678530839,-0.4065900234571267,-0.4134790385241766
brownst02,Sterling Brown,SG,77.0,219.0,False,2018,2023,6,Modern,10,5.615307,8.158994,-1.2033835047946269,-1.2432179689730993,-0.05241062634184609,0.23428950894995434,-1.1910103462017139
brownto01,Tony Brown,SF,78.0,185.0,False,1985,1992,7,Early-3PT,4,6.6026173,9.961257,-0.9901724285433782,-0.9383451156445821,-0.2052925871540907,0.03051790113834124,0.3809749697059968
browntr01,Troy Brown Jr.,SF,79.0,215.0,False,2019,2024,6,Modern,4,5.683678,7.6317205,-0.799030429505643,-1.054369457242541,-0.6176029811172408,-0.0750827998555201,-0.20230261180260845
brunsja01,Jalen Brunson,PG,74.0,190.0,False,2019,2026,8,Modern,0,8.920524,4.488437,2.78972953032324,0.1752304529828845,0.6465579251241639,-0.37165864795471437,1.1475785225961457
brunsri01,Rick Brunson,PG,76.0,190.0,False,1998,2006,9,Expansion-90s,6,8.391091,8.441779,-0.7900221760042019,-1.4249169150797751,0.78672165539595,0.6279436468374676,0.5415204891349576
bryanjo01,Joe Bryant,PF,82.0,200.0,False,1976,1983,8,Pre-3PT,4,5.3445582,10.370961,-0.49208655982049654,-0.29515076501730253,0.0776095365783133,-0.12198168562275236,0.01790575985129239
bryanko01,Kobe Bryant,SG,78.0,212.0,True,1997,2016,20,Expansion-90s,-1,6.6906962,3.7349021,4.56671311755169,0.8609430529382051,0.3434553375103251,-0.7387542023409827,-0.2943678742742349
bryanma01,Mark Bryant,PF,81.0,245.0,False,1989,2003,15,Early-3PT,8,2.192679,7.9421687,-1.821563012764432,0.2325217702828217,0.490529190295187,-0.5892366609624604,-0.06590658446164857
bryanth01,Thomas Bryant,C,81.0,248.0,False,2018,2026,9,Modern,9,1.1644856,6.1533794,-0.3657175515476658,1.1886478860224632,-1.299918559501284,0.012098741817041271,0.9917711045013073
buckngr01,Greg Buckner,SG,76.0,210.0,False,2000,2009,10,Dead-Ball,4,5.2807384,8.251371,-0.4484176586024537,-0.5212913465193971,-0.32776178958688845,0.6435367163210771,0.01745547851680665
bucknqu01,Quinn Buckner,PG,75.0,190.0,False,1977,1986,10,Pre-3PT,6,9.814715,8.028343,-0.03810991122547985,-0.4049737662091026,1.0375370864603732,1.2334689808728927,-0.18959793957951354
budinch01,Chase Budinger,SF,79.0,209.0,False,2010,2016,7,Dead-Ball,1,6.0906086,6.866528,-0.05877307250847036,-0.8108920930273911,-0.9946106127587172,0.013130007212179079,0.07904443155721816
buechju01,Jud Buechler,SF,78.0,220.0,False,1991,2002,12,Expansion-90s,1,5.7394295,7.091081,-0.637941612097544,-1.2376399627636916,-1.3695559615574842,0.7766969181511999,-0.20504842523193695
buforro01,Rodney Buford,SF,77.0,189.0,False,2000,2005,5,Dead-Ball,10,6.0652227,8.425707,-0.9330422791260138,-1.1571524037549579,0.2992424876022723,-0.9485110115869504,-0.3402892253265459
bullama01,Matt Bullard,PF,82.0,215.0,False,1991,2002,11,Expansion-90s,1,4.9734645,6.789196,-0.18077883202449915,-1.4833243004311105,-1.7241629981697553,0.09822339242358552,0.059441276799025944
bullore01,Reggie Bullock,SF,78.0,205.0,False,2014,2024,11,Modern,1,6.0918903,7.4429502,-0.48418383133569315,-1.723375049154128,-0.9727827687582598,0.11056232995974272,-0.5043764104608379
burketr01,Trey Burke,PG,72.0,185.0,False,2014,2022,9,Modern,6,8.919216,7.209936,0.4493760483009048,-1.2490886665844338,0.6714914851881356,-0.4795256036264882,0.772529220146744
burksal01,Alec Burks,SG,77.0,214.0,False,2012,2025,14,Modern,4,7.050041,6.989067,0.2638886200324749,-0.7998502325877856,0.1242005925847081,-0.5728871212518818,-0.27906245422269593
burleto01,Tom Burleson,C,86.0,225.0,False,1975,1981,7,Pre-3PT,8,2.7746186,9.938959,-1.0580820575295247,0.6313935680803724,0.01658097069453611,0.0861211346765419,-0.7753158704905978
burresc01,Scott Burrell,SF,79.0,218.0,False,1994,2001,8,Expansion-90s,1,5.810631,6.280275,0.10553896701653376,-1.0525770702997141,-0.9400934530335786,0.539031294266967,-0.7387542355054999
burtowi01,Willie Burton,SF,80.0,210.0,False,1991,1999,8,Expansion-90s,4,6.075733,8.690938,-0.47887759935016694,-0.5407463378818138,-0.051855739336851454,-0.8299993230147689,-0.8367966075598301
busedo01,Don Buse,PG,76.0,190.0,False,1973,1985,13,Pre-3PT,6,8.375785,6.349508,0.5346610576557069,-1.0791674558737483,-0.2274223779942647,1.6919785086411572,-0.2681989473336999
butleca01,Caron Butler,SF,79.0,228.0,False,2003,2016,14,Dead-Ball,3,7.004632,4.070149,1.3506760396970747,-0.3932780952158812,0.004060554325713034,-0.5382629638442644,-0.5692758108160831
butleji01,Jimmy Butler,SF,78.0,230.0,False,2012,2026,15,Modern,11,5.8768435,3.4178786,2.677919518185483,1.454720798961908,0.5635565883912854,0.05453042839847283,-0.2559803177126155
butlemi02,Mitchell Butler,SG,77.0,210.0,False,1994,2004,8,Expansion-90s,4,5.251627,8.398797,-0.9449745543600521,-0.7949807728744807,-0.1590931987735183,0.07105781045353982,0.09668623135413063
butlera01,Rasual Butler,SF,79.0,215.0,False,2003,2016,13,Dead-Ball,1,6.2241616,7.2696347,-0.14186678918476014,-1.5339138293379548,-1.1336244225860648,-0.2736248964995575,-0.2733935449455206
bynuman01,Andrew Bynum,C,84.0,285.0,False,2006,2014,8,Dead-Ball,-1,1.4484247,5.1782537,-0.16492685136105945,2.7588470663492433,0.03763344626360422,-0.27901074260903647,-0.11963333297992101
bynumwi01,Will Bynum,PG,72.0,185.0,False,2006,2015,8,Dead-Ball,6,8.98348,8.577322,-0.0711991336709284,-0.8550197884810604,1.4755472951107986,-0.2206974044263061,0.6869144034625154
cabocbr01,Bruno Caboclo,SF,81.0,218.0,False,2015,2021,7,Modern,10,4.822,8.937454,-2.0590277128271754,-0.9067966186005595,0.453467626671793,-0.17728035481913856,-1.3456736710267136
caffeja01,Jason Caffey,PF,80.0,255.0,False,1996,2003,8,Expansion-90s,9,2.0666473,6.669502,-0.9523306133195373,1.1593802121315535,0.23211946284143692,-0.6916862054225246,0.627224594374431
cagemi01,Michael Cage,C,81.0,224.0,False,1985,2000,15,Early-3PT,7,1.3052902,6.0786314,-0.7748206065482386,1.7152409287077521,-0.4007369191275971,0.4561940102742146,-0.01192287809620099
caldejo01,José Calderón,PG,75.0,200.0,False,2006,2019,14,Dead-Ball,-1,8.689037,5.7165885,1.3660144489323194,-1.2126936990782164,0.10415866277800905,0.893968523985876,1.1679430905529442
caldwad01,Adrian Caldwell,PF,80.0,265.0,False,1990,1998,6,Expansion-90s,8,1.5440938,8.1587715,-2.840469682067916,0.7321363034670462,0.5088155874221134,0.4053300014768608,-0.1757472516558517
caldwke01,Kentavious Caldwell-Pope,SG,77.0,204.0,False,2014,2026,13,Modern,1,6.904316,5.9611006,0.7306021585736546,-1.0564765903849207,-0.38740764897475305,0.23377435606525612,-0.3198694921672051
calhoco01,Corky Calhoun,SF,79.0,210.0,False,1973,1980,8,Pre-3PT,2,4.5194654,9.986319,-1.6186084623915284,-0.5247422679781171,-0.42919801646817896,0.21363178649151796,0.09259606596893505
cambyma01,Marcus Camby,C,83.0,220.0,False,1997,2013,17,Expansion-90s,-1,1.3007096,5.1328206,-0.028313462843129078,2.3409825519466962,-0.07441549698402569,0.7765138084033578,-1.1377995570980286
campbel01,Elden Campbell,C,83.0,215.0,False,1991,2005,15,Expansion-90s,-1,1.7189392,5.4042854,-0.49848297651648854,1.533725470531795,0.5216452897298047,-0.47192698625561824,-0.5360236058623
campbto01,Tony Campbell,SF,79.0,215.0,False,1985,1995,11,Early-3PT,4,7.870508,2.6919575,0.08500435355165936,-0.18938103794600386,0.021453210257924613,-0.4534802617142153,0.15192576950117204
canaais01,Isaiah Canaan,PG,72.0,200.0,False,2014,2019,6,Modern,10,7.8844414,8.113544,-0.6563886546378428,-1.96575601901758,0.627470652826199,-0.03663145415264862,-0.2109145837708667
cancavl01,Vlatko Čančar,PF,80.0,236.0,False,2020,2025,5,Post-COVID,2,4.5444217,9.895605,-1.6736449923660646,-0.6410978418025637,-0.2670048535884517,-0.03556404745712418,0.45811457283560536
capelca01,Clint Capela,C,82.0,256.0,False,2015,2026,12,Modern,7,1.1497526,5.259795,-0.6205271716917662,3.659951304562601,-0.1199694559957362,0.43013656053792493,-0.29169759183750177
cardibr01,Brian Cardinal,PF,80.0,245.0,False,2001,2012,12,Dead-Ball,4,5.196278,7.376142,-0.7125938366531392,-1.0374734909853767,-0.5453439103194334,0.3801158233798374,-0.30720383587465616
carliri01,Rick Carlisle,SG,77.0,210.0,False,1985,1990,5,Early-3PT,10,7.6030316,9.436526,-1.7098515877618479,-1.733127699602515,0.8635333798395749,-0.022328792675161045,0.04173606857484477
carnero01,Rodney Carney,SF,79.0,205.0,False,2007,2011,5,Dead-Ball,4,5.626628,7.497925,-0.5361135954661469,-0.9495302561585587,-0.6528559198054283,-0.002742503083124348,-0.44465229741226414
carran01,Antoine Carr,PF,81.0,225.0,False,1985,2000,16,Early-3PT,9,2.7134037,6.105698,-0.3240933236007608,0.7338392432390245,-0.23403475561373593,-0.6305746277199623,0.12039551409734181
carrau01,Austin Carr,SG,76.0,200.0,False,1972,1981,10,Pre-3PT,4,7.471473,9.666843,-0.3413064596434448,-0.6800822935357231,0.4991604353983791,-0.6999708644691444,0.13357566450297678
carrch01,Chris Carr,SG,77.0,207.0,False,1996,2001,6,Expansion-90s,-1,6.796514,7.102527,-0.31874618981350816,-1.123776680105132,-0.5064995694001789,-0.8726449145472138,0.08042066443673904
carrke01,Kenny Carr,PF,79.0,220.0,False,1978,1987,10,Pre-3PT,9,3.3504107,11.031912,-0.4806161150365588,0.6122153582240102,-0.2356495994562005,-0.4290896362399652,0.09075212827799105
carrml01,M.L. Carr,SF,78.0,205.0,False,1976,1985,10,Pre-3PT,5,9.639413,7.7678947,-0.1189561539277571,-0.2791390714259292,-0.1357792250829136,0.48595803196245035,-0.18789471579017863
carrode01,DeMarre Carroll,SF,78.0,215.0,False,2010,2020,11,Dead-Ball,4,5.593288,7.152961,-0.36300690635276217,-0.5950920001898965,-0.5565586198320773,-0.0618443755363839,-0.04321190895658933
carrojo01,Joe Barry Carroll,C,84.0,225.0,False,1981,1991,10,Early-3PT,9,3.8871846,3.042014,0.5212021992226239,1.0213865396453485,0.35477980545534854,-0.6656564334833242,-0.7865002738188376
carroma01,Matt Carroll,SG,78.0,212.0,False,2004,2013,10,Dead-Ball,10,6.122567,8.352003,-0.9795003030580074,-1.6395383931360317,0.006464224779186872,-0.5411934989897411,0.11984958977419183
cartean01,Anthony Carter,PG,73.0,190.0,False,2000,2012,13,Dead-Ball,6,8.892564,8.4535885,-0.5589781299799121,-1.1665229526263685,1.6497899137636802,0.8654866191343008,0.08300085061833083
cartebu01,Butch Carter,SG,77.0,180.0,False,1981,1986,6,Early-3PT,10,7.567743,9.6389475,-0.8456169714592194,-1.1874498030795948,0.48120838985877473,-0.5299825881077337,0.2667429028568438
cartefr01,Fred Carter,SG,75.0,185.0,False,1970,1977,8,Pre-3PT,4,7.8357687,9.608544,-0.1903559131040703,-0.8047847251054051,0.3867092007920912,-0.3494232376049089,0.04129357817165154
carteje01,Jevon Carter,PG,72.0,200.0,False,2019,2026,8,Modern,-1,7.4990172,7.881623,-0.3120452461046598,-2.0299900751736724,-0.18266661332029432,0.4982487428461284,-0.10269829893382093
cartemi01,Michael Carter-Williams,PG,78.0,205.0,False,2014,2023,9,Modern,6,9.324074,8.194832,-0.06357955133992901,0.058634868648286265,2.1158259134093975,0.35761789190358095,-0.45346369015003835
cartevi01,Vince Carter,SG,78.0,220.0,True,1999,2020,22,Expansion-90s,3,6.6182947,4.512186,2.5536537904497463,-0.15302724880012641,-0.6532350716919916,-0.22233135385780137,-0.4473262673824722
cartewe01,Wendell Carter Jr.,C,82.0,270.0,False,2019,2026,8,Modern,9,1.7094523,5.0403595,0.10809994572994125,1.6175416340923325,-0.12559806094217998,-0.08208660472521523,0.1872141783271935
cartwbi01,Bill Cartwright,C,85.0,245.0,False,1980,1995,15,Early-3PT,9,4.3523555,2.847453,0.24049782116597623,0.9820326311727173,-0.1747931904445046,-0.33393086170166797,0.2127936119630078
carusal01,Alex Caruso,PG,77.0,186.0,False,2018,2026,9,Modern,6,9.572526,7.4968734,0.24732113340150325,-0.5496682571176512,0.21874101591245915,1.5928905424854236,-0.3606809804432813
cassesa01,Sam Cassell,PG,75.0,185.0,False,1994,2008,15,Expansion-90s,0,8.893744,4.430795,2.610350672034242,-0.1414824629061946,0.9491159419426871,-0.19836604465223406,0.8222835287164689
casspom01,Omri Casspi,SF,81.0,225.0,False,2010,2019,10,Dead-Ball,4,5.099871,6.986589,-0.2933919202859013,-0.1489467066687404,-0.8888759517040853,0.1974603098897767,0.04037192491271287
catchha01,Harvey Catchings,C,81.0,218.0,False,1975,1985,11,Pre-3PT,2,3.081595,10.09336,-1.8933835637609102,0.6117090853014494,-0.11297318029109293,0.9653175100502064,-0.74909138016544
catlete01,Terry Catledge,PF,80.0,220.0,False,1986,1993,8,Early-3PT,9,3.3488507,11.147971,-0.11214266070964812,0.5222282300853813,-0.1587202003831541,-0.9650452646943755,0.26306215549941603
catoke01,Kelvin Cato,C,83.0,255.0,False,1998,2007,10,Expansion-90s,7,0.5392166,6.500629,-1.346059913315315,1.5351683550725073,-0.29604126467359265,0.5106619203836869,-0.17829595537341858
caulewi01,Willie Cauley-Stein,C,84.0,240.0,False,2016,2022,7,Modern,7,1.1860849,6.168575,-1.1824345694200844,1.8646917652920358,0.17671744992244282,0.537480297433274,0.30581567823027495
causwdu01,Duane Causwell,C,84.0,240.0,False,1991,2001,11,Expansion-90s,7,0.5962535,6.499523,-1.4575344579610776,1.36498986184867,-0.3655669534750163,0.45618726713007207,0.15748274354409592
cebalce01,Cedric Ceballos,SF,79.0,220.0,False,1991,2001,11,Expansion-90s,3,6.2278514,3.4701164,0.9092208425232564,0.46351494231041557,-0.7618980715710103,-0.7080478840321924,-0.02789842166932255
chalmma01,Mario Chalmers,PG,74.0,190.0,False,2009,2018,9,Dead-Ball,6,8.878327,6.2397423,1.202580273019562,-0.9090618085769276,0.5865257336752566,1.3751663978245003,0.04903669099917407
chambto01,Tom Chambers,PF,82.0,220.0,False,1982,1998,16,Early-3PT,5,6.662284,2.959475,1.240758123343333,0.9236600026920824,-0.329897482075484,-0.7024382178094553,-0.06666027719937598
champju01,Justin Champagnie,SF,78.0,206.0,False,2022,2026,5,Post-COVID,4,1.5889912,8.200504,-1.4314432707799898,-0.049882253404443855,-0.3902253016830222,-0.21871926828144558,-0.3419043380024519
chandty01,Tyson Chandler,C,84.0,235.0,False,2002,2020,19,Dead-Ball,7,0.9867278,5.424917,-0.651968864499403,3.002840097855736,-0.5472483426006064,0.9830236699697757,0.5856108061720136
chandwi01,Wilson Chandler,SF,80.0,235.0,False,2008,2020,12,Dead-Ball,-1,5.8882766,5.1126695,0.5077052210027333,-0.43067526559203484,-0.7725622001111528,-0.35583829417046375,-0.29746173862946296
chanedo01,Don Chaney,SG,77.0,210.0,False,1969,1980,12,Pre-3PT,4,7.414041,9.261314,-0.7984591980156697,-0.5714856849885224,0.43764334510171315,0.3805219896296601,-0.42225254046672095
chapmre01,Rex Chapman,SG,76.0,185.0,False,1989,2000,12,Early-3PT,-1,7.2054825,5.804945,1.3887167178639805,-1.5146852798173898,-0.49708630594815767,-0.637295609737318,-0.1331413136707464
cheanca01,Calbert Cheaney,SG,79.0,209.0,False,1994,2006,13,Expansion-90s,4,5.9625587,8.109365,-0.22355260427260254,-0.3796633729212597,0.15718408241977577,-0.49514096104861793,0.20970890119961022
cheekma01,Maurice Cheeks,PG,73.0,180.0,True,1979,1993,15,Pre-3PT,5,8.424069,5.000134,1.3720438207693726,0.09499295572292318,0.20924255249874724,1.6762939867335551,0.5123394560465856
cheniph01,Phil Chenier,SG,75.0,180.0,False,1972,1981,10,Pre-3PT,4,7.7505493,9.526033,0.15876588109036133,-0.7453195566339781,0.1313177072315202,-0.19358262709815927,-0.2829242111525322
chilcpe01,Pete Chilcutt,PF,82.0,230.0,False,1992,2000,9,Expansion-90s,2,4.940239,7.5644884,-1.0752955746887698,-0.6278449342871432,-0.6368511738911382,-0.20479392920484318,-0.2438393943573991
childch01,Chris Childs,PG,75.0,195.0,False,1995,2003,9,Expansion-90s,6,8.688369,7.3182263,0.4765968546944788,-1.4571867490903965,0.9460031991440261,1.2372262910160532,0.2683241598209114
childjo01,Josh Childress,SF,80.0,210.0,False,2005,2014,8,Dead-Ball,5,3.7602036,8.11667,-0.3711230435556263,0.47489487563988786,-0.17444597863696482,0.7112699133338677,0.20407662952001449
choneji01,Jim Chones,C,83.0,220.0,False,1973,1982,10,Pre-3PT,9,2.6226232,10.291435,-0.26357461345076505,0.7478901388135666,-0.27008035694178595,-0.11733401616770447,-0.26848087432428214
chrisdo01,Doug Christie,SG,78.0,200.0,False,1993,2007,15,Expansion-90s,6,9.119054,6.387588,0.8971811441805966,-0.7067870137692663,0.45939857946739565,0.9114458522589386,-0.5642959618969716
chrisma01,Marquese Chriss,PF,81.0,240.0,False,2017,2022,6,Modern,8,1.6312656,8.266025,-1.4768989750689603,0.48971338092474936,0.3126524873180765,-0.2878980176969076,-0.7445610041328186
clarkar01,Archie Clark,PG,74.0,175.0,False,1967,1976,10,Pre-3PT,3,7.8857307,3.1597595,1.2335662327600887,-0.05168200931145403,0.12257097845528274,0.06763583380021355,0.638935917743777
clarkbr01,Brandon Clarke,PF,80.0,215.0,False,2020,2026,7,Post-COVID,9,2.2519138,5.3473873,-0.21515574835958784,2.127022803641009,-0.05394532555302012,-0.1291542137529082,0.1392522693864241
clarkea01,Earl Clark,PF,82.0,225.0,False,2010,2015,6,Dead-Ball,2,4.900584,8.715167,-1.5318183922986988,-0.416225907585131,-0.012094114421628485,-0.5369612513820473,-0.83144169159055
clarkia01,Ian Clark,SG,75.0,175.0,False,2014,2019,6,Modern,10,7.229403,8.422897,-0.851036275492419,-1.4628189381096304,0.11733208540193953,0.004867758299949322,0.08101785636115663
clarkjo01,Jordan Clarkson,SG,77.0,194.0,False,2015,2026,12,Modern,3,7.4391384,4.8300996,1.227987989995991,-0.6958448438427702,0.1924511646854582,-0.857329472420207,0.35504281153159856
clarkke01,Keon Clark,C,83.0,220.0,False,1999,2004,6,Expansion-90s,7,0.6570661,6.090197,-0.9508534185344937,1.7751765879142354,-0.017280054954722096,0.1930504872875566,-0.42069665423625285
claxtni01,Nic Claxton,C,83.0,215.0,False,2020,2026,7,Post-COVID,7,1.1192654,5.328934,-0.4435462236670834,3.1936581597815024,0.07649194006160602,0.7314713281772358,0.16128896090980105
claxtsp01,Speedy Claxton,PG,71.0,166.0,False,2002,2009,7,Dead-Ball,6,9.265631,8.128131,0.4802644134543182,-0.4645297487941473,2.1211065341040745,0.3222001081629262,0.0009062178900278717
cleamji01,Jim Cleamons,PG,75.0,185.0,False,1972,1980,9,Pre-3PT,4,8.322699,8.767907,-0.2678267378441235,-0.8033712540675348,0.021433735447228555,0.6402309278460845,0.4626293119156013
cleavma01,Mateen Cleaves,PG,74.0,205.0,False,2001,2006,6,Dead-Ball,10,8.273256,8.6002655,-1.5501826687184204,-1.95567461053149,2.0090412686479353,-0.5562017946255207,-0.24439363475557158
coffeam01,Amir Coffey,SG,79.0,210.0,False,2020,2026,7,Post-COVID,4,6.0584817,8.146723,-0.8848369440213155,-1.0634399091366005,-0.5313723493674549,-0.3414762246762846,0.42059797205508137
colembe01,Ben Coleman,PF,81.0,235.0,False,1987,1994,5,Early-3PT,-1,3.5177293,10.967393,-0.951307691367685,0.46660468547232214,-0.23224175706861028,-0.2748686649259747,0.2762305798984148
colemde01,Derrick Coleman,PF,82.0,230.0,False,1991,2005,15,Expansion-90s,5,4.479144,3.630587,1.1362226103062552,1.3773165108636067,0.19727726659246408,-0.7713096209869742,-0.6941630757005064
coleno01,Norris Cole,PG,74.0,175.0,False,2012,2017,6,Modern,6,8.674519,8.418363,-0.5416241701432996,-1.3498607599714476,1.6317873636638,-0.18066600307410308,0.13619152615549987
colesbi01,Bimbo Coles,PG,72.0,182.0,False,1991,2004,14,Expansion-90s,6,8.84315,7.866275,0.10757792649730041,-1.0145817872932925,0.977128644844875,0.13692308517458585,0.5448763286718163
collida01,Darren Collison,PG,72.0,175.0,False,2010,2022,11,Dead-Ball,-1,9.095005,4.9523582,1.7416082033584457,-0.49293570119470476,0.6464835185461878,0.4894995102483263,0.8304458911304393
collido01,Doug Collins,SG,78.0,180.0,True,1974,1981,8,Pre-3PT,3,7.4511156,2.9415674,0.8829650130943656,0.14582265738208558,0.28668779137550204,-0.41338747066477854,0.5168587972493706
collido02,Don Collins,SF,78.0,190.0,False,1981,1987,6,Early-3PT,4,9.82791,8.153634,-0.1194337139076792,0.055178635556005134,0.4095978451208528,-0.004167479735271332,-0.14042558920899179
collija02,Jason Collier,C,84.0,260.0,False,2001,2005,5,Dead-Ball,8,2.4419487,7.5397387,-1.522644774164942,0.2782887639845095,0.2756263557546273,-1.0915238101997486,0.4646377441559892
collija03,Jarron Collins,C,83.0,255.0,False,2002,2011,10,Dead-Ball,-1,2.101432,8.102028,-2.342594776232343,0.25345851150588494,0.9989395515786765,-0.4837780832336688,0.23840890502045595
collija04,Jason Collins,C,84.0,255.0,False,2002,2014,13,Dead-Ball,-1,2.282486,8.397797,-2.292623442056154,-0.041645312267560936,1.105441669502049,0.3225043852441454,-0.3998308048344175
collijo01,John Collins,PF,81.0,226.0,False,2018,2026,9,Modern,5,3.8761775,3.9263163,1.0657526994174233,1.6532563586888613,-0.9350946806777217,-0.47340722719981143,0.2856285175110811
collini01,Nick Collison,PF,82.0,255.0,False,2005,2018,14,Dead-Ball,7,1.3425239,6.0921283,-0.9225679946843199,1.5621977974450554,-0.3791134042344568,0.4314438086719148,0.9670666579871987
colliza01,Zach Collins,C,81.0,250.0,False,2018,2026,8,Modern,9,0.8588628,6.2763543,-0.5282753656424741,0.7633982721253092,-0.3072508920434746,0.1940382711313944,0.4416008839736277
coltest01,Steve Colter,PG,75.0,165.0,False,1985,1995,8,Early-3PT,4,8.353287,8.733357,-0.28572484811956095,-0.6945715279746856,0.199223739024532,0.524225850328559,0.2475501356724802
conlemi01,Mike Conley,PG,73.0,175.0,False,2008,2026,19,Dead-Ball,0,8.601543,5.189192,2.5469707757126194,-0.6135068335162145,0.31031550629142135,0.9705685583707443,0.3369946702634197
conloma01,Marty Conlon,C,82.0,224.0,False,1992,2000,9,Expansion-90s,8,2.5075254,7.312484,-1.1724268621580527,0.3373679880519559,-0.08136451130620978,-0.7774194256239267,0.5262249769073257
connapa01,Pat Connaughton,SG,77.0,209.0,False,2016,2026,11,Modern,1,5.91488,7.1878347,-0.46154559881852086,-1.0056433185438312,-1.0880996055949967,0.5126640778023823,-0.09340288312899789
connele01,Lester Conner,PG,76.0,180.0,False,1983,1995,12,Early-3PT,6,9.758433,7.854609,-0.18254050263517313,-0.25561661414986603,0.42881129587315486,1.4673333559748098,0.07158479148786602
cookbr01,Brian Cook,PF,81.0,234.0,False,2004,2012,9,Dead-Ball,10,4.930518,7.574726,-1.2092157153061764,-1.2791336404190163,-0.30680033975583876,-0.7806056123311766,-0.5917413676675647
cookda01,Darwin Cook,PG,75.0,184.0,False,1981,1989,8,Early-3PT,6,9.850675,7.9743137,0.43759254128087915,-0.38439352080346734,0.5222733078216858,0.6686687948472315,-0.18786374093442104
cookda02,Daequan Cook,SG,77.0,205.0,False,2008,2013,6,Dead-Ball,-1,6.586041,7.704765,-0.5637981088313397,-2.282783485720821,-0.8880261289348256,-0.36986391982789424,-0.6682953819099944
cookje01,Jeff Cook,PF,82.0,215.0,False,1980,1988,8,Early-3PT,2,3.9067101,10.261997,-1.1979906938197964,0.15332285611137766,-0.07742561878856546,0.17577674817068503,0.04529008386619847
cookqu01,Quinn Cook,PG,73.0,180.0,False,2017,2021,5,Modern,6,8.004817,7.8613153,-0.32299816982939816,-1.5432139119966346,0.0363801582391801,-0.28340329578776247,1.2520353427750839
coopemi01,Michael Cooper,SG,79.0,170.0,True,1979,1990,12,Pre-3PT,1,8.201727,6.177994,0.6697512580590386,-0.8195212450078411,-0.5665005778733981,1.0843458763150127,0.03878781219429479
coopewa01,Wayne Cooper,C,82.0,220.0,False,1979,1992,14,Pre-3PT,-1,2.9675648,10.249579,-1.253463150657133,0.6360398839432921,-0.5525589048822404,-0.1338421881633326,-0.6399600779595689
corbity01,Tyrone Corbin,SF,78.0,210.0,False,1986,2001,16,Early-3PT,5,5.182158,8.222381,-0.06817684648742714,-0.5061200364530172,-0.2020364032858905,-0.06473602703842628,-0.7401688086356291
corzida01,Dave Corzine,C,83.0,250.0,False,1979,1991,13,Pre-3PT,-1,3.1956153,10.282742,-0.9025396616209402,0.33913145043507165,-0.348351818634354,-0.044234660017675745,-0.04739519375768736
countme01,Mel Counts,C,84.0,230.0,False,1965,1976,12,Pre-3PT,-1,3.7234523,10.396865,-0.8096638625225747,-0.02523866083084772,-0.26797775673894975,0.14899674651748102,-0.42851044545141187
couside01,DeMarcus Cousins,C,82.0,270.0,False,2011,2022,11,Dead-Ball,5,4.5670476,3.428685,2.0306958905717423,1.9939353894215006,0.2632175053013251,-0.033637361609706866,-0.9478608847102938
covinro01,Robert Covington,SF,79.0,209.0,False,2014,2024,11,Modern,1,5.704039,5.9672356,0.4689294472380375,-0.4910839039783028,-1.1232762688871964,1.2102096186683904,-1.2440159137865145
cowenda01,Dave Cowens,C,81.0,230.0,True,1971,1983,11,Pre-3PT,5,4.519735,3.2817197,1.0325409139079753,1.2525002206445084,-0.07812791989882802,0.2537184575293179,-0.8786938737859449
crabbal01,Allen Crabbe,SG,77.0,212.0,False,2014,2020,7,Modern,1,6.2587657,7.581174,-0.5028820680343993,-1.7171540255300146,-0.7634643023432857,-0.3110604693595934,-0.24096968512484312
craigto01,Torrey Craig,SF,77.0,221.0,False,2018,2025,8,Modern,4,5.170131,6.9960446,-0.6632269955632129,-0.3964986198709487,-1.2985172470992954,0.4072929125824024,-0.2027195992509463
crawfch01,Chris Crawford,PF,81.0,235.0,False,1998,2004,7,Expansion-90s,4,2.9893467,6.465011,-0.3264273916829577,0.16898125755925317,-0.6703685505183945,-0.4493982775062423,0.522916966153941
crawffr01,Freddie Crawford,SG,76.0,189.0,False,1967,1971,5,Pre-3PT,4,6.1908813,10.074229,-0.7807842475049589,-0.6132649465327804,0.10289201608398867,-0.029900347139502237,0.028393010621355103
crawfja01,Jamal Crawford,SG,77.0,185.0,False,2001,2020,20,Dead-Ball,3,7.519345,4.886646,2.0693623213396917,-1.2360338196661265,0.033294024735976105,-0.5329414929782686,0.32763366447573417
crawfjo02,Jordan Crawford,SG,76.0,195.0,False,2011,2018,6,Dead-Ball,3,7.495272,5.2479377,1.0160896676482896,-1.2558185393480719,0.2764091422445595,-0.7675361558133525,0.37182477683570986
crissch01,Charlie Criss,PG,68.0,165.0,False,1978,1985,8,Pre-3PT,6,7.999766,9.35001,-0.40776466567092173,-1.0750551180355286,0.37917135805967594,0.1431838429144588,0.4828224465609685
crompge01,Geoff Crompton,C,83.0,280.0,False,1979,1984,5,Pre-3PT,-1,4.291813,10.417047,-2.9711917571543407,-0.3964758656089958,0.5504742837026986,-0.23621374769877446,-0.8176940858059563
croshau01,Austin Croshere,PF,81.0,235.0,False,1998,2009,12,Expansion-90s,4,4.7952046,6.7274537,-0.4719556874958388,-0.29559849738800215,-0.9347261215548429,-0.1559626703700937,-0.304535807579568
crottjo01,John Crotty,PG,73.0,185.0,False,1993,2003,11,Expansion-90s,6,8.303506,8.291447,-0.07671283319973637,-1.2003466262358047,0.14767220805315906,0.7754321987654512,0.8007199063269994
crowdja01,Jae Crowder,SF,78.0,235.0,False,2013,2025,13,Modern,1,5.7245946,6.409816,0.2203512236624774,-0.8328359254094226,-0.8870568986789205,0.3250918483632711,-0.6067288179401564
cummipa01,Pat Cummings,C,81.0,230.0,False,1980,1991,12,Early-3PT,9,3.391308,11.056569,-0.4606918115897647,0.5430652531834379,-0.20485698206000058,-0.46488077417233975,0.3162219855345797
cummite01,Terry Cummings,PF,81.0,220.0,False,1983,2000,18,Early-3PT,9,3.2861216,5.1630087,0.7144821423298209,1.163992712161994,-0.07339826835790378,-0.9984545924598108,-0.23374296054060545
cunnibi01,Billy Cunningham,SF,78.0,210.0,True,1966,1976,11,Pre-3PT,5,4.827722,3.4509058,2.3886592225459435,1.202475047841135,0.5089036793359566,-0.19900370813212634,-0.5737184695210591
cunnica01,Cade Cunningham,PG,78.0,220.0,False,2022,2026,5,Post-COVID,0,8.553664,4.28511,3.030361809576867,0.2625630451648856,2.1623973961804874,-0.7040681615136162,-0.23418795172860024
cunnida01,Dante Cunningham,PF,80.0,230.0,False,2010,2019,10,Dead-Ball,-1,3.0460198,7.20925,-0.664970865607365,0.07858205689312595,-0.7232103392617698,0.01614639815581373,0.02482928685672245
curetea01,Earl Cureton,C,81.0,210.0,False,1981,1997,12,Early-3PT,-1,1.6308291,8.258924,-1.831384409919482,0.514019503740214,0.22743951228067294,-0.33062833928480295,-0.5805738205229145
curlebi01,Bill Curley,PF,81.0,220.0,False,1995,2001,5,Expansion-90s,2,4.364926,9.742246,-1.8773386929901001,-0.13519865018495242,0.10919164165357216,-0.012156687283667204,0.2989201112230633
curryde01,Dell Curry,SG,76.0,190.0,False,1987,2002,16,Early-3PT,1,6.9888906,5.993892,1.411985352182416,-1.5300276092685732,-1.2250043767378846,-0.0725432032488307,-0.08177531551087575
curryed01,Eddy Curry,C,84.0,295.0,False,2002,2013,11,Dead-Ball,-1,3.4025192,9.627879,-0.341613607152365,0.8578299242318611,-0.46709691018284927,-0.7871683164686692,0.8739224892415134
currymi01,Michael Curry,SG,77.0,210.0,False,1994,2005,11,Expansion-90s,4,5.8634124,8.280821,-0.9475048250155509,-1.0287075191506814,-0.18969289338444276,0.02000873815978653,0.30987807118982663
curryse01,Seth Curry,SG,73.0,185.0,False,2014,2026,12,Modern,1,7.209876,7.001098,0.16705965808717887,-1.6197274228663916,-0.5090805959056274,0.04855679219091329,0.24162682890191506
curryst01,Stephen Curry,PG,74.0,185.0,False,2010,2026,17,Dead-Ball,11,6.9926467,4.268224,5.449193899000702,-0.010871217576779085,-0.5924188462872065,0.7697651981144674,0.44714418337702416
dailequ01,Quintin Dailey,SG,75.0,180.0,False,1983,1992,10,Early-3PT,-1,7.8852706,2.7753103,0.283867759961489,-0.33823916560250733,0.5405912854716808,-1.0323237067855182,0.145066195530746
dalemsa01,Samuel Dalembert,C,83.0,255.0,False,2002,2015,13,Dead-Ball,7,1.266842,5.5756397,-0.7449662750445196,2.464478397962164,-0.09992329720353335,0.36823520848409586,-0.29025848209037075
dampier01,Erick Dampier,C,83.0,265.0,False,1997,2012,16,Expansion-90s,7,0.6000202,6.124098,-1.0077778958897807,2.005139761553067,-0.07329503000902643,0.3091992322298589,-0.0026252841248445014
dandrbo01,Bob Dandridge,SF,78.0,195.0,True,1970,1982,13,Pre-3PT,5,6.559251,2.792493,0.9014331603833385,0.4526481734700559,0.22488930263857881,-0.2602588620265122,-0.1599983919687223
daniean01,Antonio Daniels,PG,76.0,195.0,False,1998,2011,13,Expansion-90s,6,8.889678,6.9463806,0.5335042419088236,-0.6317949690563719,0.008572799165840875,0.4974029957071736,1.032461541407544
daniell01,Lloyd Daniels,SG,79.0,205.0,False,1993,1998,5,Expansion-90s,10,6.6065016,8.051816,-0.6459860302342113,-2.183952387795801,-0.3246851066908815,-0.446134703998075,-1.0167942066309352
daniema01,Marquis Daniels,SG,78.0,200.0,False,2004,2013,10,Dead-Ball,4,4.9719944,8.365216,-0.10927697662118854,-0.004730570752769975,0.5285211920637184,0.02148917183516861,-0.0103797229894807
danieme01,Mel Daniels,C,81.0,220.0,True,1968,1977,9,Pre-3PT,5,3.908496,3.03217,0.6445533434087725,1.6513025400113612,-0.06982934945708077,-0.6127781429754904,-0.9981332271382937
danietr01,Troy Daniels,SG,76.0,200.0,False,2014,2020,7,Modern,1,6.646796,7.495698,-0.4506346238755561,-2.416135316257952,-1.085121680218236,-0.4979533025599251,0.061015741878621105
dantlad01,Adrian Dantley,SF,77.0,208.0,True,1977,1991,15,Pre-3PT,-1,6.488243,2.8648987,2.421327254844097,1.2905256613963356,-0.3512265479029466,-0.8767711285010671,0.684880850098506
daughbr01,Brad Daugherty,C,84.0,245.0,False,1987,1994,8,Early-3PT,5,4.709363,3.0103528,2.024004364437907,1.7977066745002739,-0.16392571617578333,-0.31822439027578064,-0.04328675696737211
davisan01,Antonio Davis,PF,81.0,215.0,False,1994,2006,13,Expansion-90s,9,2.0131614,5.84983,-0.4599476035600545,1.5246914019047253,0.2827050953698061,-0.610876978469989,-0.10383617715032906
davisan02,Anthony Davis,PF,82.0,253.0,False,2013,2026,14,Modern,11,4.1733556,3.5559254,2.79815348720222,3.487416208949276,0.2553564229163238,-0.47930270066435543,-1.0167577830638295
davisba01,Baron Davis,PG,75.0,209.0,False,2000,2012,13,Dead-Ball,0,8.686022,4.75648,3.065152943580711,-0.46138065000330797,1.3137387789879391,0.8589628862470873,-0.3334893368224092
davisbr01,Brad Davis,PG,75.0,180.0,False,1978,1992,15,Pre-3PT,6,8.204787,8.530022,0.06122383651118363,-0.9225161936155694,-0.28955246846314253,0.8926595578691444,1.089290412230316
davisch02,Charles Davis,SF,79.0,215.0,False,1982,1990,8,Early-3PT,10,5.0395446,10.313026,-1.2579886077398796,-0.697260191336067,0.08415368387229717,-0.609507026017879,-0.023520027614202188
davisda01,Dale Davis,C,83.0,230.0,False,1992,2007,16,Expansion-90s,7,1.2576977,5.8207903,-0.719424957041916,2.2658723752712824,-0.3500232951756358,0.36395971229004564,-0.09210241014758333
davised01,Ed Davis,PF,81.0,218.0,False,2011,2022,12,Dead-Ball,7,1.3430531,5.971841,-1.0699647995171617,2.4380284970385366,-0.5138407644990503,0.5717385457109609,0.4753980697157425
davisem01,Emanual Davis,PG,76.0,195.0,False,1997,2003,6,Expansion-90s,1,7.9477386,7.5749235,-0.2773005718623703,-1.7209010442100563,-0.17901575085453075,0.7624088115131256,0.1270039962837205
davisgl01,Glen Davis,PF,81.0,289.0,False,2008,2015,8,Dead-Ball,9,2.4751048,6.394892,-0.5985510372473765,0.8243800468372572,0.49784793895684415,-0.5639060598179316,-0.135291972395506
davishu01,Hubert Davis,SG,77.0,183.0,False,1993,2004,12,Expansion-90s,1,7.013767,7.674068,-0.2212554129650228,-1.7993605465271882,-0.25558330239446053,-0.038107329616054036,0.22881640126407754
davisjo01,Johnny Davis,SG,74.0,170.0,False,1977,1986,10,Pre-3PT,6,8.428238,3.376348,0.5436896286298374,-0.5825162839744232,0.4273845110395294,-0.20149256982384908,0.634180865129206
davisma02,Mark Davis,SF,79.0,210.0,False,1996,2000,5,Expansion-90s,-1,3.8946915,8.500186,-1.3000574387631287,0.08147096165979487,0.9123633314965349,0.20996737197772414,-0.5232716761600176
davisri01,Ricky Davis,SG,78.0,195.0,False,1999,2010,12,Expansion-90s,3,7.293151,4.2525945,1.4135062803482121,-0.49462020896233816,0.20994202853872201,-0.382055848140309,0.06149222504052694
daviste01,Terry Davis,PF,81.0,225.0,False,1990,2001,10,Expansion-90s,8,1.4665574,6.886937,-1.677826022116095,1.1129699755701925,-0.13077824583213118,-0.2499952920254769,0.46101175965666424
daviste02,Terence Davis,SG,76.0,201.0,False,2020,2025,5,Post-COVID,10,6.626337,8.296067,-0.6812627080703146,-1.6560867069829508,0.13322806928107556,-0.5538584127215942,-0.7923652332490074
daviswa03,Walter Davis,SG,78.0,193.0,True,1978,1992,15,Pre-3PT,3,7.639479,3.0432024,1.6726867378208075,-0.09563187602529512,-0.12837789083707182,-0.4656817573165064,0.4531916321491231
dawkida01,Darryl Dawkins,C,83.0,251.0,False,1976,1989,14,Pre-3PT,-1,3.3779466,10.925578,-0.8987056691754003,0.6372700975794302,-0.04241010440693049,-0.21124493683562126,0.0397828363275253
dawkijo01,Johnny Dawkins,PG,74.0,165.0,False,1987,1995,9,Early-3PT,3,8.455073,3.376664,1.0424384566263278,-0.5770119020192457,0.3715759124603149,0.16646452020215183,0.7139828818711815
dayeau01,Austin Daye,SF,83.0,220.0,False,2010,2015,6,Dead-Ball,10,5.339101,7.4401226,-0.8149677851889359,-1.1731088581742604,-0.7260615862884913,-0.27518951191766716,-0.6365792507496701
dayeda01,Darren Daye,SF,80.0,220.0,False,1984,1988,5,Early-3PT,4,3.903674,10.23152,-0.7634364643150435,-0.14633647930801313,0.3554417158552562,0.4779551210791342,0.6135575654971034
dayto01,Todd Day,SG,78.0,188.0,False,1993,2001,8,Expansion-90s,1,6.9746304,5.919764,0.8452380481880579,-0.9258837379376287,-0.583212978463796,-0.1405480684840268,-0.5850324931281414
declean01,Andrew DeClercq,C,82.0,230.0,False,1996,2005,10,Expansion-90s,7,1.2321252,6.7430496,-1.5017271207441751,1.4604018846579598,0.027491152911971947,0.45997272657678245,0.3356596957784934
dedmode01,Dewayne Dedmon,C,82.0,245.0,False,2014,2023,10,Modern,7,0.673079,6.592015,-1.4800570055768816,1.360156943546905,-0.034102659634189195,0.09690465561153869,0.09856357032962382
deherte01,Terry Dehere,PG,74.0,190.0,False,1994,1999,6,Expansion-90s,1,7.498185,7.0708895,-0.019730916631543333,-1.7713119014957408,-0.16088115736278052,0.058455352737193184,0.078752821371776
dekkesa01,Sam Dekker,PF,81.0,230.0,False,2016,2022,5,Modern,4,4.108003,8.5125675,-1.4671416759720712,-0.1687109207892127,-0.23046591258525875,0.3914738259888114,-0.04392857667348399
delebi01,Bison Dele,C,83.0,260.0,False,1992,1999,8,Expansion-90s,9,1.5924876,5.062157,-0.07497968355444701,1.8355179611607688,0.14765368212410424,-0.18008610811206463,0.25131907454723146
delfica01,Carlos Delfino,SF,78.0,230.0,False,2005,2013,8,Dead-Ball,1,5.8780227,6.1244903,0.5045193527752183,-1.0942431422817285,-0.5894726245420927,0.612411167884674,-0.867127481051269
delkto01,Tony Delk,PG,73.0,189.0,False,1997,2006,10,Expansion-90s,1,7.374107,6.980901,0.3900809187880557,-1.1032999804727288,-0.325309824970125,-0.020894330282351714,0.20959353353872837
dellama01,Matthew Dellavedova,PG,75.0,200.0,False,2014,2023,9,Modern,6,8.223705,8.020433,-0.602156817318198,-1.8913088450898714,1.1415640724005618,0.14061734005555743,0.5156731687063021
delnevi01,Vinny Del Negro,PG,76.0,185.0,False,1989,2002,12,Early-3PT,6,8.924899,7.229381,0.323618910454134,-1.0784725935258859,0.18723141221580264,-0.23022244522368537,0.6742548625845741
denglu01,Luol Deng,SF,81.0,237.0,False,2005,2019,15,Dead-Ball,3,6.098164,3.6595383,1.3959113957510942,0.4504335454459457,-0.18897714564038692,-0.2537113792503304,-0.465461952198247
derozde01,DeMar DeRozan,SG,78.0,220.0,False,2010,2026,17,Dead-Ball,-1,6.701048,3.7189622,3.220487520590022,0.9893405026963124,0.5078193004378861,-1.3936768856682455,0.39344076455697136
diallch01,Cheick Diallo,PF,80.0,219.0,False,2017,2022,5,Modern,7,2.2757704,6.5681524,-1.4405733607046736,1.6149846391369924,-0.23069735390902513,-0.6719186345681403,0.8100574249124202
diallha01,Hamidou Diallo,SF,77.0,202.0,False,2019,2024,6,Modern,5,4.500083,8.188954,-0.4292436050268692,0.6895236259361648,0.6581807259285327,0.45407035826683895,-0.4198082799103156
diawbo01,Boris Diaw,PF,80.0,250.0,False,2004,2017,14,Dead-Ball,9,4.4690037,3.7706618,0.5481457150525095,0.37645691793087577,-0.012810240452231877,0.49675173396868555,0.5812257286206588
dickada01,Dan Dickau,PG,72.0,190.0,False,2003,2008,6,Dead-Ball,6,8.219002,8.192536,-0.42455142804236673,-1.8754540950751668,1.0111155818492472,0.09128048096751903,0.00856484415798267
dickemi01,Michael Dickerson,SG,77.0,190.0,False,1999,2003,5,Expansion-90s,-1,7.0987296,5.930524,1.027707910952292,-1.3910434477495361,-0.31005111807831676,-0.2922894164736659,-0.16628437972788151
dienetr01,Travis Diener,PG,73.0,175.0,False,2006,2010,5,Dead-Ball,10,7.4183917,8.09325,-0.5897232530389032,-2.312136739626858,-0.15723342760676387,0.8855169955434035,-0.2946743186579386
dienggo01,Gorgui Dieng,C,82.0,252.0,False,2014,2023,10,Modern,9,2.5535145,10.162839,-0.24085367166459004,0.9248719744136807,-0.43061794397292413,0.4728631473571355,0.09871409185717328
dierkco01,Connie Dierking,C,81.0,222.0,False,1959,1971,10,Pre-3PT,4,5.0894327,10.376481,-0.7471830280953978,-0.5074379831277711,0.009765293839224476,-0.28014837466646164,-0.2965856688605371
dietrco01,Coby Dietrick,C,82.0,220.0,False,1971,1983,13,Pre-3PT,2,3.4207203,10.175735,-1.1148128407011852,0.08982630988053117,0.10502241587780016,0.7303124568117889,-0.4028048298411488
dinwisp01,Spencer Dinwiddie,PG,77.0,215.0,False,2015,2025,11,Modern,6,9.064381,5.5032887,1.0282663545832649,-0.7155675735739169,0.7961377294162424,0.10838015485791244,0.317176961064071
dioguik01,Ike Diogu,PF,80.0,250.0,False,2006,2012,6,Dead-Ball,8,2.367722,7.4643545,-1.017118914381293,0.4864593409409834,-0.203968078112144,-1.1887215105646944,0.7137669861438753
diopde01,DeSagana Diop,C,84.0,300.0,False,2002,2013,12,Dead-Ball,8,1.2977787,7.6266055,-2.5230987405166503,1.05280559022433,0.8821697697125026,0.6964167903570233,-0.8821858789362909
divacvl01,Vlade Divac,C,85.0,243.0,True,1990,2005,16,Expansion-90s,5,4.127232,3.6101263,1.0672897100528382,2.1512766597322748,0.34323934785889393,0.8506761292631394,-0.3171203936407642
divindo01,Donte DiVincenzo,SG,76.0,203.0,False,2019,2026,8,Modern,-1,6.4564633,6.0040812,0.7410157107241191,-1.212992015103907,-0.3082986768316507,0.8813568652929835,-0.6252719221763878
dixonju01,Juan Dixon,SG,75.0,164.0,False,2003,2009,7,Dead-Ball,6,7.3711214,7.1620936,0.26415945612037656,-1.381195426965565,0.27066351887442014,-0.3591751482481963,0.3367198059808907
doleami01,Michael Doleac,C,83.0,262.0,False,1999,2008,10,Expansion-90s,8,2.3546212,7.57189,-1.3396493828590088,0.25970051436837294,0.054158064749347465,-0.5315579192692009,0.19566962523837925
donalja01,James Donaldson,C,86.0,275.0,False,1981,1995,14,Early-3PT,9,2.7396405,10.540948,-0.4291143380962279,1.0500306314718681,-0.8697746759802439,0.3697023551321883,0.16122725763962067
doncilu01,Luka Dončić,PG,80.0,230.0,False,2019,2026,8,Modern,11,6.8616037,3.8918731,5.2815760123001,1.1820655469221284,0.9372101979261904,0.09696422453518072,-0.09616009291506017
doolike01,Keyon Dooling,PG,75.0,196.0,False,2001,2013,13,Dead-Ball,6,8.166614,7.5863004,0.07684654922242218,-1.396369432204254,0.29669131295389245,0.05534449372631553,0.590775428955839
dortlu01,Luguentz Dort,SF,76.0,220.0,False,2020,2026,7,Post-COVID,1,6.7255325,7.330309,0.1294645159947896,-1.1426764770036504,-0.18557769876267183,-0.14975884671047246,-0.9864401879200273
dosunay01,Ayo Dosunmu,SG,76.0,200.0,False,2022,2026,5,Post-COVID,-1,7.2840123,4.861204,0.8984151144902408,-0.41699539731708907,-0.01242714341517949,0.18465709017576756,0.5436413720953409
dotsoda01,Damyean Dotson,SG,77.0,210.0,False,2018,2022,5,Modern,10,6.3024497,7.913457,-0.7214176140231943,-1.3113909040694367,-0.43053135794223035,-0.4808238192925569,0.3855050755461583
douglch01,Chris Douglas-Roberts,SF,79.0,200.0,False,2009,2015,6,Dead-Ball,4,5.913076,8.653321,-0.8518315043573115,-0.9002875242832751,0.04388550232679174,-0.24332331260383075,-0.20009780208314365
douglle01,Leon Douglas,C,82.0,230.0,False,1977,1983,7,Pre-3PT,-1,3.545216,10.643334,-1.5068288594382853,0.5464536006291248,-0.5014354979324457,0.19129014995494126,0.32676691909665745
douglsh01,Sherman Douglas,PG,72.0,180.0,False,1990,2001,12,Expansion-90s,6,9.59892,8.428763,1.0095958259791782,-0.21402435181052917,1.0557730385809228,0.318033347638054,1.2605127540724708
douglto01,Toney Douglas,PG,74.0,195.0,False,2010,2017,8,Dead-Ball,6,8.030468,7.333745,0.13821545941025254,-1.3913391826330916,-0.00936372713150481,0.635657563313578,-0.004274078812564169
doziepj01,PJ Dozier,SG,78.0,212.0,False,2018,2025,7,Modern,10,5.746085,8.496129,-1.4324268420898645,-0.9993890245004022,0.0469899368343505,-0.11694227762012463,-0.48759262007012955
dragigo01,Goran Dragić,PG,76.0,190.0,False,2009,2023,15,Dead-Ball,-1,9.010717,5.21864,1.4372869070395768,-0.6379863923260639,0.3768362068227799,0.1904419680917264,0.6275421553563754
dreilgr01,Greg Dreiling,C,85.0,250.0,False,1987,1997,10,Early-3PT,2,3.7747414,9.843387,-1.6884404360145662,-0.04146954819516402,-0.4176350839509938,-0.05020784238752726,0.4526800533864934
drewbr01,Bryce Drew,PG,74.0,185.0,False,1999,2004,6,Expansion-90s,10,7.9609585,7.981435,-0.6850655113317655,-2.0921380896542643,0.37682612735317816,0.2731225466418866,0.1686108944349645
drewjo01,John Drew,SF,78.0,205.0,False,1975,1985,11,Pre-3PT,-1,6.5104766,3.05613,1.8002481646548851,1.1278879570401312,0.054570261536411216,-1.1017518231295234,-0.18430243292632614
drewla01,Larry Drew,PG,73.0,170.0,False,1981,1991,10,Early-3PT,6,8.494077,3.3634872,0.813981011694666,-0.6544311450914287,0.6137211976482637,0.09573723831485681,0.5594080738811216
drexlcl01,Clyde Drexler,SG,79.0,210.0,True,1984,1998,15,Early-3PT,-1,6.5761595,4.093691,3.801239365052645,0.6107932146997972,-0.05563614103026713,0.6903853609806502,-0.7891110603969327
drumman01,Andre Drummond,C,83.0,279.0,False,2013,2026,14,Modern,7,1.1697208,5.2380886,-0.256607306568948,3.5674439693737643,0.7662981729948648,0.4569282651660388,-1.0869721093676499
duckwke01,Kevin Duckworth,C,84.0,275.0,False,1987,1997,11,Early-3PT,2,1.9991052,7.5718713,-0.7954360345760361,0.3674955709495975,0.23968625564900226,-0.9551351969597361,-0.0024135538322584693
dudlech02,Chris Dudley,C,83.0,235.0,False,1988,2003,16,Early-3PT,8,1.3962935,7.672544,-2.3848701727556683,1.1626750851950223,0.6320272005297017,-0.07252674342195073,-1.0460026504395454
dudleja01,Jared Dudley,PF,78.0,237.0,False,2008,2021,14,Dead-Ball,1,5.4667788,6.4103556,0.16489027384688226,-0.8359795356611063,-1.0549233570418441,0.5822441293526981,0.0008554644072184814
duhonch01,Chris Duhon,PG,73.0,185.0,False,2005,2013,9,Dead-Ball,6,8.510402,7.2615786,0.4309627506493697,-1.6717390907582304,0.48889439099904225,1.330327117672577,0.2743718925486157
dumarjo01,Joe Dumars,SG,75.0,190.0,True,1986,1999,14,Early-3PT,-1,7.2034993,4.9817986,2.6203964360621486,-1.2159788604227224,-0.6884182708245251,-0.07131151724292734,0.3707054628834764
duncati01,Tim Duncan,C,83.0,250.0,True,1998,2016,19,Expansion-90s,11,4.2421727,3.5414193,2.9346841400990575,3.7501574744949875,-0.022108770371479042,0.04383569385865485,-0.8394425341892142
dunlemi01,Mike Dunleavy,PG,75.0,180.0,False,1977,1990,11,Pre-3PT,1,7.9724383,6.5023565,0.3140471602533051,-1.736745076615133,-0.6075745044157166,0.6145328311812798,0.7460175422618283
dunlemi02,Mike Dunleavy,SF,81.0,230.0,False,2003,2017,15,Dead-Ball,1,6.1845684,5.243055,0.9716882425337261,-0.6750683450150828,-0.8673354546381356,0.08424408150936262,-0.2365102698981586
dunnkr01,Kris Dunn,PG,75.0,205.0,False,2017,2026,10,Modern,6,9.5168085,8.10705,-0.09365161008729742,-0.38126244101786255,1.7272319620284136,0.8502898883914592,-0.22335643836553376
dunntr01,T.R. Dunn,SG,76.0,192.0,False,1978,1991,14,Pre-3PT,4,4.0575905,9.896001,-1.192400755200094,-0.20416779191886184,-0.11718744323416487,0.8213610651976896,-0.07583235539208127
duprero01,Ronald Dupree,SF,79.0,209.0,False,2004,2011,6,Dead-Ball,10,5.4708776,8.7362,-1.8747271699781307,-0.3987589555099074,0.3300269965498262,-0.42673502259230645,-0.5208080958578523
duranke01,Kevin Durant,SF,83.0,240.0,False,2008,2026,18,Dead-Ball,11,5.7551627,3.607121,5.31722596543753,1.9887586377534758,-0.84002523453631,-0.4995276865859589,0.0856519719793736
eacklle01,Ledell Eackles,SG,77.0,220.0,False,1989,1998,7,Early-3PT,1,7.072242,6.557669,0.423212278621858,-0.8884460085801021,-0.42716660455725913,-0.8757899006755249,0.2882724450881647
eatonma01,Mark Eaton,C,88.0,275.0,False,1983,1993,11,Early-3PT,-1,2.716301,10.016889,-0.8203564681201836,1.622374906938931,-0.3210586672344243,1.271786308965392,-1.4796257737758531
edwaran01,Anthony Edwards,SG,76.0,225.0,False,2021,2026,6,Post-COVID,-1,6.812308,3.8026075,3.4551746894404762,0.3041450581379572,0.5186806153839617,-0.5999392900430274,-1.075960315997627
edwarbl01,Blue Edwards,SF,76.0,200.0,False,1990,1999,10,Expansion-90s,4,7.0656524,5.115002,0.5274957922593848,-0.4324443169737675,-0.20104035993881775,-0.05233018229840055,0.034817709424737525
edwarfr01,Franklin Edwards,PG,73.0,170.0,False,1982,1988,7,Early-3PT,6,8.741642,9.005049,-0.46438973594213756,-0.8117847826395604,0.8901901081793022,0.21189219172444498,0.4582882641736044
edwarja01,James Edwards,C,85.0,252.0,False,1978,1996,19,Pre-3PT,9,3.3698907,11.119335,-0.4761948674178802,0.383864019827747,-0.28850012914353784,-0.8057520585894986,0.16841475575100875
edwarke01,Kevin Edwards,SG,75.0,190.0,False,1989,2001,11,Early-3PT,6,7.136534,7.7576756,0.26976422800944583,-1.2757845528933909,0.6251541785330393,-0.19467825736434916,-0.6663230248634116
ehlocr01,Craig Ehlo,SG,78.0,180.0,False,1984,1997,14,Early-3PT,1,5.881837,6.1124063,0.40999943826214064,-0.9217554912150423,-0.625039103011927,0.6248801243021759,-0.7019247212979851
eisleho01,Howard Eisley,PG,74.0,177.0,False,1995,2006,12,Expansion-90s,6,8.461001,7.6783533,-0.035227239702035146,-1.705765950020081,0.7793351599360652,0.4874578050555175,0.3487831487960496
eliema01,Mario Elie,SF,77.0,210.0,False,1991,2001,11,Expansion-90s,1,6.4005604,5.8380895,0.8190476110967793,-0.6630892827484026,-0.8854987286715018,0.6766280837379975,0.46960832118465734
ellenhe01,Henry Ellenson,PF,82.0,240.0,False,2017,2021,5,Modern,10,4.8136764,8.127352,-1.5810771769938976,-0.8215009698872969,-0.26846922158560077,-0.9556955991745985,-0.8231007583444307
ellinwa01,Wayne Ellington,SG,76.0,207.0,False,2010,2022,13,Dead-Ball,1,6.551583,6.5600758,0.4314072841060796,-1.9030247390140145,-1.4331956109063049,0.12033020744151623,0.11469097059922556
elliose01,Sean Elliott,SF,80.0,205.0,False,1990,2001,12,Expansion-90s,3,6.2343907,4.6066217,1.3043418081608096,-0.27604510352165235,-0.5832654053520775,-0.27320914822031583,-0.3647062968686287
ellisda01,Dale Ellis,SG,79.0,205.0,False,1984,2000,17,Early-3PT,-1,6.206081,5.45937,1.7498126330558494,-1.3224000602731432,-1.998125228748942,-0.45015941559196104,-0.10882882299031987
ellisla01,LaPhonso Ellis,PF,80.0,240.0,False,1993,2003,11,Expansion-90s,9,3.3528094,5.1974297,0.3699095788989349,0.5368456406903148,-0.3365194011173291,-0.7307275515798369,-0.37284486375100295
ellisle01,Leroy Ellis,C,83.0,210.0,False,1963,1976,14,Pre-3PT,-1,3.7650003,10.47354,-0.47115735312243734,0.09274174893376033,-0.40757446503434785,-0.07845483574139517,-0.3451091625464584
ellismo01,Monta Ellis,SG,75.0,185.0,False,2006,2017,12,Dead-Ball,0,7.604866,4.0893173,2.503743791444551,-0.06965966336280453,1.1049961462725801,-0.43437532844020976,-0.0844614738730877
ellispe01,Pervis Ellison,C,81.0,210.0,False,1990,2001,11,Expansion-90s,7,0.855035,6.1474466,-0.8423695667480708,1.5565816202464373,0.2106976344847703,0.13652775965752265,0.0342282567682468
elmorle01,Len Elmore,C,81.0,220.0,False,1975,1984,10,Pre-3PT,2,3.315343,10.208913,-1.3191877264147889,0.016547671887123777,-0.10504266853248563,0.4233315742557746,-0.8366244031681376
elsonfr01,Francisco Elson,C,84.0,235.0,False,2004,2012,9,Dead-Ball,8,2.23044,7.848829,-1.998283082789782,0.19632658032406566,0.7000029294932051,-0.4414729150911343,-0.06875418738368794
elyme01,Melvin Ely,C,82.0,260.0,False,2003,2014,9,Dead-Ball,8,1.8544991,7.6807656,-1.993903230148241,0.6940198306367134,0.8374186468115082,-0.6499024927046269,0.31396861668845877
embiijo01,Joel Embiid,C,84.0,280.0,False,2017,2026,10,Modern,11,4.3934216,3.5487351,3.6913745996356027,3.079653411256036,0.5244558560744983,-0.9366509452285985,-0.5962523133352313
englech01,Chris Engler,C,83.0,245.0,False,1983,1988,5,Early-3PT,2,4.136635,10.73241,-2.1823703491069177,0.01469624487027349,-0.23303273256343404,-0.4644435626019936,-0.5382969751992963
englial01,Alex English,SF,80.0,190.0,True,1977,1991,15,Pre-3PT,3,6.6612616,2.8061745,1.9245133722024894,0.8677461617000383,-0.21321709849552034,-0.8908024740302802,0.254914001286711
ennisja01,James Ennis III,SF,78.0,215.0,False,2015,2022,8,Modern,4,4.832467,8.326573,-0.6775033793018084,-0.5183609279054242,-0.6950727285495396,0.1525607083381372,-0.17935902708351625
ervinju01,Julius Erving,SF,79.0,210.0,True,1972,1987,16,Pre-3PT,11,5.0724297,3.2229197,3.6594268829546723,2.075026114600052,-0.21946963800431354,0.4880973615098213,-0.9200887752288536
eubandr01,Drew Eubanks,C,82.0,245.0,False,2019,2026,8,Modern,7,0.9633546,6.0572934,-0.9421365114259554,1.869829623252442,-0.5158879504440383,0.22575638396200085,1.1953680075512634
evansje01,Jeremy Evans,SF,81.0,200.0,False,2011,2018,7,Dead-Ball,7,1.1899515,5.81834,-1.0087622675572727,1.7329944383251679,-1.5993815667841444,1.01336853069393,1.4747648026812594
evansma01,Maurice Evans,SG,77.0,220.0,False,2002,2012,9,Dead-Ball,1,6.1310205,7.066055,-0.20638623069900205,-0.9214297897761619,-0.8976569069973246,-0.17391034793080898,0.1898041304208404
evansmi01,Mike Evans,PG,73.0,170.0,False,1980,1988,9,Early-3PT,6,8.011061,9.419646,-0.3188156122529118,-1.0773834810796807,0.3017552972389883,0.07452764989499647,0.42205781862957714
evansre01,Reggie Evans,PF,80.0,245.0,False,2003,2015,13,Dead-Ball,8,1.7931448,6.9650292,-1.8363808815061784,1.6269094786799254,0.5104464069091521,0.18337917550391072,-0.32177089176681206
evansty01,Tyreke Evans,SG,78.0,220.0,False,2010,2019,10,Dead-Ball,5,7.679718,4.1309695,1.8236170625465342,-0.0313993460035403,0.7719689701687,-0.11381823559574693,-0.48565939631889327
ewingpa01,Patrick Ewing,C,84.0,240.0,True,1986,2002,17,Early-3PT,11,3.991304,3.5330236,1.9445059558250217,3.0998608633916516,0.2125090022269409,-0.43701985533121535,-1.0893622163599879
exumda01,Dante Exum,PG,77.0,214.0,False,2015,2025,8,Modern,4,8.241698,9.23013,-0.6688384471564881,-0.7154813581580645,0.41038069796542537,0.2735566919381256,0.6322802731591384
farieke01,Kenneth Faried,PF,80.0,220.0,False,2012,2019,8,Modern,-1,2.2534323,5.478984,-0.29690165346654396,2.5567507324771572,-0.17768779490973,-0.44798266382219953,0.4214225482709702
farmajo01,Jordan Farmar,PG,74.0,180.0,False,2007,2017,10,Dead-Ball,6,8.237883,7.133698,0.6658564852555733,-1.6770491142334958,0.22941457849371394,0.7163141161531705,0.2599236011930965
farmeji01,Jim Farmer,SG,76.0,190.0,False,1988,1994,5,Early-3PT,10,6.72533,9.641021,-1.207511548789082,-1.1505854219551266,0.32096420798298664,-0.9285976636320331,0.26276409473681483
favorde01,Derrick Favors,PF,81.0,265.0,False,2011,2022,12,Dead-Ball,-1,1.709603,5.060625,0.10821594468787876,2.432955818924896,-0.413597904633449,0.12971313854938823,0.04936725852809706
feickja01,Jamie Feick,C,80.0,255.0,False,1997,2001,5,Expansion-90s,2,4.0143623,10.867604,-1.624646727263572,0.2955554793534476,-0.3529280364523285,-0.3213475418902184,-0.8249618247582007
feitlda01,Dave Feitl,C,83.0,235.0,False,1987,1992,5,Early-3PT,2,4.3564734,10.6138315,-1.658129968230175,-0.1846410853910162,0.010814930360522404,-0.7654053030885808,0.07001501592758132
feliccr01,Cristiano Felício,C,83.0,270.0,False,2016,2021,6,Modern,7,1.3912297,6.5597167,-1.9364098816461939,1.8661169379513656,0.23548131459608562,0.2842609873479791,1.1754746309841722
feltora01,Raymond Felton,PG,73.0,205.0,False,2006,2019,14,Dead-Ball,-1,9.02884,5.57127,1.5185846063402322,-0.8872483208334304,1.0593768915295767,0.5166531189133502,0.2149818156087826
fernabr01,Bruno Fernando,C,81.0,240.0,False,2020,2025,6,Post-COVID,7,1.1026547,6.977894,-2.1989145200089695,1.9709515029241176,0.4494274072446211,0.02218256224424294,0.3855761052739718
fernser01,Eric Fernsten,C,82.0,205.0,False,1976,1984,6,Pre-3PT,2,4.3221307,10.010709,-2.011021530885177,-0.5827329414916507,-0.2745613831252363,0.17059711745376352,-0.10065967954505423
ferredu01,Duane Ferrell,SF,79.0,209.0,False,1989,1999,11,Early-3PT,10,5.84789,8.665835,-1.0787643019056004,-0.742156720435549,0.15912431157078372,-0.587778479268003,-0.48417745980634047
ferreyo01,Yogi Ferrell,PG,72.0,178.0,False,2017,2021,5,Modern,6,8.174651,8.007996,-0.05910245985666093,-1.3871723306201733,0.6098407946180717,0.04165194642928355,0.023551019633002435
ferryda01,Danny Ferry,PF,82.0,230.0,False,1991,2003,13,Expansion-90s,1,5.163403,6.55125,0.19477318490071877,-1.0178060237463562,-1.2089319072765476,-0.09023409885064601,0.06857489448399931
fesenky01,Kyrylo Fesenko,C,85.0,288.0,False,2008,2012,5,Dead-Ball,8,1.0365009,7.328096,-2.5401426356678307,1.5685682873412246,0.4803745431298469,0.5280893110633412,-0.27803499355441497
fieldla01,Landry Fields,SF,79.0,210.0,False,2011,2015,5,Dead-Ball,4,4.223856,8.321885,-0.595855481001677,0.07760002925134765,-0.08707668866290674,0.5111057769981424,0.0040661963284906455
finlemi01,Michael Finley,SF,79.0,215.0,False,1996,2010,15,Expansion-90s,3,6.380154,4.58708,1.830133488650608,-0.5310372719057076,-0.8869508207407654,-0.40098424005767874,-0.025110530044041235
finnedo01,Dorian Finney-Smith,PF,79.0,220.0,False,2017,2026,10,Modern,1,5.353508,6.7726965,-0.26811027772241663,-0.9833073323048575,-1.0816342010026487,0.5266144121869266,-0.6005333285556844
fishede01,Derek Fisher,PG,73.0,200.0,False,1997,2014,18,Expansion-90s,6,8.24435,7.13249,0.6496003959304895,-1.5810504650235313,0.07160363761660572,0.6702678047890405,0.01050243530530598
fizerma01,Marcus Fizer,PF,81.0,262.0,False,2001,2006,6,Dead-Ball,9,3.105105,6.418827,-0.46475883982791116,0.4380958987615423,0.37208648991407206,-1.585631972349958,0.34843828424933637
flemive01,Vern Fleming,PG,77.0,185.0,False,1985,1996,12,Early-3PT,3,8.071353,3.2879195,0.8372229552114974,0.11679086742194086,0.33862455777730366,0.2513090598687352,0.5830654095359733
floydsl01,Sleepy Floyd,PG,75.0,170.0,False,1983,1995,13,Early-3PT,3,8.422021,3.5888824,1.1724605539868622,-0.47924603229812246,0.4542595544923396,0.04651784733726391,0.21176625278785505
flynnma01,Malachi Flynn,PG,73.0,185.0,False,2021,2025,5,Post-COVID,10,8.180456,8.342767,-0.8048289243827909,-1.4964679281199291,0.8675503881934913,0.04765274367277983,0.1421067251412782
forbebr01,Bryn Forbes,SG,74.0,205.0,False,2017,2023,7,Modern,1,6.7951455,7.3435936,-0.07416180188915461,-1.9968346200493519,-0.5838073532602626,-0.6852741191622459,0.42333897443695295
fordch01,Chris Ford,SG,77.0,190.0,False,1973,1982,10,Pre-3PT,1,8.173609,6.243325,0.5438119048636267,-1.0373289427611538,-0.28250165690815937,0.7537631125151074,-0.18448896993066716
forddo01,Don Ford,SF,81.0,215.0,False,1976,1982,7,Pre-3PT,2,4.649086,9.994794,-1.391594523674252,-0.5921187550706594,-0.23368694950051017,0.15599216903376664,0.32542420195216193
fordph01,Phil Ford,PG,74.0,175.0,False,1979,1985,7,Pre-3PT,6,9.433413,8.786422,0.30121360737506336,-0.7092480908374583,0.8900067968346124,0.44133119779570507,0.7842050399598743
fordtj01,T.J. Ford,PG,72.0,165.0,False,2004,2012,8,Dead-Ball,6,9.400656,5.7464585,1.150772254365324,-0.4124664209087277,1.9561885589164696,0.24012073050695906,0.6725730058798995
fortsda01,Danny Fortson,PF,79.0,260.0,False,1998,2007,10,Expansion-90s,7,2.0436184,6.5221934,-0.8950210513527652,1.7954794316951144,-0.26128262043173556,-0.7040686107811368,0.6856796999362527
fostefr01,Fred Foster,SF,77.0,210.0,False,1969,1977,8,Pre-3PT,10,6.3991275,9.951023,-1.2193645793780905,-1.0883015985661184,0.03205551442242051,-0.7593787874006989,0.2864919552654607
fostegr01,Greg Foster,PF,83.0,240.0,False,1991,2003,13,Expansion-90s,2,2.7449193,8.026246,-1.5772231586269163,-0.15342832408778426,-0.1139573558181148,-0.7600129913088228,0.27134644146322884
fosteje01,Jeff Foster,C,83.0,236.0,False,2000,2012,13,Dead-Ball,7,1.341414,6.1497755,-1.1348030408792171,1.7447254699502952,-0.09523121708330579,0.7326009261340621,0.05923034536256283
fournev01,Evan Fournier,SG,78.0,205.0,False,2013,2024,12,Modern,1,6.9944,5.903306,0.7181652051499499,-1.1971042155796563,-0.15074210264021176,-0.2724713258921843,-0.2725511411665298
foxde01,De'Aaron Fox,PG,75.0,185.0,False,2018,2026,9,Modern,0,8.5082855,4.1619916,2.8656344668329057,0.347753907556568,1.4963178610186332,-0.36910804133608965,0.5369713343673821
foxri01,Rick Fox,SF,79.0,230.0,False,1992,2004,13,Expansion-90s,-1,6.1853766,5.244321,1.0411466050648615,-0.4674563130707369,-0.541322796226283,0.5396867462777302,-0.12216466021801015
foyera01,Randy Foye,SG,76.0,213.0,False,2007,2017,11,Dead-Ball,1,7.6753182,6.8302894,0.7010759413025964,-1.6255463464237538,-0.08650292894750404,0.016718500183536225,-0.14139268708030367
foylead01,Adonal Foyle,C,82.0,250.0,False,1998,2009,12,Expansion-90s,7,0.8047625,6.7074594,-1.9130211183730959,1.8664399702488985,-0.2716395428531183,0.6895813504743504,0.09880656764500333
francst01,Steve Francis,PG,75.0,195.0,False,2000,2008,9,Dead-Ball,0,8.568891,4.3296757,2.654849066900067,0.19858211050342636,1.45504906467673,0.11566738318448735,-0.27042199727058486
frankte01,Tellis Frank,PF,82.0,225.0,False,1988,1994,5,Early-3PT,2,4.1069517,10.307597,-1.1424200255750614,0.04953411398206389,0.14554432972644005,-0.03618178671813059,0.007240547446258294
fraziti01,Tim Frazier,PG,73.0,170.0,False,2015,2022,8,Modern,6,8.81371,8.53052,-0.9766322660773208,-1.2802219726296213,2.03937815265448,0.16338891926780094,0.2809546227192613
fredeji01,Jimmer Fredette,SG,74.0,195.0,False,2012,2019,6,Modern,4,7.7009525,8.815816,-0.41354100185337195,-1.2413942737835642,-0.0071337223041766235,-0.29502486124994076,0.9364725636755387
freemdo01,Donnie Freeman,SG,75.0,185.0,False,1968,1976,9,Pre-3PT,3,7.19405,2.8683367,1.5022048240620862,0.37079711712105357,0.3009543653915454,-0.9788993415473036,0.3713261602524063
freewo01,World B. Free,SG,75.0,190.0,False,1976,1988,13,Pre-3PT,3,7.4827747,3.2359064,1.9712081351716084,-0.049648512361015334,0.18067584344367849,-1.120462827114196,0.1978087756619665
fryech01,Channing Frye,C,84.0,255.0,False,2006,2019,13,Dead-Ball,1,4.9175234,6.4442983,0.24847067873433976,-0.42242917826649723,-1.4702385691075481,0.08857865807355739,0.28010256522529675
fulleto02,Todd Fuller,C,83.0,255.0,False,1997,2001,5,Expansion-90s,8,2.1394691,7.837906,-2.0770494568302684,0.5479910846222676,0.38750936894292937,-0.9240669325158248,0.010465024313733612
fultzma01,Markelle Fultz,PG,76.0,209.0,False,2018,2026,9,Modern,6,9.223885,8.269348,-0.32241392906364513,-0.25785789487290917,2.207480676884746,-0.3593807112955879,0.15918631211562873
fundela01,Lawrence Funderburke,PF,81.0,230.0,False,1998,2005,7,Expansion-90s,9,2.415081,6.4984965,-0.8854344408262402,1.0951900208038743,-0.6642909141654015,-0.6394490855733519,0.6677599230925346
gabriwe01,Wenyen Gabriel,PF,81.0,205.0,False,2020,2024,5,Post-COVID,-1,1.5685016,8.373375,-2.441607423361178,0.3725536142138952,0.2471297085105168,-0.042377043397059756,-0.5857890146783733
gadzuda01,Dan Gadzuric,C,83.0,240.0,False,2003,2012,10,Dead-Ball,8,1.3351994,7.5949354,-2.2739484939849817,1.3742996420792768,0.7423804648580145,0.007222876004308827,-0.7351077967428212
gaffoda01,Daniel Gafford,C,82.0,265.0,False,2020,2026,7,Post-COVID,7,1.1210577,5.305737,-0.48605276531596786,4.078906774909277,-0.46359960236461506,1.0606507962571898,0.8290244480714435
gaineco01,Corey Gaines,SG,75.0,195.0,False,1989,1995,5,Early-3PT,6,8.282185,8.9367285,-0.4852083884183491,-1.1944920902334046,0.5236292713100015,0.9292023643117597,0.7233086358803895
galemi01,Mike Gale,PG,76.0,185.0,False,1972,1982,11,Pre-3PT,6,9.807315,7.8610682,-0.07308910944018487,-0.31567563662906173,0.3902479397343382,1.4109043231452125,-0.10915436795551486
gallida01,Danilo Gallinari,SF,82.0,236.0,False,2009,2024,14,Dead-Ball,3,5.877692,4.9328303,1.5216036125104335,-0.29669036683972283,-1.3297791168866517,-0.2855301751878483,0.09957484250709737
gallola01,Langston Galloway,SG,73.0,200.0,False,2015,2022,8,Modern,10,7.135148,8.094521,-0.6307540649426892,-1.9899953521402536,0.27781948659560984,-0.37060923063183215,-0.4323069343112563
gamblke01,Kevin Gamble,SF,77.0,210.0,False,1988,1997,10,Early-3PT,1,6.485796,6.501409,0.2445805448909798,-1.4319023013143422,-0.7828107839541898,0.001588323501575735,-0.31394287877882254
garcifr01,Francisco García,SF,79.0,195.0,False,2006,2015,10,Dead-Ball,1,5.9713287,6.666844,0.20206352044124398,-1.185173523800617,-0.99755838155167,0.6226779577946049,-0.5243693849840849
garlada01,Darius Garland,PG,73.0,192.0,False,2020,2026,7,Post-COVID,-1,9.057176,5.0391912,2.5168102169938127,-0.9024391997006025,1.4245150700474196,-0.3942135514852697,0.6736679594749728
garlawi01,Winston Garland,PG,74.0,170.0,False,1988,1995,7,Early-3PT,6,9.488432,8.70188,0.2536332879297785,-0.7236872252144951,0.7271553903795327,0.22445414865960797,0.14264021874590924
garneke01,Kevin Garnett,PF,83.0,240.0,True,1996,2016,21,Expansion-90s,11,4.3672013,3.6410692,2.5372341934166367,2.406413548208843,-0.05948332385361846,0.15807544650146993,-0.5929379960037484
garrede01,Dean Garrett,C,83.0,250.0,False,1997,2002,6,Expansion-90s,8,1.7957146,7.7492824,-1.73263593792138,0.7512216420283229,0.04944494433327322,-0.13769448353608105,-0.3707139235835341
garrero01,Rowland Garrett,SF,78.0,210.0,False,1973,1977,5,Pre-3PT,2,5.0412145,10.12976,-1.093707903220136,-0.5533350115386879,-0.3899386909746247,-0.28387495781803024,0.17263099777703836
garripa01,Pat Garrity,PF,81.0,238.0,False,1999,2008,10,Expansion-90s,1,5.039652,6.931069,-0.3801672880973609,-1.510314367623386,-1.172076214145158,-0.3777575272050736,-0.0014243235999472914
garzalu01,Luka Garza,C,82.0,243.0,False,2022,2026,5,Post-COVID,8,1.1756468,6.184928,-0.712898297012722,0.8044864998294688,-0.8191896348168197,-0.6047622430487221,1.0562102515857563
gasolma01,Marc Gasol,C,83.0,255.0,False,2009,2021,13,Dead-Ball,5,4.196992,3.4668446,1.826669213243687,1.8887320712714224,0.007108928648254839,0.6499292079674762,-0.28602926678209567
gasolpa01,Pau Gasol,C,84.0,250.0,True,2002,2019,18,Dead-Ball,11,4.201285,3.5211933,1.8874922504591733,2.4912118743245752,-0.007188464510428955,-0.2246381778915255,-0.16493832383193047
gatlich01,Chris Gatling,PF,82.0,220.0,False,1992,2002,11,Expansion-90s,9,2.805171,5.471855,0.13679577524858927,1.4897076268821503,-0.1533372264962607,-0.8006100350602675,0.17869923790401984
gattike01,Kenny Gattison,PF,80.0,225.0,False,1987,1996,9,Early-3PT,-1,3.6021237,10.714888,-0.9046794830903322,0.23299352798267417,-0.1759614267192307,-0.22283115527449135,0.02733131243044279
gayru01,Rudy Gay,SF,80.0,250.0,False,2007,2023,17,Dead-Ball,3,6.6301684,3.7964265,1.847578814788576,0.5011241448504504,-0.12484862785647746,-0.6592836717082275,-0.585480289035246
geeal01,Alonzo Gee,SF,78.0,225.0,False,2010,2017,8,Dead-Ball,4,4.4374843,8.521308,-1.0505480138811285,-0.4326588965037152,0.201494858736938,0.28892749468676204,-0.45870605472671716
geigema01,Matt Geiger,C,84.0,243.0,False,1993,2002,10,Expansion-90s,9,1.6985748,6.6496863,-0.6869069000092465,1.1446743169766722,0.09578357864915264,-0.6616863558965538,0.10831594621553978
georgde01,Devean George,SF,80.0,220.0,False,2000,2010,11,Dead-Ball,4,5.5225897,7.480172,-0.5324220682266065,-1.0625810419712522,-0.5663894540063329,0.01529819091270275,-0.7708920317418808
georgpa01,Paul George,SF,80.0,220.0,False,2011,2026,16,Dead-Ball,-1,6.3777995,4.109679,3.4613087922508354,0.11469567686381968,-0.4157181407429174,0.23967591257989798,-1.0280779711198498
gervige01,George Gervin,SG,79.0,180.0,True,1973,1986,14,Pre-3PT,-1,6.543521,2.9365547,2.7393568742889642,1.1696066208908718,-0.3268528311228712,-0.8598875736942554,-0.16932337198684627
gibsoda01,Daniel Gibson,PG,74.0,190.0,False,2007,2013,7,Dead-Ball,1,7.9277444,7.0542655,0.38530336238141766,-1.8912252328535057,-0.5234919619913664,0.5360553118946509,-0.140409117916849
gibsota01,Taj Gibson,PF,81.0,232.0,False,2010,2026,17,Dead-Ball,9,1.6767974,6.238611,-0.44988168745870893,1.2270792426910944,-0.5642953384092547,-0.020250860988919032,0.33828441321613045
giddejo01,Josh Giddey,PG,79.0,216.0,False,2022,2026,5,Post-COVID,-1,8.569125,4.2750945,1.6762163749255548,0.6294318948095456,1.4651325322576343,0.21115676989528467,-0.35500173560576115
gilgesh01,Shai Gilgeous-Alexander,PG,78.0,195.0,False,2019,2026,8,Modern,11,5.967682,3.4650116,4.321103502641636,1.6861389331828858,0.8514453986194123,-0.04677222780874756,0.18011131902323121
gillan01,Anthony Gill,PF,79.0,230.0,False,2021,2026,6,Post-COVID,2,1.5171459,6.977851,-1.5368086138705015,0.37406185379333556,-0.5207011438715439,-0.15200086697596366,1.052461834174871
gilled01,Eddie Gill,PG,72.0,190.0,False,2001,2009,7,Dead-Ball,10,8.170404,8.353175,-1.0236337077971351,-2.124092270076844,1.0463702568361763,0.5585338615087334,-0.19693574903743455
gilliar01,Armen Gilliam,PF,81.0,230.0,False,1988,2000,13,Early-3PT,9,2.9966981,5.462488,0.3671454594710785,1.5370409124152247,0.07583035757143723,-1.0884927956993926,0.03645341277752372
gillke01,Kendall Gill,SG,77.0,195.0,False,1991,2005,15,Expansion-90s,5,7.54033,4.1759105,1.2589522585688588,-0.06078395976513287,0.6147116294801641,-0.1373683969445723,-0.6231646937719952
gilmoar01,Artis Gilmore,C,86.0,240.0,True,1972,1988,17,Pre-3PT,5,4.5029488,2.9629526,1.5409373653848015,2.354493362365543,-1.0827861040794362,0.415375608207584,-0.12717187100103156
ginobma01,Manu Ginóbili,SG,78.0,205.0,True,2003,2018,16,Dead-Ball,-1,6.6645246,4.54472,2.869278711412695,0.24308632919024328,-0.31251197619057847,1.2259245431839862,-0.3346112751134953
giricgo01,Gordan Giriček,SG,78.0,210.0,False,2003,2008,6,Dead-Ball,1,7.092836,6.966928,0.295026962384706,-1.1915110469606678,-0.17330535354931387,-0.8182883920504551,0.31343887049767705
glennmi01,Mike Glenn,SG,74.0,175.0,False,1978,1987,10,Pre-3PT,4,6.889608,10.051252,-0.31766838695281596,-0.5679679248402438,-0.8309276687706022,0.07465406581353613,1.0425169270049521
glovedi01,Dion Glover,SG,77.0,228.0,False,2000,2005,6,Dead-Ball,4,6.3778763,8.518266,-0.22930663557257838,-0.7077400981747621,0.44117082289800996,-0.26543202409108557,-0.4453705389883346
gminsmi01,Mike Gminski,C,83.0,250.0,False,1981,1994,14,Early-3PT,9,2.889734,6.0395813,-0.1690024235779644,0.7278608489580214,-0.22720542592438675,-0.5640279027348447,-0.41153410791891415
goberru01,Rudy Gobert,C,85.0,258.0,False,2014,2026,13,Modern,7,1.108336,5.264422,0.20796641468561533,4.663655261420331,-0.11348925698764432,1.3436405935133995,-0.47484134436979913
goldwan01,Anthony Goldwire,PG,73.0,182.0,False,1996,2006,8,Expansion-90s,10,7.803841,8.002002,-0.58049631774081,-2.15248301521929,0.14786130828154437,0.36326777668238464,0.11786267254648494
gomesry01,Ryan Gomes,SF,79.0,250.0,False,2006,2014,8,Dead-Ball,4,4.89588,7.3992076,-0.10904840292612594,-0.591543823623468,-0.25968823549147113,-0.7393383808358589,0.07446144020182578
gondrgl01,Glen Gondrezick,SF,78.0,218.0,False,1978,1983,6,Pre-3PT,2,3.6391723,9.777526,-0.8092721835606789,0.2517360722268438,-0.28442581090481567,0.719152919823929,-0.0018593468910646227
goodedr01,Drew Gooden,PF,82.0,250.0,False,2003,2016,14,Dead-Ball,9,2.923807,5.6200223,-0.029413259764098088,1.2298815710256334,0.23911459372019833,-1.0748229156344629,-0.07635029453723771
goodwjo01,Jordan Goodwin,PG,75.0,215.0,False,2022,2026,5,Post-COVID,10,7.8494596,8.530199,-1.221690982551768,-1.2764603616979289,1.6017914245097782,-0.43420366586685033,-1.1351709990448438
gordoaa01,Aaron Gordon,PF,80.0,235.0,False,2015,2026,12,Modern,9,4.9539514,3.9229524,0.7332968744610129,0.7407707861069741,-0.19275898842550399,-0.30901324911897143,-0.10169717346574086
gordobe01,Ben Gordon,SG,75.0,200.0,False,2005,2015,11,Dead-Ball,3,7.424804,4.871842,1.645951272827609,-1.0983879878643394,0.09849247799404763,-0.8560732599461058,0.16484764515204933
gordoer01,Eric Gordon,SG,75.0,215.0,False,2009,2026,18,Dead-Ball,-1,7.003868,5.647896,1.6483045021993206,-1.138244386876022,-0.8227698312664667,-0.09288269617317885,0.20749091091364996
gortama01,Marcin Gortat,C,83.0,240.0,False,2008,2019,12,Dead-Ball,7,1.5482666,5.0817814,-0.06967849145921728,2.4425767731812287,-0.5597074314818506,0.20822168039471275,0.36073932327081526
grahade01,Devonte' Graham,PG,73.0,195.0,False,2019,2024,6,Modern,1,8.2114725,7.0231695,0.7755934906883533,-1.9437409338247449,0.07627980767871638,0.3074874975215166,-0.006645568514268285
grahagr01,Greg Graham,SG,76.0,174.0,False,1994,1998,5,Expansion-90s,6,7.9289856,7.776262,-0.36897626216603313,-1.3878924475739487,-0.12326401545714412,0.24064901809235031,0.9104908978162582
grahajo01,Joey Graham,SF,79.0,225.0,False,2006,2011,6,Dead-Ball,4,3.4803784,7.015632,-0.7731058627059875,-0.2064579983179718,-0.3950264207043807,-0.7767788074253882,0.6773490796378137
grahast01,Stephen Graham,SG,78.0,215.0,False,2006,2011,6,Dead-Ball,10,6.02562,8.301255,-1.1489088024007514,-1.2515150553291372,-0.05587570806974569,-0.5524158978350074,0.11385805127152757
grangda01,Danny Granger,SF,81.0,222.0,False,2006,2015,10,Dead-Ball,3,6.1466613,4.595482,1.4721431668665863,-0.3007332616243362,-0.5985460901836829,-0.5330968960890273,-0.7471260174499592
grantbr01,Brian Grant,PF,81.0,254.0,False,1995,2006,12,Expansion-90s,9,2.224422,5.311555,0.02597773026823097,1.5396078106907387,-0.10321739019979714,-0.3738634335157933,0.1697937683415652
grantga01,Gary Grant,PG,75.0,185.0,False,1989,2001,13,Early-3PT,6,8.6405,7.42776,0.29079604248328533,-1.348467393332563,0.88834767836351,0.7306778195619148,0.08085586075086984
grantgr01,Greg Grant,PG,67.0,140.0,False,1990,1996,6,Expansion-90s,6,7.790053,9.257875,-1.115410326154994,-1.484571337044809,1.0460206756918948,0.9632670303327957,0.23908426474549097
grantha01,Harvey Grant,PF,80.0,195.0,False,1989,1999,11,Early-3PT,4,4.5270314,7.2442765,-0.08547030972919101,-0.06759983782566208,-0.39012777405032134,-0.457404909116921,-0.47026871945162013
grantho01,Horace Grant,PF,82.0,215.0,False,1988,2004,17,Early-3PT,9,2.6871965,5.2019563,0.48198632328451757,1.3586237936597516,-0.42975854267436037,0.009527238770044057,-0.2159653122891324
grantje01,Jerami Grant,PF,79.0,213.0,False,2015,2026,12,Modern,-1,5.1581755,4.1798954,0.3782470386668198,0.29299063523910407,-0.16621169704053065,-0.42590746025520976,-0.6779114003436351
grantje02,Jerian Grant,PG,76.0,205.0,False,2016,2020,5,Modern,6,8.587954,8.314006,-0.35785607494357125,-1.1050912462718987,0.8597751768158481,0.2129122563203937,0.2911524378099287
grayaa01,Aaron Gray,C,84.0,270.0,False,2008,2014,7,Dead-Ball,8,0.77213675,6.6633906,-2.018553692752001,1.4384461809744604,0.3244809470130045,0.1201713748129451,0.9808227577276762
grayeje01,Jeff Grayer,SG,77.0,200.0,False,1989,1998,9,Early-3PT,10,6.6915946,8.195322,-0.7413093032295017,-1.6426412008068731,-0.14290903629838816,-0.2513973502464788,-0.5001380235712756
grayst01,Stuart Gray,C,84.0,235.0,False,1985,1991,7,Early-3PT,2,4.1476526,10.27688,-2.067878417284647,-0.12200365251584021,0.07340915147641631,0.011867410838410024,-0.17731638568866748
greenac01,A.C. Green,PF,81.0,220.0,False,1986,2001,16,Early-3PT,9,2.5654845,5.4583616,-0.023476631267587866,1.0420043221171982,-0.5639911243661884,-0.266295856619153,-0.05210204993734016
greenda01,Dave Greenwood,PF,81.0,222.0,False,1980,1991,12,Early-3PT,9,2.7456124,10.481389,-0.30301680744253434,0.8206252670587363,-0.07296225072301765,0.03224652256189829,-0.26807695390235275
greenda02,Danny Green,SG,78.0,215.0,False,2010,2024,15,Dead-Ball,1,5.895338,6.1813426,0.5576437230234048,-1.4662331506274178,-1.3200234741981622,0.9740654508257239,-0.8061358867497643
greendr01,Draymond Green,PF,78.0,230.0,False,2013,2026,14,Modern,5,8.384159,4.8719745,0.9295891158589058,0.7522278456398116,0.9411502781150756,1.7885775422979764,-0.8495991142981099
greenge01,Gerald Green,SG,78.0,205.0,False,2006,2019,12,Dead-Ball,1,6.6618047,6.160748,0.5596102991299292,-0.6939531522291066,-1.1777477983868032,-0.4163692042221734,0.2235044722156713
greenja01,JaMychal Green,PF,81.0,227.0,False,2015,2023,9,Modern,9,2.2802806,6.5139537,-0.651793255029901,0.6061319231964202,-0.7589302258593361,0.009421697272487671,0.2079416611924911
greenja02,Javonte Green,SG,77.0,205.0,False,2020,2026,7,Post-COVID,4,4.2262106,8.278553,-0.8269503655420776,0.032327499633468704,-0.45879552957843356,0.8714734981704068,-0.30484032436386
greenja05,Jalen Green,SG,76.0,186.0,False,2022,2026,5,Post-COVID,3,7.447947,4.531527,1.7254070777739294,-0.8229131849423257,0.7326603410159692,-1.225891995863539,-0.48372550051204394
greenje02,Jeff Green,PF,80.0,235.0,False,2008,2026,18,Dead-Ball,3,5.8247123,4.965964,0.6739872575807462,-0.08443158993324991,-0.9355979830951614,-0.41169656621518613,0.26091213460935025
greenjo02,Josh Green,SG,78.0,200.0,False,2021,2026,6,Post-COVID,4,5.303958,8.313979,-0.6682415509026784,-0.9073530453350133,-0.34150289682972207,0.4433868834071032,0.24096167753505754
greenli01,Litterial Green,PG,73.0,185.0,False,1993,1999,5,Expansion-90s,10,8.055277,8.825632,-2.01021721334626,-1.655873572197515,1.8306566581818569,-0.8678833353443145,-0.3414876426953255
greenri01,Rickey Green,PG,72.0,170.0,False,1978,1992,14,Pre-3PT,6,9.424946,8.714211,0.2519672806670013,-0.7245791610494405,0.5053229463408084,0.6642280333857222,0.5760032897593477
greensi02,Sidney Green,PF,81.0,220.0,False,1984,1993,10,Early-3PT,2,3.988792,10.919569,-1.0795260472295138,0.35203099483191247,0.011457402565622998,-0.3835628663676274,-0.2019805502793406
greenwi01,Willie Green,SG,76.0,200.0,False,2004,2015,12,Dead-Ball,1,7.095191,7.0712013,0.025940801283015458,-1.3347459223754232,-0.09311906253167618,-0.6275929621869063,0.2435242207093137
greerha01,Hal Greer,SG,74.0,175.0,True,1959,1973,15,Pre-3PT,5,7.1245627,2.8680098,0.9097325621833259,0.09569519387492945,-0.030179350455574877,-0.19974828773050973,0.12629590091055193
greveke01,Kevin Grevey,SF,77.0,210.0,False,1976,1985,10,Pre-3PT,1,7.6602488,6.3002124,0.09181350133760074,-0.9991423943572942,-0.488502650500856,-0.5063388101754395,0.12571906583223866
griffad01,Adrian Griffin,SG,77.0,217.0,False,2000,2008,9,Dead-Ball,4,5.214628,8.704599,-1.0913725593669747,-0.36364721559622437,0.7454479328776011,0.6105045642368297,-0.5885865874353551
griffbl01,Blake Griffin,PF,81.0,250.0,False,2011,2023,13,Dead-Ball,-1,5.267979,3.8098269,2.3015343183925343,1.2262937227514206,-0.18174914343612253,-0.3704169549037717,-0.12612619460567864
griffda01,Darrell Griffith,SG,76.0,190.0,False,1981,1991,10,Early-3PT,3,8.0513,3.190559,1.1939312628611884,-0.4251157869761759,-0.09325674161909588,-0.5481912510510001,-0.2452805183792049
griffed01,Eddie Griffin,PF,82.0,220.0,False,2002,2007,5,Dead-Ball,2,2.7486196,9.875368,-0.9178873434551145,0.31999639461560025,-0.10752473603071938,-0.32871502266307484,-1.6105486616894755
griffpa01,Paul Griffin,PF,81.0,205.0,False,1977,1983,7,Pre-3PT,-1,3.3670635,10.421917,-0.8592204497252096,0.3750643780637395,-0.13567254087768554,1.2513457782547057,0.43706809779838823
grimequ01,Quentin Grimes,SG,76.0,210.0,False,2022,2026,5,Post-COVID,1,7.138392,7.130968,0.33835080677450174,-1.3643410061243342,-0.1901598908792403,0.0886340258095803,-0.660054906000695
grossbo01,Bob Gross,SF,78.0,200.0,False,1976,1983,8,Pre-3PT,4,9.710147,7.7083116,0.05348860354254931,0.20398792468520868,-0.14218158406556863,1.0320492436964863,0.15884482938007868
grunfer01,Ernie Grunfeld,SF,78.0,210.0,False,1978,1986,9,Pre-3PT,4,6.8541975,10.05023,-0.4376466626292913,-0.43436410832434535,-0.30416760333696075,0.2995485851320522,0.34354368792323053
guglito01,Tom Gugliotta,PF,82.0,240.0,False,1993,2005,13,Expansion-90s,9,3.165013,4.9870872,0.43966282895709613,0.5349677004419814,0.5578414317639934,-0.19427956101336857,-0.6227243359079357
guokama02,Matt Guokas,SG,77.0,175.0,False,1967,1976,10,Pre-3PT,4,7.2433004,9.919605,-0.732566777273351,-0.9429096472505375,-0.03562518414745672,0.016085971883511713,0.6495338612156621
hachiru01,Rui Hachimura,PF,80.0,230.0,False,2020,2026,7,Post-COVID,9,3.7595308,6.978922,0.03574740478838356,-0.06901501682730649,-0.3456176491401322,-1.2630430181577583,0.25959433824329625
haddaha01,Hamed Haddadi,C,86.0,254.0,False,2009,2013,5,Dead-Ball,8,1.2517829,7.4889193,-2.4435337770291903,1.7223971608520956,0.48464267995819527,0.12736877739439526,-0.3831383435428583
haleyja01,Jack Haley,PF,82.0,240.0,False,1989,1998,9,Early-3PT,-1,1.8498222,8.142762,-2.379340107319484,0.3175536772594696,0.6142302406519844,-1.3324665572142749,-0.369560281959826
halibty01,Tyrese Haliburton,PG,77.0,185.0,False,2021,2025,5,Post-COVID,0,8.901183,4.769756,3.618921437888338,-0.19461203441932204,0.7461016402464139,1.0176741738881472,0.575569380486808
hamda01,Darvin Ham,SF,79.0,220.0,False,1997,2005,8,Expansion-90s,2,3.618254,8.030986,-1.4244149693280157,0.6691732351358437,-0.3961609375989311,0.9118398711037158,0.6786574140518191
hamiljo02,Jordan Hamilton,SF,79.0,220.0,False,2012,2016,5,Modern,4,5.507415,7.6202893,-0.5724961202635115,-0.9689231497198144,-0.4714080171727631,-0.25440642159708304,-0.6125922689591206
hamilri01,Richard Hamilton,SG,79.0,185.0,False,2000,2013,14,Dead-Ball,-1,7.252721,4.0622544,2.196491809011608,-0.0821000451793847,0.6861847796355378,-1.434913444258198,0.4451711530172534
hamilze01,Zendon Hamilton,C,83.0,250.0,False,2001,2006,6,Dead-Ball,-1,1.6343427,8.267705,-1.8358878411631472,0.5240271866877262,1.0621070650328983,-0.20747794136949377,-0.4254209693934245
hammoto01,Tom Hammonds,PF,81.0,215.0,False,1990,2001,12,Expansion-90s,8,2.042243,7.3784113,-1.5481834516164745,0.593275862135355,0.06622391653810326,-0.7888786542278496,0.44466114864008666
hansbty01,Tyler Hansbrough,PF,81.0,250.0,False,2010,2016,7,Dead-Ball,9,2.1565452,6.628323,-0.8967060610640116,1.2052997118918354,0.19999353503655543,-0.6162511880453415,0.04342428876874167
hansebo01,Bob Hansen,SG,78.0,190.0,False,1984,1992,9,Early-3PT,4,7.040067,9.9671955,-0.7324986449463805,-0.8522517780316199,-0.28038056038085213,0.18527754191234214,0.21705722812268358
hanzlbi01,Bill Hanzlik,SF,79.0,185.0,False,1981,1990,10,Early-3PT,4,8.641917,9.066105,-0.21229969757244826,-0.23438201731812858,0.3882234159513183,0.4458995547912754,0.16906614152140248
hardaan01,Anfernee Hardaway,SG,79.0,195.0,False,1994,2008,14,Expansion-90s,5,7.47022,4.1057963,1.6456953070769282,-0.14991652211733808,0.5037372553129603,0.18510445309766407,-0.2645796794832844
hardati01,Tim Hardaway,PG,72.0,175.0,True,1990,2003,13,Expansion-90s,0,8.730529,5.2455273,3.3302671465708915,-1.046426333888415,0.6034868646273096,0.8663864438014611,0.12905087317078012
hardati02,Tim Hardaway Jr.,SG,77.0,205.0,False,2014,2026,13,Modern,1,6.9909453,6.216053,0.9745590585166981,-1.337389282983093,-0.7037411285830423,-0.7669693042718554,-0.11078281519605049
hardeja01,James Harden,PG,77.0,220.0,False,2010,2026,17,Dead-Ball,11,6.772376,4.041084,5.371522533474116,0.6628487645521837,0.17965046119051892,0.6849334808390922,-0.142866878182901
harklma01,Maurice Harkless,SF,79.0,220.0,False,2013,2022,10,Modern,4,4.3989143,8.374459,-0.7984563766914705,-0.2496445167360523,-0.43599478287478544,0.6500123490629452,-0.5951165183215281
harpede01,Derek Harper,PG,76.0,185.0,False,1984,1999,16,Early-3PT,-1,8.512544,5.43813,2.1296538659958677,-1.035432771415086,0.10362422428843372,0.9171515542791737,0.01581022426057649
harpero01,Ron Harper,SG,78.0,185.0,False,1987,2001,15,Early-3PT,5,8.163439,4.602192,1.933754182019428,0.12802879646871276,0.3768612742210077,0.6554606868985353,-0.6256141238573609
harprma01,Matt Harpring,SF,79.0,231.0,False,1999,2009,11,Expansion-90s,3,6.2685294,3.5292215,0.6256333905262028,0.42684068202124104,-0.2883074384016492,-0.5309611702714542,-0.024309978077084515
harremo01,Montrezl Harrell,C,79.0,240.0,False,2016,2023,8,Modern,7,1.1647873,5.220608,0.11876437882098173,2.9199498205114605,-0.23059748321620277,0.12131913247502729,1.0779011027566496
harrial01,Al Harrington,PF,81.0,230.0,False,1999,2014,16,Expansion-90s,3,5.620035,4.3521442,0.7992942882899743,-0.09858966100327013,-0.44011779776448917,-0.6862974126387352,-0.33874675496083567
harride01,Devin Harris,PG,75.0,185.0,False,2005,2019,15,Dead-Ball,-1,9.007094,4.991491,1.5719015376311243,-0.5653171781806243,0.5101064629445594,0.4991443486010324,0.45189292187338803
harriga01,Gary Harris,SG,76.0,210.0,False,2015,2026,12,Modern,1,6.785078,6.8642454,0.13568277224842984,-1.2409210237616897,-0.3169338639754867,0.14402012667162878,-0.084825470546702
harrijo01,Joe Harris,SG,78.0,220.0,False,2015,2024,10,Modern,1,6.1963186,7.0596848,-0.0024643400530866,-1.5743334839778649,-1.2383999740841738,0.07599227384845456,0.040978577283741185
harrilu01,Lucious Harris,SG,77.0,190.0,False,1994,2005,12,Expansion-90s,1,6.955888,6.7354007,0.16700371710256273,-1.053002391878866,-0.46505618028029044,-0.028703750849736108,0.0750093280026546
harriot01,Othella Harrington,PF,81.0,235.0,False,1997,2008,12,Expansion-90s,9,1.9815247,6.734561,-1.0368423655605987,1.2655533260608909,-0.025184297112830586,-0.6783151815369747,0.7987599882824439
harrish01,Shaquille Harrison,SG,76.0,195.0,False,2018,2024,7,Modern,-1,4.287589,8.687201,-1.4082372095218483,-0.15361103801899653,1.0885774894628018,0.6050090492391113,-0.7728097225126054
harrist01,Steve Harris,SG,77.0,195.0,False,1986,1990,5,Early-3PT,4,7.2870364,9.261987,-0.7847217353285714,-0.5872514247499997,0.25046928172486166,-0.33830135706727715,-0.13022172138343746
harrito02,Tobias Harris,PF,80.0,226.0,False,2012,2026,15,Modern,5,5.2056613,3.8343215,1.1994477475302914,0.6451950838318362,-0.2642019889645859,-0.7083369320101807,-0.09802579749454321
harteis01,Isaiah Hartenstein,C,84.0,250.0,False,2019,2026,8,Modern,7,0.77616704,5.618452,-0.7358435737221327,2.590393107563006,0.13790608785575176,1.1284901957063598,0.3801515712555412
hartja01,Jason Hart,PG,75.0,185.0,False,2001,2010,9,Dead-Ball,6,8.6873255,8.286751,-0.7155204965729522,-0.8908009290725636,0.9899201786493568,1.0058981333280177,0.7690324266319883
hartjo01,Josh Hart,SF,77.0,215.0,False,2018,2026,9,Modern,-1,6.30778,4.813925,0.8818664056703804,0.22076688835245015,-0.4415051416779545,0.7798412079378211,-0.14872357303427197
harvean01,Antonio Harvey,PF,83.0,225.0,False,1994,2003,8,Expansion-90s,8,1.5006194,7.9240685,-1.8888646917193057,0.6286890835196401,0.014724632053590328,-0.07322120034127241,-0.27444367598463965
harvedo01,Donnell Harvey,PF,80.0,220.0,False,2001,2005,5,Dead-Ball,7,1.8046749,6.5031905,-1.2914974584952787,1.5707836548974263,-0.27811168871496006,0.262541971414361,0.5799505610208716
hasleud01,Udonis Haslem,PF,80.0,235.0,False,2004,2023,20,Dead-Ball,8,2.6444542,6.7972956,-0.9580695905660206,0.7643531858340928,-0.2839531477493761,-0.6169475936077149,0.25488084355577006
hassejo01,Joe Hassett,SG,77.0,180.0,False,1978,1983,6,Pre-3PT,1,7.837613,6.4012566,0.18275194516410992,-2.2722152572889005,-1.3886694959726587,0.014648077566555173,0.1851245730296201
hassetr01,Trenton Hassell,SG,77.0,200.0,False,2002,2010,9,Dead-Ball,10,6.0763164,8.308366,-0.9743861988005131,-0.8928826364440952,0.4791504054490931,-0.43692823904016764,0.2773248832937111
hastisc01,Scott Hastings,PF,82.0,235.0,False,1983,1993,11,Early-3PT,2,4.2053576,9.941612,-1.5284261998145772,-0.39274599084491535,-0.355465416077469,0.2489977039135208,0.05727523843858068
hausesa01,Sam Hauser,SF,79.0,217.0,False,2022,2026,5,Post-COVID,1,5.3477864,6.4429584,0.497586568488027,-1.3725129863587413,-2.48834553212677,0.5235680358939294,0.06324370540554675
hawessp01,Spencer Hawes,C,85.0,245.0,False,2008,2017,10,Dead-Ball,9,1.8172228,4.8318315,0.08111839282736671,0.6775915310505425,-0.40560662606169584,0.04304515071160256,0.054402829543619344
hawesst01,Steve Hawes,PF,81.0,220.0,False,1975,1984,10,Pre-3PT,-1,3.745137,10.06706,-0.5750717470670154,0.08251727166583409,-0.42597926301140565,0.3226084895296877,0.0018826798019733748
hawkihe01,Hersey Hawkins,SG,75.0,190.0,False,1989,2001,13,Early-3PT,-1,6.706696,4.9707737,2.3985429166825654,-0.6733770035873623,-1.0368275893830528,0.7813518030717523,-0.36238096061268693
hayesch01,Chuck Hayes,C,78.0,240.0,False,2006,2016,11,Dead-Ball,8,0.88788205,7.0199103,-1.8379194453705447,1.5296945305077247,0.5830399014978388,1.1319263534454598,-0.22745662083703155
hayesel01,Elvin Hayes,PF,81.0,235.0,True,1969,1984,16,Pre-3PT,5,4.023334,3.0718188,1.2057689746527191,1.6253492527947082,-0.15125583816569688,-0.4046486835974248,-1.3035973828363248
hayesja01,Jarvis Hayes,SF,79.0,220.0,False,2004,2010,7,Dead-Ball,1,6.204251,7.3501496,0.0946643585014309,-1.1474091939592967,-0.5958141223356909,-0.48941527955636865,-0.21793009284996817
hayesja02,Jaxson Hayes,C,84.0,220.0,False,2020,2026,7,Post-COVID,7,1.0647862,5.6777935,-0.6426014803119067,2.414508808301881,-0.785972955432308,0.6532656600135326,1.3722459272926952
hayeski01,Killian Hayes,PG,76.0,195.0,False,2021,2026,6,Post-COVID,6,8.972175,8.470558,-0.5170063159298748,-1.3805432925720913,2.2772605142752687,-0.07149512519362036,-0.2557287290274808
hayesst01,Steve Hayes,C,84.0,205.0,False,1982,1986,5,Early-3PT,2,3.7024992,10.201628,-1.8103069714184221,0.22988688588349906,-0.5364903798042041,0.19088639891177558,0.1961940115763278
haywago01,Gordon Hayward,SF,79.0,225.0,False,2011,2024,14,Dead-Ball,3,6.529206,4.320308,1.786518725966367,-0.004347701592880171,-0.4790585644441804,-0.19562701563124907,0.24173517720948934
haywobr01,Brendan Haywood,C,84.0,268.0,False,2002,2015,13,Dead-Ball,7,0.6466274,6.010463,-1.1260303053455087,2.4426530098810297,-0.055796834233787805,0.34360644763505666,0.07724054162264694
haywosp01,Spencer Haywood,PF,80.0,225.0,True,1970,1983,13,Pre-3PT,9,4.0721602,3.0168824,0.8267086089389941,1.0104207589414642,-0.1645153604144579,-1.00315790837544,-0.2701364601007307
headlu01,Luther Head,SG,75.0,185.0,False,2006,2011,6,Dead-Ball,-1,7.6717796,7.161788,0.23265523081746053,-1.3851370253306403,-0.19726842823982557,0.5570097755267295,-0.1369746686893033
hendeal01,Alan Henderson,PF,81.0,235.0,False,1996,2007,12,Expansion-90s,9,2.0764544,6.3661356,-0.7299998413276003,1.3297910292222288,-0.3615810615414597,-0.3741000012317659,0.31063251014019166
hendece02,Cedric Henderson,SF,79.0,215.0,False,1998,2002,5,Expansion-90s,4,5.131457,8.590345,-0.58055938337634,-0.27655644132654766,0.531855607390564,-0.03974933500864589,-0.2815328009869974
hendege01,Gerald Henderson,PG,74.0,175.0,False,1980,1992,13,Early-3PT,6,8.390728,8.778978,0.10598899732848499,-0.8972294296910065,0.12081913725861641,0.4712009542302088,0.5143015586387218
hendege02,Gerald Henderson,SG,77.0,215.0,False,2010,2017,8,Dead-Ball,-1,7.0773687,5.3264318,0.5274614990117696,-0.395618414823791,0.22777378481998123,-0.8357144594593245,-0.032959807400112506
hendeto01,Tom Henderson,PG,75.0,190.0,False,1975,1983,9,Pre-3PT,6,9.195283,8.789819,-0.20436654635384163,-0.5901618427465822,0.8789568193829347,0.46362899138180313,0.479890518865418
henryxa01,Xavier Henry,SF,78.0,220.0,False,2011,2015,5,Dead-Ball,10,5.942371,8.675458,-1.2818158844622725,-1.0603678705061148,0.7356939161561952,-0.848167771660055,-0.494532411385544
hensojo01,John Henson,C,81.0,219.0,False,2013,2020,8,Modern,7,0.63257146,5.8584795,-1.0764489382457967,2.3441000440272415,0.1062061596658714,0.5918892610334601,-0.06361232032228498
hensost01,Steve Henson,PG,71.0,177.0,False,1991,1999,7,Expansion-90s,6,8.1550045,7.8137665,-0.19241759681392123,-1.5227737765204876,-0.3228035781086768,0.6507185562293275,1.922314585179558
hernaju01,Juancho Hernangómez,PF,81.0,214.0,False,2017,2023,7,Modern,4,4.647097,8.23639,-1.4220095650899112,-0.5187451251955262,-0.692349541514424,0.22620551241045325,-0.7026923885058431
hernawi01,Willy Hernangómez,C,83.0,250.0,False,2017,2023,7,Modern,7,1.2020894,6.1860833,-0.885626295810825,2.1215304975121265,-0.07553471332637089,-0.008534451845687008,0.5340826837173009
herreca01,Carl Herrera,PF,81.0,215.0,False,1992,1999,8,Expansion-90s,8,2.2933357,7.843093,-1.7177247524958978,0.3317609741847053,0.49007318579805587,-0.6621864920139252,-0.049872338940475824
herroty01,Tyler Herro,SG,77.0,195.0,False,2020,2026,7,Post-COVID,3,7.3986897,4.419273,2.155736990453257,-0.6498414581389361,0.3307153348108201,-0.9609542180576921,0.00601442049632786
hezonma01,Mario Hezonja,SF,80.0,220.0,False,2016,2020,5,Modern,4,5.565574,8.107143,-0.6219431357338157,-0.8739276915257738,0.12609816734427925,-0.24079001674445902,-0.3823886424887852
hibbero01,Roy Hibbert,C,86.0,270.0,False,2009,2017,9,Dead-Ball,7,1.3300062,5.5023713,-0.3231349046521407,2.0646308069886925,0.08623725164345374,0.05264171214791788,0.035174702767641855
hicksjj01,J.J. Hickson,C,81.0,242.0,False,2009,2016,8,Dead-Ball,7,1.905456,6.322096,-0.7495302703516653,1.845292989725271,0.24456963496040068,-0.561060342029198,0.14804598658176882
hieldbu01,Buddy Hield,SG,76.0,220.0,False,2017,2026,10,Modern,1,6.817464,5.9362535,1.085311122438636,-1.3122079208813968,-0.8346509917791919,-0.1647911612851046,-0.14872965229833945
higgiro01,Rod Higgins,SF,79.0,200.0,False,1983,1995,13,Early-3PT,4,5.1239758,7.2576675,-0.4173307427911094,-0.5032940896287208,-0.45147652706500374,-0.03304591881935812,-0.0853937958530952
higgise01,Sean Higgins,SF,81.0,205.0,False,1991,1998,6,Expansion-90s,10,6.3951354,8.527795,-1.0554819453761357,-2.0766019042286796,0.5132433272976725,-0.8275248130027029,-1.3651846454503695
highsha01,Haywood Highsmith,SF,77.0,220.0,False,2019,2026,6,Modern,4,5.187536,7.0240088,-0.8987302520288833,-0.8447184216298662,-1.0702973575527357,0.2986960567192044,-0.01666763952949668
hilarne01,Nenê,C,83.0,250.0,False,2003,2019,17,Dead-Ball,9,1.6397009,5.125301,0.04555781215981752,1.8213074388618964,0.6157473705679638,-0.023030193770706905,0.09005812561845183
hillar01,Armond Hill,PG,76.0,190.0,False,1977,1984,8,Pre-3PT,6,8.411677,9.150675,-1.0838217351835255,-0.95592583078619,1.148935974545902,0.5206201754880541,0.4595071058763954
hillge01,George Hill,PG,76.0,188.0,False,2009,2023,15,Dead-Ball,1,8.133158,5.4764566,1.1543951561828725,-0.6090407741113449,-0.5896090265082442,0.8123948848754459,0.8258005932206138
hillgr01,Grant Hill,SF,80.0,225.0,True,1995,2013,18,Expansion-90s,-1,6.0682945,3.5111966,2.309715551429128,1.1401668853470093,0.3294397865011801,-0.3452822742662147,-0.018588371107502
hilljo01,Jordan Hill,C,82.0,235.0,False,2010,2017,8,Dead-Ball,7,1.6195952,6.6227574,-1.2246257430545808,1.5234125110888492,0.04627229594022035,-0.5928297044537143,0.28223779265947263
hillmda01,Darnell Hillman,PF,81.0,215.0,False,1972,1980,9,Pre-3PT,9,2.7307458,10.316759,-0.58354577840654,0.6625185342263994,-0.20214929427934913,0.16711727855279188,-0.41787129858447764
hillso01,Solomon Hill,SF,78.0,226.0,False,2014,2022,9,Modern,10,5.663628,8.160179,-1.0936380253286953,-1.286925536673743,0.07033327648463981,0.3365178296193332,-0.9059171641084984
hillty01,Tyrone Hill,PF,81.0,240.0,False,1991,2004,14,Expansion-90s,7,1.9495932,6.2086225,-0.740726079555049,1.8184460818353905,0.08883346699927726,-0.342059057389853,0.06469252038954906
hinriki01,Kirk Hinrich,PG,76.0,190.0,False,2004,2016,13,Dead-Ball,6,8.882185,6.385024,1.0673437695575572,-1.3255419252025908,0.5204370457488817,0.714954094218446,-0.15832932490059598
hinsoro01,Roy Hinson,SF,81.0,210.0,False,1984,1991,8,Early-3PT,9,3.8985229,3.0325477,0.2594967382429712,1.138375686952461,-0.21265844286242133,-0.3994789700689976,-0.3474724255681229
hodgecr01,Craig Hodges,SG,74.0,190.0,False,1983,1992,10,Early-3PT,1,7.9381895,6.4371996,0.47341989718335414,-1.318741608806424,-0.8281296014437716,0.26323435550407426,0.6243935990343041
hodgedo01,Donald Hodge,C,84.0,230.0,False,1992,1996,5,Expansion-90s,2,4.2145734,10.107053,-1.7270346001690355,-0.16643556827806116,-0.2673041109471308,0.07925638211742166,0.062380215161981126
hoibefr01,Fred Hoiberg,SG,76.0,203.0,False,1996,2005,10,Expansion-90s,1,6.148326,6.5014787,0.14858689716206813,-1.128514232551212,-0.931483522436794,0.9103983139589129,-0.10072991538277459
holidaa01,Aaron Holiday,PG,72.0,185.0,False,2019,2026,8,Modern,6,8.305095,7.976927,-0.1898562456010408,-1.2123020259456083,0.3490312867945234,0.3459600790518712,0.48917248383083317
holidjr01,Jrue Holiday,PG,76.0,220.0,False,2010,2026,17,Dead-Ball,0,8.746309,4.631546,2.86564885664205,-0.07648500648451827,0.5882903919104312,0.6912033471687091,0.304950615199804
holidju01,Justin Holiday,SG,78.0,180.0,False,2013,2024,11,Modern,1,6.6030474,7.674152,-0.2815534229809395,-1.6616042569630152,-0.4497241745855864,0.26671339206900824,-0.7162587655848291
hollili01,Lionel Hollins,PG,75.0,185.0,False,1976,1985,10,Pre-3PT,6,9.524023,8.591481,0.1868531948985982,-0.6710545828791389,1.039650196184362,0.24080942014358456,-0.0506009802574407
holliro01,Rondae Hollis-Jefferson,SF,78.0,217.0,False,2016,2021,6,Modern,9,1.9678499,6.1045895,-0.657557435831532,1.193636213941388,0.8861889331029399,-0.10405650746885842,-0.3869873655796235
holliry01,Ryan Hollins,C,84.0,240.0,False,2007,2016,10,Dead-Ball,7,1.1775289,6.3940783,-1.8795110897055785,1.6118413234149638,-0.29182775526116694,0.3878236662961321,1.4639989045995696
holmeri01,Richaun Holmes,C,81.0,235.0,False,2016,2025,10,Modern,7,1.0228378,5.940415,-0.8056276766374304,2.119235514866675,-0.4721689747509795,0.14951552384689037,0.8879053842562341
holtomi01,Michael Holton,PG,76.0,185.0,False,1985,1990,6,Early-3PT,10,7.8363333,9.503232,-0.8071062953546582,-1.1247365819182875,0.5417010017752781,-0.08308835830242489,0.47636656143523787
hoodro01,Rodney Hood,SG,80.0,208.0,False,2015,2022,8,Modern,1,6.1091604,7.491555,-0.07048293847680223,-1.2412140563287837,-0.3792681583336671,-0.6483909151309096,-0.030695110251859947
hoppeda01,Dave Hoppen,C,83.0,235.0,False,1988,1993,6,Early-3PT,2,3.7843964,10.734419,-1.6530323514589143,0.0668337302083438,-0.546158211108985,-0.48469872655130386,0.7571730946818365
hopsode01,Dennis Hopson,SG,77.0,200.0,False,1988,1992,5,Early-3PT,4,7.907775,2.7230399,-0.027617955621723783,-0.35393755338012645,0.04897195902396319,-0.14405742089628334,-0.05333993833791639
horfoal01,Al Horford,C,80.0,240.0,False,2008,2026,19,Dead-Ball,5,4.310574,3.420376,1.7400922685017637,1.4598527695237478,-0.9874098919134545,0.7485456183826457,0.11792277554579492
hornaje01,Jeff Hornacek,SG,76.0,190.0,False,1987,2000,14,Early-3PT,-1,6.8970933,4.6955338,2.613278888661204,-0.2605067511199996,-0.43337706886701566,0.5401097067652934,0.4036791573132032
horryro01,Robert Horry,PF,82.0,240.0,False,1993,2008,16,Expansion-90s,1,5.6635165,5.8509417,0.48917877242595437,-5.061670853073741e-05,-0.8693396193818884,1.223990105055881,-0.8398141378900479
hortota01,Talen Horton-Tucker,SG,76.0,234.0,False,2020,2025,6,Post-COVID,4,6.248041,8.61671,-0.2517467977907876,-0.5796537916842265,0.9022967857206974,0.018344746628582702,-0.427746350266122
houseda01,Danuel House Jr.,SF,78.0,220.0,False,2017,2024,8,Modern,4,5.3115034,7.451872,-1.0062784201516397,-1.061860132030424,-0.8670457520810178,-0.03857319521746914,-0.4890148239753412
houseed01,Eddie House,PG,73.0,180.0,False,2001,2011,11,Dead-Ball,1,7.5335107,7.2550473,0.44850963742999544,-1.8239806218023302,-0.16561499144478697,0.04258068047841021,-0.03278483001511062
houstal01,Allan Houston,SG,78.0,200.0,False,1994,2005,12,Expansion-90s,3,7.057715,4.6795077,2.309010190280078,-0.8164967646626036,-0.4080091649165407,-1.0075989828795644,0.24015469953237029
howardw01,Dwight Howard,C,82.0,265.0,True,2005,2022,18,Dead-Ball,11,3.8292084,3.6471918,1.4870237346045707,4.1396378461067345,-0.39480572063558816,0.5422986497716784,-0.3138639746288743
howarjo01,Josh Howard,SF,79.0,210.0,False,2004,2013,10,Dead-Ball,3,6.841697,3.8766983,1.0102907198104087,0.1784118597725887,-0.0599220104062393,-0.9130736215607418,-0.5081149931489457
howarju01,Juwan Howard,PF,81.0,240.0,False,1995,2013,19,Expansion-90s,9,3.0158095,5.582633,0.22074587366660814,1.0261058812044543,0.4874702889457189,-1.1018106550423208,0.3557643437147733
howelba01,Bailey Howell,PF,79.0,210.0,True,1960,1971,12,Pre-3PT,5,6.1538405,2.8542547,1.0800299178333985,0.7734016465436706,-0.5331253892949351,-0.2941121388959088,0.1419545151558946
hubbaph01,Phil Hubbard,SF,80.0,215.0,False,1980,1989,10,Early-3PT,9,3.349388,11.132799,-0.07896505900819667,0.5539868522774619,0.05782881637946409,-0.3696890804164743,0.20826947815890168
hudsotr01,Troy Hudson,PG,73.0,170.0,False,1998,2008,11,Expansion-90s,6,8.307019,7.1844063,0.3962865165139314,-1.681909726938406,0.36363032926655164,-0.187021149857568,0.5775899720707178
huertke01,Kevin Huerter,SG,78.0,198.0,False,2019,2026,8,Modern,1,6.534748,5.9945774,0.6762762026472018,-1.0012223779387515,-0.7307624463919785,0.29819642861959594,-0.012496024355114044
huffja01,Jay Huff,C,85.0,240.0,False,2022,2026,5,Post-COVID,-1,3.2363663,9.391837,-0.7356701291871433,0.13445066269935999,-1.12008894565324,0.9033110449534806,0.13167504844831496
hughela01,Larry Hughes,SG,77.0,184.0,False,1999,2012,13,Expansion-90s,5,7.547109,4.2811494,1.2045160928001808,-0.6387960545392217,0.5963117277005712,-0.2521151961853221,-0.6129552545698749
humphja01,Jay Humphries,PG,75.0,185.0,False,1985,1995,11,Early-3PT,6,9.494886,8.698056,0.32041383832568254,-0.703365110727688,0.6546726476759472,0.5700472557312198,0.18300603185662784
humphkr01,Kris Humphries,PF,81.0,235.0,False,2005,2017,13,Dead-Ball,9,2.4272113,6.825109,-0.8977674608112329,0.8900840095097658,0.026949714375164927,-0.7033380881465937,-0.3799800222787711
huntede01,De'Andre Hunter,SF,79.0,221.0,False,2020,2026,7,Post-COVID,-1,6.6850085,5.744653,0.3699701728517521,-0.8641782563570005,-0.01817423595261934,-1.4380214765665502,-0.14015358196525202
hunteli01,Lindsey Hunter,PG,74.0,170.0,False,1994,2010,17,Expansion-90s,6,8.176585,7.3455997,0.3529824500607058,-1.7157462229085787,0.2888762704891277,0.7568371237550678,-0.4753424682224599
huntest01,Steven Hunter,C,84.0,220.0,False,2002,2010,8,Dead-Ball,7,0.74382865,7.033837,-2.05476613599495,1.762662648832452,-0.13602745907425576,0.19467347620826395,0.21754414689126192
hurlebo01,Bobby Hurley,PG,72.0,165.0,False,1994,1998,5,Expansion-90s,6,8.614116,8.426976,-0.7190104150295524,-1.8021027248808938,1.619233068273828,0.019841920609557945,0.6090628770090941
hustoge01,Geoff Huston,PG,74.0,175.0,False,1980,1987,8,Early-3PT,6,9.203498,8.991526,0.05880321369725072,-0.8324858774948143,0.5768270348695363,-0.116245736291947,1.0455365267101508
hylanbo01,Bones Hyland,PG,74.0,169.0,False,2022,2026,5,Post-COVID,6,8.157681,7.271853,0.4391568281452037,-1.6151920568327964,0.1500571112386524,0.3249464921191575,0.18781806126873024
iavarma01,Marc Iavaroni,PF,82.0,225.0,False,1983,1989,7,Early-3PT,2,4.0500703,10.2977495,-1.3646114833650276,-0.10216627261246315,0.22840821605684652,0.1593420099971232,0.14574854794538866
ibakase01,Serge Ibaka,PF,83.0,235.0,False,2010,2023,14,Dead-Ball,9,3.6821473,3.6023047,0.6864344674698266,1.4311919423672061,-1.365887892710754,-0.07853844460365,0.03005430311271534
iguodan01,Andre Iguodala,SF,78.0,215.0,False,2005,2023,19,Dead-Ball,-1,6.364356,4.709365,1.6134343403763265,0.23907388138430238,-0.383515688586596,1.4206204376358513,-0.3252385104794256
ilgauzy01,Zydrunas Ilgauskas,C,87.0,238.0,False,1998,2011,13,Expansion-90s,5,2.1718662,4.83722,0.5733815794112966,2.200185789418716,-0.09256235362057416,-0.6119598897784096,-0.15111762758618907
ilyaser01,Ersan İlyasova,PF,81.0,235.0,False,2007,2021,13,Dead-Ball,1,5.138242,5.181711,0.4660858384335396,-0.09308237561440731,-1.027753533086105,-0.10758204677040295,-0.383306457967781
inglejo01,Joe Ingles,SF,80.0,220.0,False,2015,2026,12,Modern,1,5.927661,5.937212,0.6294871960269206,-1.2140115555168605,-0.69851108821529,1.2463689878928121,0.1613141251789276
ingrabr01,Brandon Ingram,SF,80.0,190.0,False,2017,2026,10,Modern,-1,7.1366954,3.9622483,2.1118073246163607,0.32774881514212617,0.7051372292117349,-1.2511562841870274,-0.02038467018613438
irvinky01,Kyrie Irving,PG,74.0,195.0,False,2012,2025,14,Modern,-1,8.798775,4.374626,3.7721932838276278,0.3019595513432596,0.595928639300708,-0.3253088460483672,0.47333687936511903
isaacjo01,Jonathan Isaac,PF,82.0,230.0,False,2018,2026,7,Modern,9,2.7741857,9.849369,-0.5299027324658933,0.7794595037134503,-0.42564650602016463,0.7286908131335832,-1.2979433971881145
isselda01,Dan Issel,C,81.0,235.0,True,1971,1985,15,Pre-3PT,5,6.289292,2.8614714,2.3679145611671486,1.5769955416596027,-0.6137993967349339,-0.8155841387822457,-0.06432899976744669
iversal01,Allen Iverson,SG,72.0,165.0,True,1997,2010,14,Expansion-90s,-1,8.019753,4.1228228,4.19687244988135,0.4653147681307803,1.3587179634003301,-0.7259879394500662,-0.04593232553120952
iveyro01,Royal Ivey,SG,75.0,200.0,False,2005,2014,10,Dead-Ball,10,7.1470375,8.476262,-1.3436985393746448,-1.7907907918135983,0.1787259761712009,0.24999491730635817,-0.2510386382116434
iwundwe01,Wes Iwundu,SF,78.0,195.0,False,2018,2022,5,Modern,10,5.698513,8.656513,-1.7016801050168486,-0.8974520903775175,0.23306706399154453,-0.3876232104181264,-0.40293597071815795
jackja01,Jarrett Jack,PG,75.0,200.0,False,2006,2018,13,Dead-Ball,6,9.10703,5.6208706,1.2471741663042333,-0.6054996146808601,0.8289818596362052,0.09052498616994026,1.0572995143514572
jacksbo01,Bobby Jackson,PG,73.0,185.0,False,1998,2009,12,Expansion-90s,-1,8.299429,5.749816,1.010368164489806,-0.8643378874580765,-0.17730057277572941,0.2608153735844222,0.1148517425777725
jacksfr01,Frank Jackson,PG,75.0,205.0,False,2019,2023,5,Modern,10,6.813675,9.443285,-1.2415830930943477,-1.5384611903469212,0.6600897299142221,-1.415560586464078,-0.14037785253171403
jacksis01,Isaiah Jackson,C,80.0,205.0,False,2022,2026,5,Post-COVID,7,0.83008295,5.7374372,-1.3105172929744404,3.1649364563158215,0.13463722569657383,0.726233760704026,0.3253713976752322
jacksja01,Jaren Jackson,SG,76.0,190.0,False,1990,2002,12,Expansion-90s,1,6.597778,7.741568,-0.49172055525627445,-1.7592193903225744,-0.5560670175288396,0.13797474853526087,-0.46664091060865737
jacksja02,Jaren Jackson Jr.,C,82.0,242.0,False,2019,2026,8,Modern,5,4.019116,3.5995908,1.4249967293547865,1.3742276814956715,-0.20087868973836265,-0.22551726462543512,-0.8363060083270748
jacksje01,Jermaine Jackson,SG,76.0,204.0,False,2000,2006,5,Dead-Ball,10,8.266861,8.873505,-1.7283185763793572,-1.011629248943244,1.4172266341538968,0.22295030473406244,0.3370147217943874
jacksji01,Jim Jackson,SF,78.0,220.0,False,1993,2006,14,Expansion-90s,3,7.3656464,4.861414,1.1592955334270272,-0.8772403746841597,0.12246924745967448,-0.6095381287538414,-0.19367934569807765
jacksjo02,Josh Jackson,SF,80.0,207.0,False,2018,2022,5,Modern,4,6.127528,8.664145,-0.5624928566869034,-0.460575809199692,0.4873901461913675,-0.6330712858983273,-0.6641982141789367
jacksju01,Justin Jackson,SF,80.0,220.0,False,2018,2024,7,Modern,10,5.196475,7.642195,-1.0812083966114778,-1.4243492949520866,-0.45042124914585474,-0.8497826395777655,-0.2032276851576344
jackslu01,Luke Jackson,PF,81.0,240.0,False,1965,1972,8,Pre-3PT,4,4.6498504,10.591421,-0.37027511587414563,-0.17907288201935143,-0.1645779974429758,-0.15349107627765718,-0.2196762166936191
jacksma01,Mark Jackson,PG,75.0,192.0,False,1988,2004,17,Early-3PT,-1,8.950125,5.2891326,1.878210529976514,-0.7443079034834614,1.055443595428393,1.4308628187015988,0.6368834579042697
jacksma02,Marc Jackson,C,82.0,270.0,False,2001,2007,7,Dead-Ball,9,2.5097723,7.5037985,-0.8261287745758412,0.4469683468968362,0.5202063843934083,-1.2287111618855031,0.30697930620380154
jacksre01,Reggie Jackson,PG,74.0,208.0,False,2012,2025,14,Modern,6,9.135967,5.7557707,0.8683154513448259,-0.8837600100298811,1.0162396482962943,-0.2541803405483858,0.4957426654676369
jacksst02,Stephen Jackson,SF,80.0,218.0,False,2001,2014,14,Dead-Ball,5,7.46965,4.2762566,1.4571488490832047,-0.6599667202091839,0.3653445583862095,-0.19391429862903792,-0.7324972442168587
jameshe01,Henry James,PF,80.0,220.0,False,1991,1998,7,Expansion-90s,1,6.317317,7.1277003,-0.24878460049904336,-1.6374681946529397,-1.2471826328713518,-1.313152173465933,0.06358251994706644
jamesje01,Jerome James,C,85.0,300.0,False,1999,2009,9,Expansion-90s,7,0.9256561,6.98813,-1.7837298822254661,1.8867477475850307,-0.07827691663086331,0.11469388916219822,0.21932345159205427
jamesle01,LeBron James,SF,81.0,250.0,False,2004,2026,23,Dead-Ball,11,5.686981,3.5174298,6.11557489836709,2.372499358403719,0.13641734335266203,0.5595071133450924,-0.3902755468988776
jamesmi01,Mike James,PG,74.0,188.0,False,2002,2014,12,Dead-Ball,6,8.3592825,7.7351747,0.25997813750883597,-1.5578832991189755,0.7481826763221116,0.12670319897930962,-0.0051600047710966546
jamisan01,Antawn Jamison,PF,81.0,223.0,False,1999,2014,16,Expansion-90s,3,5.7951164,3.954675,1.8066130665627407,0.7297547281866087,-0.8036065744644881,-1.0991632889855778,-0.3161507507224922
jaricma01,Marko Jarić,PG,79.0,198.0,False,2003,2009,7,Dead-Ball,6,9.153117,6.617085,0.39753780408248335,-1.1172313158374982,0.995086982846688,0.9370254654290884,-0.5494708211373078
jeffeal01,Al Jefferson,C,82.0,289.0,False,2005,2018,14,Dead-Ball,5,2.220423,4.7917285,1.0155806984593931,2.5991921855199713,0.07383191404298307,-0.8738514947080938,-0.10688158311747553
jefferi01,Richard Jefferson,SF,79.0,233.0,False,2002,2018,17,Dead-Ball,3,6.247121,4.6464725,1.140656979031505,-0.14969640865678296,-0.7068580707244813,-0.15693734144776872,-0.07825437914036767
jeffrda01,DaQuan Jeffries,SG,77.0,222.0,False,2020,2026,6,Post-COVID,4,5.3768296,7.6276217,-1.4376037029593036,-1.0841924237553104,-0.8402559529572303,-0.3033758925259866,0.458995098369126
jeffrja01,Jared Jeffries,PF,83.0,230.0,False,2003,2013,11,Dead-Ball,-1,4.2178636,8.703005,-1.5892307162353914,0.08653772860555412,0.6447370740815014,0.4092741277848384,-0.8214790023233556
jenkijo01,John Jenkins,SG,76.0,215.0,False,2013,2019,6,Modern,1,6.5119476,7.472326,-0.47699933591368715,-1.643117825424995,-1.1837722732627434,-0.4434870235601359,0.9225065510381611
jennibr01,Brandon Jennings,PG,73.0,170.0,False,2010,2018,9,Dead-Ball,-1,8.967393,5.56146,1.4727496789137358,-1.2798083550202992,0.9797494337516881,0.35509489918296144,-0.041893850609837
jerebjo01,Jonas Jerebko,PF,82.0,231.0,False,2010,2019,9,Dead-Ball,4,4.841695,6.4770722,-0.22309407767499811,-0.07939194996875133,-1.1468422335961743,0.27220829462162244,0.039106169635503785
jeromty01,Ty Jerome,SG,77.0,195.0,False,2020,2026,7,Post-COVID,6,8.10383,7.7425184,0.3227299457726938,-1.050647079010293,0.5082054077067113,-0.2140625659954413,0.576786939618477
jianlyi01,Yi Jianlian,PF,84.0,240.0,False,2008,2012,5,Dead-Ball,2,4.5016103,7.66606,-0.9316900327969739,-0.21294802052200612,0.37204709713273787,-1.14203544883345,-0.7391293385500921
joeis01,Isaiah Joe,SG,76.0,165.0,False,2021,2026,6,Post-COVID,1,6.99595,6.907926,0.40444089939940125,-1.8930408957128428,-1.161214822614158,0.2794733953459344,0.003708283912338628
johnsal02,Alize Johnson,PF,81.0,212.0,False,2019,2023,5,Modern,-1,1.6102998,8.3076515,-2.7668232101978223,0.9033720326662936,0.6831406665401696,-0.5506719289020146,-0.5760349675368157
johnsam01,Amir Johnson,PF,81.0,240.0,False,2006,2019,14,Dead-Ball,7,1.1659712,5.613925,-0.1130607714421678,1.9324928183211807,-1.0538783620973458,0.9569435667316529,0.6161394053054039
johnsan02,Anthony Johnson,PG,75.0,190.0,False,1998,2010,13,Expansion-90s,6,8.659788,8.08813,-0.25573517519649047,-1.152470204955184,0.5758902736457956,0.5175378836553949,0.5251661517169683
johnsav01,Avery Johnson,PG,70.0,175.0,False,1989,2004,16,Early-3PT,6,9.550393,8.444125,0.31834093708826666,-0.289492858729465,1.4011071645494408,0.6899958221927457,1.0295141968051724
johnsbu01,Buck Johnson,SF,79.0,190.0,False,1987,1993,7,Early-3PT,4,2.9517567,9.974772,-0.17558543947593377,0.161280444289107,-0.11914284773902076,0.07430946608421457,0.11663434693207178
johnsca02,Cameron Johnson,PF,80.0,210.0,False,2020,2026,7,Post-COVID,-1,5.6588335,5.0167093,1.127386305801482,-0.54964492252198,-1.1070285229617784,-0.020017119292896516,-0.19949889746600202
johnscl01,Clemon Johnson,C,82.0,240.0,False,1979,1988,10,Pre-3PT,2,3.174499,10.217193,-1.2609745339793443,0.5867021599614354,-0.5061663106260514,0.42824338848167065,-0.09637801499754989
johnsde01,Dennis Johnson,PG,76.0,185.0,True,1977,1990,14,Pre-3PT,5,8.263418,4.4628673,1.2290912913285845,0.16524493744511706,0.41953686904732984,0.32009845345119237,-0.1459793922552154
johnsde03,DerMarr Johnson,SF,81.0,201.0,False,2001,2008,7,Dead-Ball,1,6.185712,7.0332737,-0.2545881147901293,-1.146155540035821,-0.8918806207070247,0.21893168867779486,-0.23594479991078837
johnsed02,Eddie Johnson,SG,74.0,180.0,False,1978,1987,10,Pre-3PT,3,8.4025755,3.5063956,1.2305485150212092,-0.6296834867574088,0.2825604070527996,-0.172766078853268,0.6567698989459458
johnsed03,Eddie Johnson,SF,79.0,215.0,False,1982,1999,17,Early-3PT,3,6.18223,4.6882863,1.1458439307079433,-0.5820702394104638,-0.890108226129302,-1.1845296051153942,0.013355940727227178
johnser02,Ervin Johnson,C,83.0,245.0,False,1994,2006,13,Expansion-90s,7,0.5415972,6.4245515,-1.5590543755080568,1.7667286331428105,-0.32020902950662755,0.7435091829719471,0.04574573782283868
johnsfr01,Frank Johnson,PG,73.0,185.0,False,1982,1994,10,Early-3PT,6,9.514502,8.758049,0.20367086632520132,-0.5637261717401155,0.6997021809320586,0.21796070816637583,0.38054612499271523
johnsge02,George Johnson,C,83.0,205.0,False,1973,1986,13,Pre-3PT,-1,2.776156,10.1586685,-1.2395475446867719,0.7947787296771905,-0.6966219619231495,1.4788385804283235,-0.8828425848189723
johnsge03,George Johnson,PF,79.0,210.0,False,1979,1986,8,Pre-3PT,-1,4.082487,10.705182,-0.755400569139802,0.09781774129370677,0.02896309063931095,-0.16990207704431703,-0.26667670063272503
johnsgu01,Gus Johnson,PF,78.0,230.0,True,1964,1973,10,Pre-3PT,9,3.8820157,10.934696,-0.13966468247056932,0.18669858666589143,-0.17505767796316507,-0.40956258996938977,-0.3211900982873434
johnsja01,James Johnson,PF,79.0,240.0,False,2010,2025,16,Dead-Ball,5,5.317328,5.8504148,-0.25000566805074176,0.23108138307941675,-0.17629092882153496,0.7359908630036525,-0.3211730835684227
johnsja05,Jalen Johnson,SF,80.0,219.0,False,2022,2026,5,Post-COVID,9,4.5525355,3.889532,0.6926646183342753,1.164578523981568,0.30435956857867363,0.046656391260652255,-0.4462764569867261
johnsjo01,John Johnson,SF,79.0,200.0,False,1971,1982,12,Pre-3PT,4,9.01988,8.664292,-0.1320388922359948,-0.0442044004747828,0.632228452500794,-0.22647620064694374,0.20439088318417598
johnsjo02,Joe Johnson,SG,79.0,240.0,False,2002,2022,18,Dead-Ball,3,6.684949,4.424254,1.7917356992396476,-0.4861054673661259,-0.35597133605470316,-0.47789934797788103,0.4918634679257293
johnske02,Kevin Johnson,PG,73.0,180.0,False,1988,2000,12,Early-3PT,0,8.932468,4.499918,2.942319550379663,0.3552963629737492,0.8870233085882577,0.67831405893867,1.0765819820053675
johnske04,Keldon Johnson,SF,78.0,220.0,False,2020,2026,7,Post-COVID,3,6.1611323,3.6693053,0.799545567298084,0.21604306476251142,-0.34096200575219604,-0.7921720523786987,0.021105932076274453
johnsla02,Larry Johnson,PF,79.0,250.0,False,1992,2001,10,Expansion-90s,-1,5.3706703,3.7197351,1.8566485323185362,1.1053992393208163,-0.45303718547140764,-0.41059208735154284,-0.002662464996308206
johnsli01,Linton Johnson,PF,80.0,205.0,False,2004,2009,6,Dead-Ball,10,5.3133335,8.948129,-1.8614057513173086,-1.0509283477568765,0.2486288779022114,-0.5528719541695091,-0.46085878416778886
johnsma01,Marques Johnson,SF,79.0,218.0,False,1978,1990,11,Pre-3PT,5,6.391826,2.8415253,1.7080249195054429,0.9634631727249064,-0.2618161603616982,-0.24286322647747727,-0.008586479963321375
johnsma02,Magic Johnson,PG,81.0,215.0,True,1980,1996,13,Early-3PT,11,5.770339,3.291307,4.067173442721458,1.6252911648666382,0.5639744522555503,1.227731064151233,0.16878012219453534
johnsmi01,Mickey Johnson,PF,82.0,190.0,False,1975,1986,12,Pre-3PT,9,4.570877,3.3466191,0.6899589560655297,0.6253480939837015,0.28767265552427285,-0.14831469179889295,-0.3762200294937191
johnsol01,Ollie Johnson,SF,78.0,200.0,False,1973,1982,10,Pre-3PT,4,6.8393116,10.079388,-0.5057609955165463,-0.36334880924462776,-0.553518799531111,0.3421634085960463,0.5154929078924118
johnsst03,Steve Johnson,C,82.0,235.0,False,1982,1991,10,Early-3PT,9,3.3164413,10.983516,-0.500831093108057,0.7391987017883255,0.09974757563544627,-0.3249794410175766,0.21762946613510278
johnsst04,Stanley Johnson,SF,78.0,242.0,False,2016,2023,8,Modern,4,5.491763,8.311437,-0.7413896359028269,-0.7456037879329906,0.25037467981238554,0.157875291596681,-0.5764475203200325
johnsty01,Tyler Johnson,PG,75.0,186.0,False,2015,2022,8,Modern,6,7.6967764,8.028183,-0.15422411687145204,-1.325318794398912,0.22869990198605022,0.11046652411563468,-0.281918968371226
johnsvi01,Vinnie Johnson,SG,74.0,200.0,False,1980,1992,13,Early-3PT,3,7.891758,3.0162482,0.5495594180557453,-0.008525040185127064,0.155168377350628,-0.025495441065863683,0.15217667175608324
johnswe01,Wesley Johnson,SF,79.0,215.0,False,2011,2019,9,Dead-Ball,1,5.8760824,7.226507,-0.42604033569203575,-1.3881008542419073,-0.8264300146645696,0.16750671797118694,-0.6860146102044145
jokicni01,Nikola Jokić,C,83.0,284.0,False,2016,2026,11,Modern,11,4.9675207,3.465115,4.736162906896871,3.3269526903743576,0.4479761841737447,1.227849746237499,0.4054181966796778
jonesbo01,Bobby Jones,PF,81.0,210.0,True,1975,1986,12,Pre-3PT,5,4.675614,3.051955,1.1387525329306896,1.5841607727192941,-0.5863656043648183,1.4247431331610871,-0.13356149423333102
jonesca01,Caldwell Jones,C,83.0,217.0,False,1974,1990,17,Pre-3PT,-1,2.809017,10.1899185,-0.7735072640772753,0.8992968442466239,-0.3066813296907996,0.519265956871069,-0.6247721326111766
jonesch01,Charles Jones,PF,81.0,215.0,False,1984,1998,15,Early-3PT,8,0.8830201,7.3821526,-2.1406257331601792,1.2140482084636952,-0.04927520444766845,1.0110930206254773,-0.680444576879583
jonesda01,Damon Jones,PG,75.0,185.0,False,1999,2009,11,Expansion-90s,1,8.017984,6.9988437,0.3737529895520448,-2.1681056869617135,-0.9105531550948248,0.7529839429220547,0.24073655446139475
jonesda02,Dahntay Jones,SF,78.0,225.0,False,2004,2017,13,Dead-Ball,10,5.9516363,8.578246,-1.0043433385479705,-0.7823393091771214,0.28113208553506447,-0.5549102795556965,-0.07904940836696664
jonesda03,Damian Jones,C,82.0,245.0,False,2017,2024,8,Modern,7,1.0429871,5.9830394,-1.4532236851927633,1.6991219894052711,-0.7778612997967727,0.6909552442605321,1.570167787220922
jonesde02,Derrick Jones Jr.,SF,78.0,210.0,False,2017,2026,10,Modern,4,3.6709406,8.068285,-0.7087010259027955,0.49282433484909893,-0.8934499007759876,0.5060649489418009,0.09915321200349055
jonesdw01,Dwight Jones,PF,82.0,210.0,False,1974,1983,10,Pre-3PT,-1,3.8763745,10.462067,-0.8870837324427383,0.07126489964170682,-0.4394679603337132,-0.16079263269496452,0.16765070604870297
jonesdw02,Dwayne Jones,PF,83.0,250.0,False,2006,2010,5,Dead-Ball,8,1.7656506,8.1299515,-3.444123097348823,1.1768851698571394,1.1752526825182823,0.13185932633393105,-0.13673698361994574
jonesed01,Edgar Jones,PF,82.0,225.0,False,1981,1986,6,Early-3PT,9,2.712928,10.483124,-0.2855146946596641,0.8142161799031308,-0.3955051377546477,0.10112936877900416,-0.08084034172373267
jonesed02,Eddie Jones,SG,78.0,190.0,False,1995,2008,14,Expansion-90s,-1,6.7173843,4.8141155,2.3338995221463663,-0.2961240682425759,-0.7879628290505974,0.8894306060289002,-0.6794715703652938
jonesfr01,Fred Jones,SG,76.0,210.0,False,2003,2009,7,Dead-Ball,6,7.5692663,7.267569,0.024756775016190613,-1.149342725554135,0.10124609634886676,0.5159367604067711,-0.20373029916080282
joneshe01,Herbert Jones,SF,79.0,206.0,False,2022,2026,5,Post-COVID,5,9.85008,7.9610176,0.30474042495713743,-0.23119914541728864,0.35719436107021657,0.7788167198409579,-0.7570158064260251
jonesja02,James Jones,SF,80.0,218.0,False,2004,2017,14,Dead-Ball,1,6.281594,6.9898925,-0.17330849899191464,-1.9958041062904772,-1.7222399868199212,0.19276762600961297,-0.4639123702528484
jonesju01,Jumaine Jones,SF,80.0,218.0,False,2000,2007,8,Dead-Ball,4,5.34501,7.482974,-0.4774869073452779,-0.9432516387070584,-0.5849600586153534,-0.23636375193641176,-0.6831251003574477
jonesla01,Larry Jones,PG,74.0,180.0,False,1965,1974,8,Pre-3PT,3,7.4957075,3.536677,1.4143035620009008,-0.016949938715355106,-0.11491230629514126,-0.1618090099186989,0.014216916115216804
jonesma01,Major Jones,PF,81.0,225.0,False,1980,1985,6,Early-3PT,2,3.7375436,10.518864,-1.2945473624357928,0.3310082619064625,-0.3829330041647956,0.1374549885033067,0.271940745952975
jonespo01,Popeye Jones,PF,80.0,250.0,False,1994,2004,11,Expansion-90s,8,2.378146,8.040791,-1.295867832269593,0.2707988715864459,0.2034063250752196,-0.9501342958002654,-0.29310351564438514
jonesso01,Solomon Jones,PF,82.0,230.0,False,2007,2014,8,Dead-Ball,-1,2.0844738,8.22012,-2.4296615309872083,0.21296169801038842,1.2539200593663085,-0.23888767356897336,-0.3995469840945531
joneste01,Terrence Jones,PF,81.0,252.0,False,2013,2019,6,Modern,8,1.5338744,7.750355,-1.4919328367313367,1.0648278778864977,0.5986412883503247,-0.636191089871892,-1.5874319516280837
jonestr01,Tre Jones,PG,73.0,185.0,False,2021,2026,6,Post-COVID,6,9.469955,5.742812,0.42170964691939844,0.04219105679243826,1.0984831572118579,0.537363606555034,1.2143082931122011
jonesty01,Tyus Jones,PG,72.0,196.0,False,2016,2026,11,Modern,6,8.677652,7.786408,0.183178588299855,-1.1989417641021949,0.7850724951834122,0.6931869888664363,0.6294778710363174
joneswa02,Wali Jones,PG,74.0,180.0,False,1965,1976,11,Pre-3PT,10,7.847455,9.469652,-0.555615497060052,-1.3503082181409691,0.4438594206888264,-0.2353842163415168,0.17913522551474292
joneswi02,Wil Jones,PF,80.0,205.0,False,1970,1978,9,Pre-3PT,9,2.6038399,10.040158,-0.033152681025541336,0.3681010781257694,-0.06455716943316972,0.08847654540401625,-0.4467746770101794
jordade01,DeAndre Jordan,C,83.0,265.0,False,2009,2026,18,Dead-Ball,7,0.99668145,5.396387,-0.43477619654453425,3.5201396171329575,-1.119381081882777,1.3087383997644324,0.6484576854035444
jordaed01,Eddie Jordan,PG,73.0,170.0,False,1978,1984,7,Pre-3PT,6,9.813763,8.054025,-0.5278663821387486,-1.1174121223525433,1.2552703592562697,1.0797941951389038,-0.3560365943722477
jordami01,Michael Jordan,SG,78.0,198.0,True,1985,2003,15,Early-3PT,11,5.9457417,3.482363,5.635082801682807,2.0336954397720732,0.1976086446639091,-0.22404149069970256,-0.9560197505786594
jordare01,Reggie Jordan,SG,76.0,195.0,False,1994,2000,6,Expansion-90s,-1,3.6988869,8.211416,-1.2964181558688035,0.7893968255883685,0.2006357681820003,1.1872467000794824,0.2533590764195679
josepco01,Cory Joseph,PG,74.0,200.0,False,2012,2025,14,Modern,6,8.792703,7.9627385,-0.12587510774486776,-0.7740960561357584,0.7466858703774917,0.35704492607104943,0.5029443368178748
judkije01,Jeff Judkins,SF,78.0,185.0,False,1979,1983,5,Pre-3PT,4,6.637473,9.953284,-1.0407494353508933,-0.9588978973515039,-0.5731412182063381,0.10031730941347769,0.3960669409665597
kamanch01,Chris Kaman,C,84.0,265.0,False,2004,2016,13,Dead-Ball,9,1.7813301,5.4313846,-0.27635761963344774,1.8732195200598205,0.6075801665401384,-0.7156213256090577,0.058064440109053206
kaminfr01,Frank Kaminsky,C,84.0,240.0,False,2016,2023,8,Modern,4,1.1629956,6.2316713,-0.2964800005679232,0.21065656311956935,-0.6844918130351669,0.16324930852637967,0.3119891835172655
kanteen01,Enes Freedom,C,82.0,250.0,False,2012,2022,11,Modern,9,1.8424093,5.5899825,-0.07752363765754378,2.2441440173607154,-0.0717540513771664,-0.7972588335956636,0.603633761829423
kaponja01,Jason Kapono,SF,80.0,213.0,False,2004,2012,9,Dead-Ball,1,6.2433825,7.675477,-0.49583735148262714,-1.8517593718118701,-0.6823849297071599,-0.6473334469353813,0.07391818823263521
keefead01,Adam Keefe,PF,81.0,230.0,False,1993,2001,9,Expansion-90s,7,1.9031049,6.5058284,-1.0825174955525796,1.1477905431352613,-0.19009500728753553,0.09421051251595927,0.37955876921637316
kellebi01,Bill Keller,PG,70.0,177.0,False,1970,1976,7,Pre-3PT,1,7.7860336,6.187814,1.2906689525045545,-1.4360269681853697,-0.7999136284332008,-0.03523106425236371,0.317876324467886
kelleri01,Rich Kelley,C,84.0,235.0,False,1976,1986,11,Pre-3PT,9,2.914098,10.518388,-0.49624813807620066,0.8945897240186723,0.14149435069214739,0.9870932486785314,-0.026402163090992664
kellocl01,Clark Kellogg,PF,79.0,225.0,False,1983,1987,5,Early-3PT,5,4.7156715,3.4398255,1.365526618790178,0.7461458628305871,0.07632626118540113,-0.2761441187913687,-0.42065582917663263
kellyar01,Arvesta Kelly,SG,74.0,175.0,False,1968,1972,5,Pre-3PT,4,6.655987,9.853024,-1.1300985451423422,-0.9141995823839646,-0.1318781398134345,0.5229955895925875,0.4078736720580423
kelsegr01,Greg Kelser,SF,79.0,190.0,False,1980,1985,6,Early-3PT,9,3.3918178,11.054968,-0.3174534414486112,0.37848989442545455,0.3646349547073171,-0.33584848526327105,-0.07105188658357797
kempsh01,Shawn Kemp,PF,82.0,230.0,False,1990,2003,14,Expansion-90s,5,4.2303047,3.214777,1.3638928649085282,2.2976241391803987,0.2809776518803635,-0.2887881282966551,-0.781446413499997
kemptti01,Tim Kempton,PF,82.0,245.0,False,1987,1998,8,Early-3PT,-1,2.1402338,8.307447,-2.622309070175187,-0.7334892822167682,1.8648380141228251,-0.5159022125903305,-0.8438598496409382
kennalu01,Luke Kennard,SG,77.0,206.0,False,2018,2026,9,Modern,1,6.62421,6.230849,0.8818870001494257,-1.3836307769094554,-1.29449781378327,0.22149600217564083,0.7386566439051319
kenonla01,Larry Kenon,PF,81.0,205.0,False,1974,1983,10,Pre-3PT,9,3.7856252,4.925821,0.0997560693193772,0.35306523744710827,-0.034040377012646936,-0.4842724800971715,-0.0995427696912809
kerrst01,Steve Kerr,PG,75.0,175.0,False,1989,2003,15,Early-3PT,1,7.5317035,6.741504,0.5342403443154531,-1.8412734896068979,-1.4202009050239695,0.7813248566268268,0.8105586592882061
kerseje01,Jerome Kersey,SF,79.0,215.0,False,1985,2001,17,Early-3PT,9,4.793696,8.097706,0.2467630734331624,0.41801905105513515,-0.017157356747823968,0.046171558471001656,-1.0426982538075078
keysra01,Randolph Keys,SF,79.0,195.0,False,1989,1996,5,Early-3PT,4,5.3271565,10.256814,-0.9947503319769568,-0.7701283366038221,-0.11753484833995687,-0.335584029773324,-0.1681392613187534
kiddgmi01,Michael Kidd-Gilchrist,SF,78.0,230.0,False,2013,2020,8,Modern,-1,2.6763642,8.202917,-1.2182175192138402,0.5517461556629573,0.6643114832990765,-0.6292175475588979,-0.474580668633413
kiddja01,Jason Kidd,PG,76.0,205.0,True,1995,2013,19,Expansion-90s,0,8.747996,5.017196,3.186572490250401,-0.4615901956888634,1.1268075179716142,2.0193008811102455,-0.47124264790801546
kimbato01,Toby Kimball,PF,78.0,220.0,False,1967,1975,9,Pre-3PT,2,4.143952,10.790492,-1.128358564085223,-0.14850682684096428,-0.2450905100286398,-0.3039966788415487,-0.262387062485042
kingal01,Albert King,SF,78.0,190.0,False,1982,1992,9,Early-3PT,4,7.9241076,2.7942991,0.24445254304058955,-0.11995673613951265,0.13444291538456377,-0.40037724059791735,-0.11082143957512497
kingbe01,Bernard King,SF,79.0,205.0,True,1978,1993,14,Pre-3PT,3,6.6513057,2.880078,1.887387913425227,0.8398907426110799,-0.05329015763986708,-0.9249469149243922,0.4175994944862255
kingre01,Reggie King,SF,78.0,225.0,False,1980,1985,6,Early-3PT,9,2.849319,10.594884,-0.2506882123638257,0.6331855402150471,-0.14859129191512166,0.23345691136885008,0.1274098044863327
kingst01,Stacey King,C,83.0,230.0,False,1990,1997,8,Expansion-90s,8,1.0870944,7.347564,-1.2810343424188246,1.0333746542716842,-0.06126790471985266,-0.27213805206593383,0.8024044755277528
kirilan01,Andrei Kirilenko,SF,81.0,220.0,False,2002,2015,13,Dead-Ball,5,5.0182505,3.2581198,1.418032625526792,1.4956857700556558,0.09349563813431612,1.2046442813644647,-1.4344589141570703
kispeco01,Corey Kispert,SF,78.0,224.0,False,2022,2026,5,Post-COVID,1,6.1654744,6.7859473,0.15847148397972044,-1.1645452982506879,-1.312666567832684,-0.45719404605359326,0.7077133103233442
kitegr01,Greg Kite,C,83.0,250.0,False,1984,1995,12,Early-3PT,-1,4.214757,10.294972,-2.4065916674654537,-0.3023233765842228,0.4379346111457611,-0.0651360887644873,-0.5339750157648238
kittlke01,Kerry Kittles,SG,77.0,179.0,False,1997,2005,8,Expansion-90s,3,6.776667,4.814605,1.8961286841949927,-0.42117544856601796,-0.6051466226580969,0.47461944134787404,-0.5021235009385712
klebima01,Maxi Kleber,PF,82.0,240.0,False,2018,2026,9,Modern,-1,4.8570313,6.8797655,-0.695859398317055,-0.22437076417734086,-1.1422097523600194,0.6360318121148472,-0.052895874120301944
kleinjo01,Joe Kleine,C,83.0,255.0,False,1986,2000,15,Early-3PT,2,2.5824575,8.000308,-1.4604119327779699,-0.1951423913286685,-0.0026323915667759296,-0.6965919892907794,-0.0021561331304210396
kleizli01,Linas Kleiza,SF,80.0,245.0,False,2006,2013,7,Dead-Ball,4,5.2796445,7.005775,-0.14473487849140215,-0.554329177473033,-0.8232699701367339,-0.6751364917582658,-0.08193817526235408
knighbi01,Billy Knight,SF,78.0,195.0,False,1975,1985,11,Pre-3PT,3,7.0554867,2.8600173,0.9591354781661312,0.09274844225670961,-0.4397577390311433,-0.50910383894496,0.5792948634636964
knighbr01,Brevin Knight,PG,70.0,173.0,False,1998,2009,12,Expansion-90s,6,9.418739,7.9565825,0.5546213266821456,-0.539441428367391,2.382278337604864,1.3282324538115726,0.08089599086792133
knighbr03,Brandon Knight,PG,74.0,182.0,False,2012,2022,9,Modern,6,8.108732,7.2210326,0.4720163949515344,-1.5416502555145102,0.8461830594874541,-0.46896723288900055,0.014066256106095881
knighne01,Negele Knight,PG,73.0,175.0,False,1991,1999,6,Expansion-90s,10,8.534724,8.266508,-0.6732090972814572,-1.5414275399681823,1.1600146936803786,-0.29297604405505817,0.3766965602707431
knightr01,Travis Knight,C,84.0,235.0,False,1997,2003,7,Expansion-90s,8,1.9278775,7.7599397,-1.8967330439043457,0.3910778041483889,0.3343077611382041,-0.012626856455239428,-0.4348637137591041
knoxke01,Kevin Knox,SF,80.0,215.0,False,2019,2025,7,Modern,4,5.212562,7.4046984,-0.9720860704698504,-0.9570759627516802,-0.830727764968601,-0.5652270426089055,-0.0860333587958323
kofoeba01,Bart Kofoed,SG,76.0,210.0,False,1988,1993,5,Early-3PT,10,7.9566407,9.199708,-1.9244657679453239,-1.3209402038584404,1.2064945579051516,-0.030649174698916884,0.046917462078933686
koncajo01,Jon Koncak,C,84.0,250.0,False,1986,1996,11,Early-3PT,2,3.0584428,10.083269,-1.096724730091727,0.45341125762941636,-0.3732225875159306,0.8809493788364906,-0.4649665374055832
konchjo01,John Konchar,SG,77.0,210.0,False,2020,2026,7,Post-COVID,4,4.7973566,8.045797,-0.5242019245603426,-0.00789598587243956,-0.7630274193837232,1.588570503209671,-0.27175914568623455
korkmfu01,Furkan Korkmaz,SG,79.0,202.0,False,2018,2024,7,Modern,10,5.854424,8.06417,-0.6904846888994549,-1.4287534354114597,-0.5291556079419076,-0.0648169179056561,-0.509470844557625
kornelu01,Luke Kornet,C,85.0,250.0,False,2018,2026,9,Modern,-1,0.9763091,6.765816,-1.3398348414687578,0.7280846556937921,-0.6466322770831072,0.24697685471813288,0.1547743713053666
korveky01,Kyle Korver,SG,79.0,212.0,False,2004,2020,17,Dead-Ball,1,6.4268904,6.0864706,1.236599411416919,-1.496131249320167,-1.789623924104847,0.45487365672053015,0.13360862863458955
koufoko01,Kosta Koufos,C,84.0,245.0,False,2009,2019,11,Dead-Ball,7,1.194935,6.6684422,-1.5075909542772001,1.9489010896832195,-0.10411052026663839,0.039945397477743574,0.31949228329493484
kramejo01,Joel Kramer,PF,79.0,203.0,False,1979,1983,5,Pre-3PT,2,4.097214,9.970613,-1.5411282867779743,-0.14002604131783908,-0.21661457372656712,0.4736370750481099,0.3299626445730912
krejcvi01,Vit Krejci,PG,80.0,195.0,False,2022,2026,5,Post-COVID,1,6.3658214,6.8768053,-0.3309288689820512,-1.465135859270218,-0.9507130422814809,0.5352652290925137,0.6394611615899479
krstine01,Nenad Krstić,C,84.0,240.0,False,2005,2011,7,Dead-Ball,9,2.33609,5.6159744,-0.3692281409284175,1.24903977800756,0.036623856575604755,-0.882295656361461,0.4943301509550457
krystla01,Larry Krystkowiak,PF,81.0,220.0,False,1987,1997,9,Early-3PT,9,2.4397116,6.5032787,-0.7714145070823282,0.6230548122675331,-0.1782298727727319,-0.04811542461678702,-0.006542434891112697
kukocto01,Toni Kukoč,SF,82.0,192.0,True,1994,2006,13,Expansion-90s,3,6.367698,4.1350183,1.7944972775298655,0.03369758494304578,-0.31249387270474704,0.2783823822067285,-0.15686119253560882
kuminjo01,Jonathan Kuminga,PF,79.0,225.0,False,2022,2026,5,Post-COVID,9,3.118643,5.6145344,0.1463148265387536,0.7243989239481449,0.31894997783628803,-0.7829834411893577,0.1001560208661426
kunneke01,Kevin Kunnert,C,84.0,230.0,False,1974,1982,9,Pre-3PT,-1,3.5152142,10.391473,-1.2751278314874153,0.40388410817364817,-0.3352778205877762,0.10044135155504944,-0.2847368950343991
kupchmi01,Mitch Kupchak,PF,81.0,230.0,False,1977,1986,9,Pre-3PT,-1,3.4102633,11.008267,-0.7610188685861947,0.5089283661907095,-0.5001542635997666,-0.60834692543108,0.3800743621102879
kuzmaky01,Kyle Kuzma,PF,80.0,221.0,False,2018,2026,9,Modern,3,5.591386,4.2994356,0.7352581434235355,0.0700853868007966,-0.018516348857239615,-0.9837775869535588,-0.19832831555514457
labissk01,Skal Labissière,PF,82.0,235.0,False,2017,2026,6,Modern,-1,2.4962845,6.690682,-0.7881794315308983,0.5287929498016526,-0.8458469406602942,-0.25068535131942704,1.108501199311432
laceysa01,Sam Lacey,C,82.0,235.0,False,1971,1983,13,Pre-3PT,9,2.7479725,9.994037,-0.29552601122740296,0.588338420682134,0.3537259839522393,1.2814827286641457,-0.7579816029607278
laettch01,Christian Laettner,PF,83.0,235.0,False,1993,2005,13,Expansion-90s,5,4.3678093,3.668359,1.12815393488464,1.359941708930003,0.10640092562245963,-0.09753924543379476,0.1137324450803768
lafrera01,Raef LaFrentz,C,83.0,240.0,False,1999,2008,10,Expansion-90s,9,3.6925247,3.537515,0.3073611761750203,0.7963745724212645,-1.2785650422491865,0.25545083042975647,-0.4557575481041389
lagarto01,Tom LaGarde,C,82.0,220.0,False,1978,1985,6,Pre-3PT,-1,4.2382946,10.33154,-1.8712185330721054,-0.007751348592505952,0.7508057530121678,-0.7084401950979892,-0.2172860170254352
laimbbi01,Bill Laimbeer,C,83.0,245.0,False,1981,1994,14,Early-3PT,5,4.5856733,3.0447884,0.7748511220452761,1.0846076800842004,-0.8404879842068816,0.09582151060362296,-0.29941083511968514
lambejo01,John Lambert,PF,82.0,225.0,False,1976,1982,7,Pre-3PT,2,4.5391526,10.181825,-1.8322475225058439,-0.3366458409419656,-0.21531470890693657,-0.11482076378122479,0.08083238546658732
lambje01,Jeremy Lamb,SG,77.0,180.0,False,2013,2022,10,Modern,4,6.9949512,6.1915984,0.2669254534127959,-0.550981085754047,-0.25993077577867674,-0.4277318553855344,-0.20820488686158928
lampje01,Jeff Lamp,SF,78.0,195.0,False,1982,1989,6,Early-3PT,4,6.849496,10.062109,-0.6877395961526023,-0.6217459091705214,-0.4936418580698719,-0.11337265504863553,0.7518340866584026
landajo01,Jock Landale,C,83.0,255.0,False,2022,2026,5,Post-COVID,9,1.0404973,6.1796184,-0.611825915429065,0.9010799498688798,-0.48399183809069685,-0.058898834414246266,0.674215551919946
landrca01,Carl Landry,PF,81.0,248.0,False,2008,2016,9,Dead-Ball,9,2.7562222,5.358866,0.3959422376570529,1.6100032959849782,-0.5109920723316917,-0.9219158749574073,0.9945196852453373
landsma01,Mark Landsberger,PF,80.0,215.0,False,1978,1984,7,Pre-3PT,2,3.8531346,10.944602,-1.754983830166879,0.5173956955917157,-0.4536085538281405,-0.5579756281428792,0.10096974022995167
laneje01,Jerome Lane,PF,78.0,230.0,False,1989,1993,5,Early-3PT,2,3.8259947,10.953784,-1.6843844454660117,0.8305984201103608,-0.05498533985892082,-0.10705519725796653,-0.057915800338582624
langan01,Andrew Lang,C,83.0,245.0,False,1989,2000,12,Early-3PT,8,0.7966188,6.830705,-1.1990446324910542,1.1160944647237125,-0.07777992528516775,0.033689030761660674,-0.40803593735898863
langan02,Antonio Lang,SF,80.0,205.0,False,1995,2000,6,Expansion-90s,-1,3.5802758,8.082578,-1.9613885231608588,0.47176056915442555,0.2676529889521779,0.929827885654141,0.3157162416564777
laniebo01,Bob Lanier,C,83.0,250.0,True,1971,1984,14,Pre-3PT,5,4.6014137,3.0661879,1.9769500100972803,1.636862385522339,-0.6624481432500534,0.3076410352593565,-0.24380475560012677
larueru01,Rusty LaRue,PG,74.0,210.0,False,1998,2004,5,Expansion-90s,6,8.046024,7.9067616,-0.5142614024066012,-2.040599784288539,0.5173140170595276,0.43161643629856683,-0.10880652984922679
lavinza01,Zach LaVine,SG,77.0,200.0,False,2015,2026,12,Modern,3,7.2492013,4.2442017,2.2957953799222794,-0.41646695854214577,0.08372300379408355,-0.8155416536432532,0.17251446179065802
lawsoty01,Ty Lawson,PG,71.0,195.0,False,2010,2017,8,Dead-Ball,-1,9.149895,5.042488,1.8157898868011624,-0.40244944032488367,0.9332769784166197,0.6112339395266092,0.9549646310334208
laymaja01,Jake Layman,SF,80.0,209.0,False,2017,2022,6,Modern,10,5.4582777,7.953711,-1.241030733087429,-0.9842612473015924,-0.36870525742127763,-0.16928136880904476,-0.3404059325095884
leaksma01,Manny Leaks,C,80.0,225.0,False,1969,1974,6,Pre-3PT,2,4.479568,10.779596,-1.0690079898680926,0.2847536910057694,-0.02052264714487856,-0.9619442245752864,-0.46567406494846725
leaveal01,Allen Leavell,PG,73.0,170.0,False,1980,1989,10,Early-3PT,6,9.5525675,8.655721,0.6874529506983165,-0.6018989480689875,0.5535211853948547,0.5465263245655818,0.31746365680375305
leckner01,Eric Leckner,C,83.0,265.0,False,1989,1997,8,Early-3PT,-1,1.5411568,8.198707,-2.282588450848,0.2659622587058246,0.364719015109819,-0.45746925729669374,-0.1250450862064107
leecl01,Clyde Lee,C,82.0,205.0,False,1967,1976,10,Pre-3PT,2,3.9228532,10.878565,-0.9680083038899194,0.21508575010351036,-0.4645831383605705,-0.44533904710895755,-0.22902654825665802
leeco01,Courtney Lee,SG,77.0,215.0,False,2009,2020,12,Dead-Ball,1,6.7675314,6.1735907,0.6303932040637987,-0.9522910588265584,-0.7407738176234563,0.3352121789167207,0.1758033128942556
leeda02,David Lee,PF,81.0,245.0,False,2006,2017,12,Dead-Ball,5,2.62762,5.0733867,0.8284567603969146,2.4314011601998984,-0.10273178774419683,-0.21015558629720868,0.5206523441660953
leeda03,Damion Lee,SG,78.0,210.0,False,2018,2025,7,Modern,1,6.446319,6.769999,-0.07602728609165527,-1.0627198400963385,-0.6452350734259166,-0.24093012195505117,0.15533248784601522
leero01,Ron Lee,PG,76.0,193.0,False,1977,1982,6,Pre-3PT,6,9.786825,8.005828,-0.29490819672368795,-1.124689957041593,1.0388261059943533,1.297395245570234,-0.6360931988732403
legleti01,Tim Legler,SG,76.0,200.0,False,1990,2000,10,Expansion-90s,10,6.707345,7.699715,-0.5845181321335519,-1.7735727806136699,-0.4310920122401443,-0.6904963892485628,0.017944740024129074
lenal01,Alex Len,C,84.0,250.0,False,2014,2025,12,Modern,7,0.5982543,6.797605,-1.5073983930366284,1.675381574927194,0.1164345343432291,0.3881165882644333,0.2613597615555332
lenarvo01,Voshon Lenard,SG,76.0,205.0,False,1996,2006,11,Expansion-90s,1,7.065099,6.088346,0.977930232019816,-1.4638476520563464,-0.8238411882989299,-0.17290249270506194,-0.23590996887717763
leonaka01,Kawhi Leonard,SF,78.0,225.0,False,2012,2026,14,Modern,11,5.7995543,3.4939744,3.326681325473048,1.3202483298085506,-0.3234456401000774,0.15874259792879353,-0.5847037978911684
leoname01,Meyers Leonard,C,84.0,260.0,False,2013,2023,10,Modern,-1,4.0863657,7.024514,-0.8070834024115237,-0.05936781391470336,-1.157204106225282,0.10698309751952415,0.86602791937443
lesji01,Jim Les,PG,71.0,165.0,False,1989,1995,7,Early-3PT,6,8.196592,9.075411,-0.6632926004622579,-1.516510608597036,0.4558564894897013,0.5463040912400968,0.6760343654888386
lestero01,Ronnie Lester,PG,74.0,175.0,False,1981,1986,6,Early-3PT,6,8.562872,9.127669,-0.39661643385305656,-0.710821085917661,0.8007829633753433,0.2523372744963911,0.8170303083257977
leuerjo01,Jon Leuer,PF,82.0,228.0,False,2012,2019,8,Modern,8,2.6885817,6.9373646,-1.2751272425257514,0.5721578325984519,0.1559510006794475,-0.6868247393361823,0.4607145462315225
leverca01,Caris LeVert,SG,79.0,205.0,False,2017,2026,10,Modern,5,7.41094,4.1259804,1.188714908187595,-0.2802326790517381,0.4624980500418496,-0.25339851696870785,-0.2425831012263115
leverfa01,Fat Lever,PG,75.0,170.0,False,1983,1994,11,Early-3PT,5,8.286552,4.727512,1.6330078779350228,0.36871785249876166,0.5744126432866793,0.8281964034016485,-0.6397905864757634
levincl01,Cliff Levingston,PF,80.0,210.0,False,1983,1995,11,Early-3PT,9,2.7672672,10.577249,-0.48234938630541024,0.7851203469774813,-0.5991972744002917,0.3196853644268567,-0.036584773365644335
lewisfr02,Freddie Lewis,PG,72.0,175.0,False,1967,1977,11,Pre-3PT,3,8.218044,3.5458817,1.360101472765256,-0.5318006950559754,0.19901687421415454,-0.3308768104654134,0.02011105509315425
lewismi01,Mike Lewis,C,80.0,225.0,False,1969,1974,6,Pre-3PT,2,3.7271893,11.04363,-0.9384165282772405,0.46236584581102014,-0.08368445708063589,-0.7560641717105415,0.33156141527977756
lewisra02,Rashard Lewis,SF,82.0,215.0,False,1999,2014,16,Expansion-90s,3,5.929974,4.9355264,1.6290221210121363,-0.1511408739595857,-1.255890071091002,-0.03574420786768378,-0.3139454026319553
lewisre01,Reggie Lewis,SG,79.0,195.0,False,1988,1993,6,Early-3PT,5,6.5427766,2.7929752,1.5135416521021026,0.7797138509904413,-0.1630533364861924,-0.3439867629757346,-0.24411433565833368
lichtto01,Todd Lichti,SG,76.0,205.0,False,1990,1994,5,Expansion-90s,4,6.912514,10.120346,-0.4188241254379707,-0.4230045714614689,-0.04983177143258184,0.0017398208684330785,0.30667409168354287
liggide01,DeAndre Liggins,SG,78.0,209.0,False,2012,2018,5,Modern,4,4.08283,8.34128,-1.001814379003096,0.3213607626793594,-0.40081018567087234,1.0310540501439458,-0.15748795108872943
lillada01,Damian Lillard,PG,74.0,200.0,False,2013,2025,13,Modern,-1,8.897278,4.4845443,4.452060355959767,0.03564770754545285,0.6959705703157896,-0.11466190104861636,0.3581372304543242
linje01,Jeremy Lin,PG,75.0,200.0,False,2011,2019,9,Dead-Ball,-1,9.040818,4.9742665,1.3402583694598231,-0.4836291220754747,0.869429067239418,0.29675769297397214,0.3861047123816083
listeal01,Alton Lister,C,84.0,240.0,False,1982,1998,16,Early-3PT,-1,0.6250803,6.5259523,-1.408945742197864,1.20408693741215,0.04012693627431822,0.14664096823649606,-0.2828000773071388
littlna01,Nassir Little,SF,78.0,220.0,False,2020,2024,5,Post-COVID,4,5.299305,7.6869802,-1.1346626562375417,-0.6333364418871826,-0.7430959479126236,-0.34951420542356426,0.0032618839228266416
livinra01,Randy Livingston,PG,76.0,209.0,False,1997,2007,11,Expansion-90s,10,8.009753,8.560834,-1.450052671027633,-1.621358568332388,1.5304882204497456,0.09840205349967268,-0.47909450966546535
livinsh01,Shaun Livingston,PG,79.0,192.0,False,2005,2019,14,Dead-Ball,6,9.201407,7.872623,-0.22068204745961448,0.016726588038044027,1.1704639808155783,0.08755632633834229,1.0395734492046953
lloydle01,Lewis Lloyd,SG,78.0,205.0,False,1982,1990,7,Early-3PT,4,9.216794,8.996846,-0.039265463165995995,-0.23070651954176113,0.12074276270688626,-0.23419380473306323,0.8016585892055719
lloydsc01,Scott Lloyd,C,82.0,230.0,False,1977,1983,6,Pre-3PT,10,4.561625,10.122703,-2.202715084892078,-0.9812517167958199,0.5100727678988364,-0.30241777788656743,-0.11317992537690941
lohaubr01,Brad Lohaus,PF,83.0,230.0,False,1988,1998,11,Early-3PT,1,5.0225377,6.79263,-0.3641094683865294,-1.4139235846157636,-1.2035118459048704,0.11157082302347993,-0.7537118983384659
longgr01,Grant Long,PF,80.0,225.0,False,1989,2003,15,Early-3PT,9,2.5409913,5.514329,-0.04369300883271621,0.5432718330233693,0.027289126342004935,0.0005691951094738135,-0.3488527602973838
longjo01,John Long,SG,77.0,195.0,False,1979,1997,14,Pre-3PT,1,7.016294,6.7853966,0.2509258047628626,-1.2368639848480245,-0.29080277040746266,-0.7795062994948975,-0.2129951534500143
longllu01,Luc Longley,C,86.0,265.0,False,1992,2001,10,Expansion-90s,9,1.1810795,6.539464,-0.9317067451071346,1.2498366809281232,0.6547943990754989,-0.026992553931140244,0.012694995477497528
looneke01,Kevon Looney,C,81.0,222.0,False,2016,2026,11,Modern,7,1.2011275,6.2680182,-1.3716703451773564,1.893467905413783,-0.020687524933641052,0.5252663352898354,0.3566836369833495
lopezbr01,Brook Lopez,C,85.0,282.0,False,2009,2026,18,Dead-Ball,5,3.870274,3.5806227,1.5522155306396563,1.7669927038387379,-0.9251334589435545,-0.1317569399729863,0.00813849822415011
lopezro01,Robin Lopez,C,85.0,281.0,False,2009,2024,16,Dead-Ball,-1,1.0136206,6.2138715,-0.5004621282400813,1.5689570980985945,-0.5415275185751081,-0.17996829188794577,1.0964888330187597
loughke01,Kevin Loughery,SG,75.0,190.0,False,1963,1973,11,Pre-3PT,4,7.7735314,9.571468,-0.0903247636761439,-0.6747281545754726,0.40342181000772454,-0.32576688664704245,-0.11573230013804664
loveke01,Kevin Love,PF,82.0,251.0,False,2009,2026,18,Dead-Ball,-1,5.3618565,4.5828996,1.7766836033876205,0.6548473785589344,-1.2046906358166365,-0.4147507449966259,-0.3809256255661719
lowryky01,Kyle Lowry,PG,72.0,196.0,False,2007,2026,20,Dead-Ball,0,8.671319,5.267196,2.1828024172028098,-0.6222477493530243,0.22788338015224324,1.2405420052662122,0.1656956453796868
lucasjo01,John Lucas,PG,75.0,175.0,False,1977,1990,14,Pre-3PT,6,8.625017,5.7035513,1.2161461385036354,-0.8910187130766193,0.4794849125517176,0.8651031821946776,0.4195928229373178
lucasjo02,John Lucas III,PG,71.0,166.0,False,2006,2017,8,Dead-Ball,10,7.803095,8.291027,-0.7875763430715326,-1.857446022940798,0.6218369400139605,0.03694747429493789,0.16579368436312927
lucasma01,Maurice Lucas,PF,81.0,215.0,False,1975,1988,14,Pre-3PT,9,4.001826,3.0343554,0.4606632890912706,0.8341951008398717,-0.023311707029681522,-0.46408371052391617,-0.2901143323955207
luety01,Tyronn Lue,PG,72.0,175.0,False,1999,2009,11,Expansion-90s,-1,8.239479,6.973018,0.34768920936725706,-1.4835366651049282,-0.2691601018246361,0.0780110429252634,1.0403787090867802
luwawti01,Timothé Luwawu-Cabarrot,SF,79.0,210.0,False,2017,2022,6,Modern,10,5.737709,8.227117,-1.1526276354696725,-1.5554294437860412,-0.3725222310028175,-0.2598569722182773,-0.7208363443873489
lylestr01,Trey Lyles,PF,81.0,234.0,False,2016,2025,10,Modern,4,4.739317,6.459928,-0.3856789164613108,0.04641774311375413,-0.8302791388110615,-0.2650462412652358,0.015268077900602056
lynchge01,George Lynch,SF,80.0,218.0,False,1994,2005,12,Expansion-90s,5,4.705805,8.177592,-0.21516611233767158,0.1586798171583251,-0.06361770909401163,0.36638278802267676,-0.5573719302515054
macksa01,Sam Mack,SF,79.0,220.0,False,1993,2002,7,Expansion-90s,1,6.4412904,6.673724,0.336203612212522,-1.8141136087939886,-1.2731296426414422,0.02609271444014863,-0.27896595043480515
macksh01,Shelvin Mack,PG,75.0,203.0,False,2012,2019,8,Modern,6,8.8345,8.507457,-0.5191163518193316,-1.1966567501519187,1.3414692120010856,-0.06524023505540233,0.5266248480988114
macledo01,Don MacLean,SF,82.0,235.0,False,1993,2001,9,Expansion-90s,4,4.4958086,7.4913282,-0.44549765169287364,-0.5479553497332805,0.0006715082651507637,-1.4104607150371722,-0.1540741172454161
maconma01,Mark Macon,SG,77.0,185.0,False,1992,1999,6,Expansion-90s,10,7.6986756,8.503482,-0.950591592588613,-1.4983332477851512,1.3615912899513893,0.22967246484902173,-0.9938127340623046
macyky01,Kyle Macy,PG,75.0,175.0,False,1981,1987,7,Early-3PT,-1,8.198908,5.4122434,0.8981596505030087,-0.4272815249651317,-0.3609051064479015,0.726336010121598,0.5522214525633612
madsema01,Mark Madsen,C,81.0,240.0,False,2001,2009,9,Dead-Ball,8,1.6684152,8.265045,-2.6199793757180654,0.27852824726351044,0.7566464752792988,0.0373794973854259,-0.15247131646162376
maggeco01,Corey Maggette,SF,78.0,218.0,False,2000,2013,14,Dead-Ball,-1,6.6127524,3.1034126,1.714181066601186,0.4737639155545508,0.15308527258750776,-1.1308789165689785,0.051151790733684144
magloja01,Jamaal Magloire,C,83.0,259.0,False,2001,2012,12,Dead-Ball,8,0.96640635,7.33881,-1.9798144914905245,1.7685478371246373,0.7863213382940569,-0.15265585052833514,-0.31267909992391374
mahinia01,Ian Mahinmi,C,83.0,262.0,False,2008,2020,12,Dead-Ball,7,0.81780744,5.8058715,-1.1175069591577484,2.068729252355877,-0.19971639585989792,0.8253523811593109,0.3806517226017887
mahorri01,Rick Mahorn,PF,82.0,240.0,False,1981,1999,18,Early-3PT,8,1.3639563,7.5341697,-1.1919336602438497,0.9845091014683197,0.14647379233083702,0.017544962586045293,-0.34061075371000765
majerda01,Dan Majerle,SG,78.0,215.0,False,1989,2002,14,Early-3PT,-1,6.291765,5.7907944,1.6598344824719344,-1.4751692962530376,-1.7409431857169746,1.0651676107561763,-1.056603976749997
makerth01,Thon Maker,C,84.0,221.0,False,2017,2021,5,Modern,-1,3.2164948,9.886102,-1.142943255032786,0.3229522768134703,-0.619361799544834,0.2933252569897604,0.009412315975388968
malonje01,Jeff Malone,SG,76.0,205.0,False,1984,1996,13,Early-3PT,3,7.549934,2.7735379,0.9824038166700195,-0.2801506182377823,-0.14339371257829064,-1.2062480114861658,0.47934376619503904
malonka01,Karl Malone,PF,81.0,250.0,True,1986,2004,19,Early-3PT,11,4.857005,3.5454175,3.8220235268186284,2.863722289930046,0.15770222477325452,-0.5584416547806554,-0.5527785390530535
malonma01,Matt Maloney,PG,75.0,192.0,False,1997,2003,6,Expansion-90s,1,8.236798,7.269917,0.05642377515432079,-2.2941762295102164,-0.0911924535889489,0.7675594971737174,0.13775237443234276
malonmo01,Moses Malone,C,82.0,215.0,True,1975,1995,21,Pre-3PT,5,4.260778,2.9513,1.2507058296318716,1.9993908224987276,-0.4483790051683283,-0.8843205115045112,-0.4054228850710195
mamuksa01,Sandro Mamukelashvili,C,81.0,240.0,False,2022,2026,5,Post-COVID,-1,3.3838034,10.622348,-0.7912741080573582,0.19037232265934242,-0.5885303909470927,-0.009886695553545304,0.07942459576098601
mannida01,Danny Manning,PF,82.0,230.0,False,1989,2003,15,Early-3PT,9,4.231277,3.830066,0.9315427072026543,1.1498020366613424,0.08990181937720428,-0.17371884118314984,-0.12238100617371495
mannied01,Ed Manning,SF,79.0,210.0,False,1968,1976,9,Pre-3PT,2,4.7178907,10.017576,-1.355048468493212,-0.38538489275687265,-0.19375093883466527,0.021700886447806003,-0.12434783961704754
mannipa01,Pace Mannion,SF,79.0,190.0,False,1984,1989,6,Early-3PT,4,6.700219,9.822003,-1.2061823163575522,-0.7849317096071569,-0.08733114084033003,0.9143268249995267,0.25366907832121144
mannte01,Terance Mann,SG,78.0,215.0,False,2020,2026,7,Post-COVID,4,5.743663,8.27766,-0.1968773353483544,-0.32143107980694396,-0.24490785298669576,0.07052391017759331,0.3941297800735427
manntr01,Tre Mann,PG,76.0,178.0,False,2022,2026,5,Post-COVID,6,8.293116,7.91179,-0.212261824649679,-1.3454722708312268,0.9198024712275714,-0.21177061875933764,0.231160644103622
maravpe01,Pete Maravich,SG,77.0,197.0,True,1971,1980,10,Pre-3PT,3,8.025701,3.3973064,2.07186440708579,-0.4736113613931924,0.23092749411560415,-1.048962653466777,0.25332696246557446
marbust01,Stephon Marbury,PG,74.0,180.0,False,1997,2009,13,Expansion-90s,0,8.843127,4.400392,3.41116658882751,-0.20630471177044205,1.2710387349797678,-0.009845714785469376,0.6293944393103061
marcisa01,Šarūnas Marčiulionis,SG,77.0,200.0,True,1990,1997,7,Expansion-90s,-1,7.036935,4.697751,1.3660487371103218,-0.3805976895306973,0.0839519482597008,-0.22140958729262258,0.11574668892179311
mariosh01,Shawn Marion,SF,79.0,220.0,False,2000,2015,16,Dead-Ball,5,4.4387784,3.6597025,1.8114895446442572,1.7279588617714425,-0.4063835389824688,0.245946312054848,-0.8696113121198632
marjabo01,Boban Marjanović,C,88.0,290.0,False,2016,2024,9,Modern,7,1.4393599,6.0231576,-0.911955885823923,2.618184829731092,-0.3595660287464646,-0.380001796566785,1.1504076472066598
markkla01,Lauri Markkanen,PF,85.0,240.0,False,2018,2026,9,Modern,3,5.5647135,4.496545,1.562858619255846,0.28861499672053037,-1.0965323656865393,-0.80262593443499,-0.21705321025452207
marksse01,Sean Marks,PF,82.0,250.0,False,1999,2011,11,Expansion-90s,8,4.106869,10.040163,-1.7613132840835042,0.05970231257289957,-0.33053895028684044,-0.3029480781316187,0.2790334312969044
marshdo01,Donyell Marshall,PF,81.0,218.0,False,1995,2009,15,Expansion-90s,-1,5.31796,5.0123672,0.5207511075221476,0.20904589927994496,-1.0436789117642036,0.026330834887281496,-0.977669584774763
marshdo02,Donny Marshall,SF,79.0,230.0,False,1996,2003,5,Expansion-90s,10,5.8495073,8.65734,-2.364127566749951,-2.041469030691019,0.7045499236749878,-1.1026126450671039,-1.8097959779340211
marshna01,Naji Marshall,SF,78.0,220.0,False,2021,2026,6,Post-COVID,4,5.065242,8.0787525,0.0067799588369817365,-0.06919431316304146,0.42291625474999145,-0.23860434841254255,-0.15293370775775977
martica01,Cartier Martin,SF,79.0,220.0,False,2009,2015,7,Dead-Ball,1,6.2211385,7.3501196,-0.5232784901931871,-1.6508531001913074,-1.0153826857958375,-0.13523410659124835,-0.37639014241889573
martica02,Caleb Martin,SF,77.0,205.0,False,2020,2026,7,Post-COVID,4,6.06715,8.458097,-0.627104406235945,-0.7935187442463588,0.3962228127300002,0.019613242617768603,-0.6644431780105389
martico01,Cody Martin,SF,78.0,205.0,False,2020,2026,7,Post-COVID,10,4.9534535,8.799418,-1.2920641568881455,-0.5811542133684193,0.7911956022259492,0.3139789736990444,-1.0168393353987142
martida01,Darrick Martin,PG,71.0,170.0,False,1995,2008,13,Expansion-90s,10,8.156219,8.11225,-0.35621228608248323,-1.9450353806906604,0.8795109320980411,0.11237637684072252,-0.0903255851764456
martike01,Kenyon Martin,PF,81.0,234.0,False,2001,2015,15,Dead-Ball,9,3.0001645,4.8391085,0.16659534059016667,1.572687069462003,0.3195747814883684,0.09800516595175224,-0.6043697501618268
martike02,Kevin Martin,SG,79.0,199.0,False,2005,2016,12,Dead-Ball,3,7.0370703,4.595317,2.034885589993362,-0.495281159665942,-0.31470291053788824,-0.988728165836277,0.1417206884515282
martike04,KJ Martin,SF,78.0,215.0,False,2021,2025,5,Post-COVID,4,1.9443854,7.2874455,-1.1126687389905399,0.29443953978187587,-0.3687668714129888,0.016816075069090747,0.34524199564731595
mashbja01,Jamal Mashburn,SF,80.0,240.0,False,1994,2004,11,Expansion-90s,-1,7.003781,3.9325354,2.2807776706568004,-0.17000864189489734,0.12042933272121932,-1.0181015548665469,-0.4330088558334299
masonan01,Anthony Mason,PF,80.0,250.0,False,1990,2003,13,Expansion-90s,5,4.0686655,3.9492893,0.8237721235415183,1.6488286702577863,0.1430824013531093,0.053354337088305864,0.6184947124000231
masonde01,Desmond Mason,SF,77.0,224.0,False,2001,2010,10,Dead-Ball,9,6.9808855,4.9952044,0.1542985414792188,0.3127810152855498,0.5189899503366915,-1.1645492244085638,-0.01946344312640716
masonro01,Roger Mason,SG,77.0,200.0,False,2003,2014,10,Dead-Ball,10,6.992103,7.9164996,-0.562356426465916,-2.3954905073531596,-0.22263071058686723,-0.08650362785195986,-0.5928683210121592
masseto01,Tony Massenburg,PF,81.0,220.0,False,1991,2005,13,Expansion-90s,8,2.039891,7.6836133,-1.6487125478443474,0.6740090161932961,0.17198358896145588,-1.0128655946490424,0.28548906978706584
mathega01,Garrison Mathews,SG,77.0,215.0,False,2020,2026,7,Post-COVID,1,6.314345,7.099522,-0.28501793513098594,-2.0742918251663025,-1.6172756379274662,0.10806490451542769,0.07453733622280943
matthwe01,Wes Matthews,PG,73.0,170.0,False,1981,1990,9,Early-3PT,6,9.444614,8.805378,0.27884786599203154,-0.6363363516966841,0.6506009653766093,0.3575898963136932,0.7361409567366612
matthwe02,Wesley Matthews,SG,77.0,220.0,False,2010,2024,15,Dead-Ball,1,6.4008083,6.1011033,0.9365287175578847,-1.4578686676482078,-0.9518279477553425,0.2624288413042668,-0.43339408233645954
maxeyty01,Tyrese Maxey,PG,74.0,200.0,False,2021,2026,6,Post-COVID,0,8.798173,4.369009,2.9680446660363065,-0.0254874280604884,0.6713543998970376,-0.46926307414500135,0.18973193047676035
maxieja01,Jason Maxiell,PF,79.0,260.0,False,2006,2015,10,Dead-Ball,8,2.0851848,6.999519,-1.4266040484303462,1.2563919837388622,0.2066033473131938,-0.460601608701244,0.1568719695896059
maxwece01,Cedric Maxwell,SF,80.0,205.0,False,1978,1988,11,Pre-3PT,9,4.6590357,2.8114367,0.5841742971525268,1.2191806953551692,-0.4849069800912629,0.2848847582612015,0.6919581964837438
maxweve01,Vernon Maxwell,SG,76.0,180.0,False,1989,2001,13,Early-3PT,1,7.4415526,6.4052005,0.895267023878239,-1.894848712911708,-0.39576593815098166,0.11507420934824711,-0.5845448285684547
maybele01,Lee Mayberry,PG,73.0,172.0,False,1993,1999,7,Expansion-90s,6,8.431776,7.3685875,0.002182964195333592,-1.913810173163871,0.10744934734625548,1.167062208381,0.8164803629623973
maydo01,Don May,SF,76.0,200.0,False,1969,1975,7,Pre-3PT,4,6.490765,10.0204315,-0.8306894413614652,-0.741593590863028,-0.248727223719859,-0.3923739748099928,0.40003289835266453
maynoer01,Eric Maynor,PG,75.0,175.0,False,2010,2014,5,Dead-Ball,6,8.382901,8.469669,-0.6336676026234701,-1.6177603068951332,1.0623190064657655,0.0353381473839547,0.4942081089860205
mayooj01,O.J. Mayo,SG,77.0,210.0,False,2009,2016,8,Dead-Ball,3,7.3184557,4.9406543,1.5249855498893445,-1.082843337298948,0.044964479558800716,-0.27978232466627895,-0.16367473773683822
maysc01,Scott May,SF,79.0,215.0,False,1977,1983,7,Pre-3PT,4,4.359707,10.1931305,-0.4246896618725747,-0.04793800381113092,0.07224408743585119,-0.2633805370393705,0.325185811413279
mbahalu01,Luc Mbah a Moute,PF,80.0,230.0,False,2009,2020,12,Dead-Ball,4,4.28597,8.482435,-0.8417191114938527,-0.02145507047266615,-0.17782758363616735,0.43986085764480953,-0.356059539118268
mbengdj01,D.J. Mbenga,C,84.0,245.0,False,2005,2011,7,Dead-Ball,-1,1.3456814,7.531565,-2.4095361890663596,0.9251516394599163,0.5872619992581598,0.2814693211571131,-0.05418514153242962
mcadobo01,Bob McAdoo,C,81.0,210.0,True,1973,1986,14,Pre-3PT,5,4.108153,3.0621119,1.1441609642473567,1.2462253419261227,-0.07900380426734882,-0.5779529950511645,-0.3945074404682592
mcbrimi01,Miles McBride,PG,74.0,195.0,False,2022,2026,5,Post-COVID,10,7.376004,7.938255,-0.22183124837730556,-1.8883279296726483,0.13515283719367804,0.3688405911970529,-0.474159060549258
mccanbo01,Bob McCann,SF,78.0,244.0,False,1990,1998,5,Expansion-90s,10,5.3942246,8.796508,-2.168112018936081,-1.0250767860837302,0.8232751258154062,-0.992508553417562,-1.3902025317365816
mccarwa01,Walter McCarty,PF,82.0,230.0,False,1997,2006,10,Expansion-90s,1,5.1068025,6.9513993,-0.5659024455474317,-1.2254118308506372,-1.004658609065863,0.3629129495989719,-0.32555057874533755
mccawpa01,Patrick McCaw,SG,79.0,181.0,False,2017,2021,5,Modern,4,4.4781,8.587636,-1.2491470700410137,-0.8571324786351877,-0.03994784286252513,0.8957684433673581,0.2929151515075603
mcclate01,Ted McClain,SG,73.0,180.0,False,1972,1979,8,Pre-3PT,6,9.834774,8.047287,-0.15544572507719623,-0.6477975814763028,0.6567499793647108,0.7518652318000268,-0.03884760767737244
mccloge01,George McCloud,SF,80.0,225.0,False,1990,2002,12,Expansion-90s,1,6.5272083,6.1069746,0.6572073959003015,-1.3944887938015051,-0.7333850543109749,0.06912107570899867,-0.30619158907501076
mccolcj01,CJ McCollum,SG,75.0,190.0,False,2014,2026,13,Modern,3,7.339448,4.504003,2.2227847516646473,-0.6140186129293917,0.19852627147207652,-0.7233812577585947,0.24696055103297243
mccontj01,T.J. McConnell,PG,73.0,190.0,False,2016,2026,11,Modern,6,9.45554,5.72152,0.8490003393366583,0.2368181992913376,1.7156635283761306,0.8788120346154404,1.2433397710931418
mccorti01,Tim McCormick,C,83.0,240.0,False,1985,1992,8,Early-3PT,-1,3.4267511,10.9899845,-0.6744169193220255,0.4553653250774191,-0.3637588773648446,-0.28349311203615013,0.4260323748697223
mccoyje01,Jelani McCoy,C,82.0,245.0,False,1999,2008,8,Expansion-90s,7,0.98643345,6.088616,-1.8302187264920118,1.7899737260184607,-0.6218395331497928,1.174873503101393,1.4092393584407752
mccraro01,Rodney McCray,SF,79.0,220.0,False,1984,1993,10,Early-3PT,9,4.7661376,2.9180896,0.6845103879303656,0.6584517543337775,-0.1868655745538912,0.20007303623537337,0.14719978862520033
mcdanja01,Jalen McDaniels,SF,81.0,205.0,False,2020,2025,6,Post-COVID,4,4.7610474,8.742777,-1.0161050079720015,-0.47411753670826795,0.11213178241529632,0.08490370698152963,-0.2546451908481217
mcdanja02,Jaden McDaniels,PF,81.0,185.0,False,2021,2026,6,Post-COVID,5,5.9200363,4.297376,0.2824233826135549,0.07085570756358697,-0.4013736893863836,0.16250448251837754,-0.45597931691320265
mcdanxa01,Xavier McDaniel,SF,79.0,205.0,False,1986,1998,12,Early-3PT,9,3.319903,5.168248,0.7030544382341481,0.7428976300824152,0.24253223205055469,-1.1493208032805122,-0.4608453046888676
mcderdo01,Doug McDermott,SF,79.0,225.0,False,2015,2026,12,Modern,1,6.1039853,7.161263,-0.31358376548044825,-1.4354388591112646,-1.3141760107458025,-0.5360733384776025,0.38389850265984354
mcdowha01,Hank McDowell,PF,81.0,215.0,False,1982,1987,6,Early-3PT,2,4.050656,10.339282,-1.6245348246177045,-0.017273975677453396,-0.2997003396075367,-0.08649923290639827,0.4767369126361907
mcdyean01,Antonio McDyess,PF,81.0,220.0,False,1996,2011,15,Expansion-90s,9,2.7893393,5.1396494,0.3902120727793668,1.8128653286383203,-0.11030609073439239,-0.4878691395814657,-0.165460262157216
mcelrji01,Jim McElroy,PG,75.0,190.0,False,1976,1982,7,Pre-3PT,6,8.115472,9.433339,-0.32502214206228575,-0.8682033422123346,0.4945170147231462,-0.06956025133772091,0.4417689552325525
mcgeeja01,JaVale McGee,C,84.0,270.0,False,2009,2024,16,Dead-Ball,7,0.9142458,5.5888486,-0.7873053158562509,2.4348834912415955,-0.6408452552213204,0.3201786026845269,0.2154552942373088
mcgeemi01,Mike McGee,SF,77.0,190.0,False,1982,1990,9,Early-3PT,1,7.641703,6.271267,0.0687573787073173,-0.7061594798429118,-0.5404854794528987,-0.21340027089334154,0.2757427573198047
mcginge01,George McGinnis,PF,80.0,235.0,True,1972,1982,11,Pre-3PT,5,4.8004026,3.4828665,1.8310085762450519,1.2586957017067064,0.692015019555937,-0.12394016189332693,-0.8740440753455889
mcgratr01,Tracy McGrady,SG,80.0,210.0,True,1998,2012,15,Expansion-90s,-1,6.5542483,3.7932258,2.8197656835540275,0.44551640747438814,0.09226154610900102,-0.25820437745768005,-0.6234371998633577
mcgruro01,Rodney McGruder,SG,76.0,205.0,False,2017,2023,7,Modern,4,5.927484,7.4461436,-0.648414751602189,-1.0346765157125881,-0.7374170054335939,0.26554705569694204,0.08102865292213239
mcguido01,Dominic McGuire,SF,81.0,220.0,False,2008,2013,6,Dead-Ball,-1,4.5441685,8.929252,-2.4498992012601812,-0.4721744075333564,1.1905333272922252,-0.10995428604078854,-1.2430070650281442
mchalke01,Kevin McHale,PF,82.0,210.0,True,1981,1993,13,Early-3PT,5,4.6101537,2.9434133,1.710177624315158,1.9115149299376906,-0.887680717039126,-0.3501654857794596,-0.08198165928691156
mcilvji01,Jim McIlvaine,C,85.0,240.0,False,1995,2001,7,Expansion-90s,-1,0.7056321,6.8493648,-2.0446664087581254,1.2518707285506652,0.17131514924099728,0.8802613573178915,-0.4542011968944661
mcinnje01,Jeff McInnis,PG,76.0,190.0,False,1997,2008,11,Expansion-90s,6,9.013447,6.9753585,0.6198661026463412,-0.9901339455753781,0.6156509172015615,-0.1301853087339851,1.0358133772336295
mckenke01,Kevin McKenna,SG,77.0,195.0,False,1982,1988,6,Early-3PT,4,8.011129,8.998842,-0.5859858131221054,-1.2711345046969824,-0.13138874592955915,0.3207789156425719,0.06610312871990362
mckeyde01,Derrick McKey,SF,82.0,241.0,False,1988,2002,15,Early-3PT,9,5.484309,3.6106915,0.5212707424614167,0.35549131128988176,-0.23376465755673037,0.26974623129224284,-0.3489815435889097
mckieaa01,Aaron McKie,SG,77.0,209.0,False,1995,2007,13,Expansion-90s,4,9.215553,6.843709,0.20776002287078638,-0.6449238135929884,0.024846002436064732,0.8994968931494645,-0.22306972592386876
mckinal01,Alfonzo McKinnie,SF,79.0,215.0,False,2018,2022,5,Modern,4,5.264446,7.6312795,-1.3436109996883707,-0.5420376625209433,-1.1681997973829674,-0.2306186356989557,0.44503216297951126
mckinbi01,Billy McKinney,PG,72.0,160.0,False,1979,1986,7,Pre-3PT,4,7.4036646,9.907466,-0.26282593904342794,-0.7431081391457638,0.1562313818090792,0.16996396491186525,0.9710591798830979
mclaujo01,Jordan McLaughlin,PG,71.0,185.0,False,2020,2026,7,Post-COVID,6,8.396174,8.566755,-0.40692546080425696,-1.3909491443316448,0.315042183603946,1.257401739479409,0.6519482378738974
mclembe01,Ben McLemore,SG,75.0,195.0,False,2014,2022,9,Modern,1,6.627537,7.4912686,-0.24682536668442315,-1.7684935173506175,-0.6185231933688613,-0.2892541334378248,-0.19119760108942563
mcmilna01,Nate McMillan,PG,77.0,195.0,False,1987,1998,12,Early-3PT,6,9.009368,6.544343,1.0335026134132017,-1.0097578319413567,0.02266796934870509,2.319704150058423,-1.0085355481299922
mcmilto01,Tom McMillen,C,83.0,215.0,False,1976,1986,11,Pre-3PT,2,4.794282,10.189329,-0.9128038692099611,-0.11380004211306366,-0.5436364955875653,-0.533572004970417,0.5171506665024679
mcnamma01,Mark McNamara,C,83.0,235.0,False,1983,1991,8,Early-3PT,2,3.9613917,10.840303,-1.851842126782445,0.0662222266656993,-0.3277890944884694,-0.5161698739769197,0.24526489628425907
mcrobjo01,Josh McRoberts,PF,82.0,240.0,False,2008,2018,11,Dead-Ball,-1,4.956078,7.356768,-0.8414759783787216,-0.11473634832655533,-0.3433565811857213,0.37655040410542284,0.07476741825875124
medvest01,Stanislav Medvedenko,PF,82.0,250.0,False,2001,2007,7,Dead-Ball,8,2.6148114,7.380278,-1.1678081032215548,0.15534818772945244,0.005309463903802145,-1.0615755220827157,0.7233805186055877
meeksjo01,Jodie Meeks,SG,76.0,210.0,False,2010,2019,10,Dead-Ball,1,6.571786,6.5463643,0.4453183585237604,-1.461358544149688,-1.1531056202407992,-0.07838065317218967,0.08954706976840496
meltode01,De'Anthony Melton,PG,74.0,200.0,False,2019,2026,8,Modern,6,9.043132,6.430806,0.5624820282118099,-0.85154988441522,0.40288209257606317,0.9185143829765433,-0.7423547775969537
mercero01,Ron Mercer,SG,79.0,210.0,False,1998,2005,8,Expansion-90s,-1,7.089748,5.1911592,0.5468713186154661,-0.582905698870089,0.6556130451500436,-1.3641720774178305,-0.147063058546005
meriwjo01,Joe Meriweather,C,82.0,215.0,False,1976,1985,10,Pre-3PT,-1,2.8294244,10.429159,-0.9027196512637545,0.49673724260093455,-0.7216285172399907,0.24945073169431684,0.07251752802890793
merrisa01,Sam Merrill,SG,76.0,205.0,False,2021,2026,6,Post-COVID,1,6.3196054,6.766615,0.08945308299203852,-1.9207384520683863,-1.6182258103885512,0.40893285121629863,0.3785305805854232
metuch01,Chimezie Metu,C,82.0,225.0,False,2019,2024,6,Modern,9,1.9236034,6.7427506,-0.9716170513263729,0.7423930016127052,-0.14656473006449797,-0.029767419719317824,0.410094017377283
middlkh01,Khris Middleton,SF,79.0,222.0,False,2013,2026,14,Modern,-1,7.1438713,4.169128,1.5011586678903155,-0.38592111719341976,0.21519656701489726,-0.5641103553426788,0.12182784906215892
mihmch01,Chris Mihm,C,84.0,265.0,False,2001,2009,8,Dead-Ball,8,1.4056783,7.134843,-1.3945212949538937,1.3594161456140486,0.5161590590540576,-0.7227047773818124,-0.15242277425253997
milescj01,C.J. Miles,SF,78.0,220.0,False,2006,2022,16,Dead-Ball,1,6.5102944,6.818848,0.21891634194018644,-1.4368121944869305,-0.8744795678042988,-0.06994528984878352,-0.4415161115978747
milesda01,Darius Miles,SF,81.0,210.0,False,2001,2009,7,Dead-Ball,9,2.9370189,4.804581,0.16315805821962837,0.939922984706025,0.5683356567764305,-0.26500198178622136,-0.4324250201954541
milicda01,Darko Miličić,C,84.0,250.0,False,2004,2013,10,Dead-Ball,8,1.429522,7.5890427,-1.9510674712332348,1.0276397120009955,1.1224428220730551,-0.11499252175616943,-0.5615457513355173
millean01,Anthony Miller,PF,81.0,225.0,False,1995,2005,8,Expansion-90s,8,1.9008634,7.7483935,-2.189013362762563,0.19697071580275896,0.07173220924399688,-0.291076484591846,0.6403247630518178
millean02,Andre Miller,PG,75.0,200.0,False,2000,2016,17,Dead-Ball,-1,9.364052,5.3770537,1.5729263761352876,0.36178822407921873,1.4743384034524678,0.49392674065646336,1.1687306292745712
millebr01,Brad Miller,C,83.0,244.0,False,1999,2012,14,Expansion-90s,5,4.343538,3.26555,0.9426947771680341,1.3236205881552037,-0.2717264306012787,0.17066036076589355,0.33543389813836044
milleda01,Darius Miller,SF,78.0,225.0,False,2013,2021,6,Modern,10,6.155242,7.7061896,-0.7424722401114698,-1.8352425392538068,-0.5316246080345551,0.04638387032472739,0.011594309015248494
millemi01,Mike Miller,SF,80.0,218.0,False,2001,2017,17,Dead-Ball,1,6.2612953,5.5855074,1.0530802002530995,-0.9175382186414321,-1.1086417655535048,0.3311765183282953,-0.040385523594154954
milleol01,Oliver Miller,C,81.0,280.0,False,1993,2004,9,Expansion-90s,7,0.7051273,5.6958556,-0.7297730248493199,1.9070691660592145,0.203549908287178,1.065925992901618,0.24796197019307908
millere01,Reggie Miller,SG,79.0,185.0,True,1988,2005,18,Early-3PT,-1,6.708664,4.892447,3.5263696639414284,-0.7764456190997034,-1.726018263585567,0.23106067112355835,0.1586568998563384
millsch01,Chris Mills,SF,78.0,215.0,False,1994,2003,10,Expansion-90s,3,6.237448,4.546567,0.7456679541258726,-0.23790000749048462,-0.5812003636846186,-0.5306095989474107,-0.3417118556836086
millspa01,Paul Millsap,PF,79.0,257.0,False,2007,2022,16,Dead-Ball,5,4.2786455,3.694377,1.1084893453018936,1.6245371740914119,-0.2089918782386248,0.2546787505432191,-0.5320956103209362
millspa02,Patty Mills,PG,74.0,180.0,False,2010,2025,16,Dead-Ball,1,7.9711,6.869574,0.6132014890303277,-1.8757381039520622,-0.8438215445264389,0.4357615521402415,0.676412105939241
millste01,Terry Mills,PF,82.0,230.0,False,1991,2001,11,Expansion-90s,1,4.7809467,6.4344835,0.23103410156699072,-0.4314469901510235,-0.954250491676524,-0.39808351433869316,-0.1314824729135014
miltosh01,Shake Milton,SG,77.0,205.0,False,2019,2025,7,Modern,4,6.2051744,8.1004095,-0.3933690491743407,-0.7794894735967655,0.02392131600648624,-0.2352490941990234,0.36273791649157927
mingya01,Yao Ming,C,90.0,310.0,True,2003,2011,8,Dead-Ball,11,3.9974778,3.6668134,2.3367416355426824,3.5737765099769883,-0.09266941316419475,-0.6071797555753266,-0.14223401137019653
minorgr01,Greg Minor,SG,78.0,210.0,False,1995,1999,5,Expansion-90s,4,5.9335537,8.009255,-0.19830254942555883,-0.2595286215847328,-0.1711240497840425,-0.5174799520241444,0.635693509279063
mirotni01,Nikola Mirotić,PF,82.0,250.0,False,2015,2019,5,Modern,3,5.275697,5.062492,0.9334913300541925,0.020984012944190222,-1.198739965717409,-0.150832929494913,-0.6382529075512984
mitchda01,Davion Mitchell,PG,72.0,202.0,False,2022,2026,5,Post-COVID,6,8.710512,7.755738,0.013430441567167495,-1.2483846712361428,0.8624146713611051,0.5528457471384474,0.7274457037960502
mitchdo01,Donovan Mitchell,SG,74.0,215.0,False,2018,2026,9,Modern,-1,6.859973,3.893759,3.943420146475159,0.1798628684757879,0.43420400649593055,-0.2883002039162952,-0.18077010470752192
mitchmi01,Mike Mitchell,SF,79.0,215.0,False,1979,1988,10,Pre-3PT,3,7.2338233,2.7927191,0.8477858012938579,0.42761386785054756,-0.496115367189372,-1.493020458947935,0.23657020923368027
mitchsa01,Sam Mitchell,SF,78.0,210.0,False,1990,2002,13,Expansion-90s,4,5.7153063,7.914764,0.011931132752097118,-0.09751419420278956,-0.3148601577142325,-0.8164861954409985,0.151735903793826
mixst01,Steve Mix,SF,79.0,215.0,False,1970,1983,13,Pre-3PT,4,6.729144,9.9356,0.10306334038039577,0.2590826806277744,-0.9289977700451121,0.3257464577871688,0.4862322768525793
moblecu01,Cuttino Mobley,SG,76.0,190.0,False,1999,2009,11,Expansion-90s,3,6.904203,4.676609,2.06532684776024,-0.6579665870696254,-0.4391961389521325,-0.27253415941019654,-0.15108773784831125
mobleev01,Evan Mobley,PF,83.0,215.0,False,2022,2026,5,Post-COVID,11,4.1726794,3.571839,1.6117940883822501,2.9865787850132266,0.09088540596576895,0.3062696513335318,-0.7699763454055044
mohamna01,Nazr Mohammed,C,82.0,221.0,False,1999,2016,18,Expansion-90s,7,1.3610731,6.714496,-1.3386825719278246,1.625843964380869,-0.02957991725431995,-0.28171748414898995,0.13908819772841777
moisoje01,Jérôme Moïso,C,82.0,235.0,False,2001,2005,5,Dead-Ball,8,1.4323491,6.9616942,-2.2170924673037735,1.3371785488866283,0.09736314850290996,0.3666575547868397,0.211033704573975
mokespa01,Paul Mokeski,C,84.0,250.0,False,1980,1991,12,Early-3PT,2,4.0785522,10.278331,-1.5482278299562513,-0.06651122721634888,-0.08592977254632282,0.14721824047587856,-0.18163017673039017
moncrsi01,Sidney Moncrief,SG,76.0,180.0,True,1980,1991,11,Early-3PT,5,6.1698747,2.9270167,1.9273566009140444,0.9070201431272308,-0.23621362905480248,0.2351689831026724,0.27781942958193845
moneyer01,Eric Money,PG,72.0,170.0,False,1975,1980,6,Pre-3PT,6,9.3021145,8.897374,0.20144792703187347,-0.6542817321820518,0.6984695790979877,-0.12277438556427178,0.6836188619245946
monkma01,Malik Monk,SG,75.0,200.0,False,2018,2026,9,Modern,3,7.522301,5.2763968,0.9133652315362941,-1.1032408614373226,0.007356041649969336,-0.36807967502513805,0.2521747679748182
monrogr01,Greg Monroe,C,83.0,265.0,False,2011,2022,10,Dead-Ball,7,1.358304,5.190158,0.1346695890456292,2.5278998009601628,-0.1836795164622776,0.16645633736544185,0.6211043020758171
montrer01,Eric Montross,C,84.0,270.0,False,1995,2002,8,Expansion-90s,8,1.2608681,7.5777006,-2.3933629008240387,1.0647770916471015,0.4525435604761983,-0.04282386743334046,-0.15268073000281923
moodymo01,Moses Moody,SG,77.0,211.0,False,2022,2026,5,Post-COVID,1,6.1917,7.085496,-0.09105598461160552,-0.9691361978235108,-1.011097622760695,0.020114995504205077,0.0016809800752227155
moonja01,Jamario Moon,SF,80.0,205.0,False,2008,2012,5,Dead-Ball,1,5.5867057,6.8913302,-0.2651673372840226,-0.6961080045467661,-1.1883865509787583,0.6881948187779268,-0.7650762892502694
mooreet01,E'Twaun Moore,SG,75.0,191.0,False,2012,2021,10,Modern,4,7.214914,7.3933434,-0.23365127039832193,-0.9946340719574482,0.20944260133856357,-0.15753834109421563,0.3531935594902861
moorejo01,Johnny Moore,PG,73.0,175.0,False,1981,1990,9,Early-3PT,6,9.591778,8.079298,0.2113958473645438,-0.7206794139867568,1.341091886682101,0.8779525880709147,-0.018152663077876136
mooremi01,Mikki Moore,C,84.0,225.0,False,1999,2012,13,Expansion-90s,8,2.3651817,6.6587324,-1.2216780023404845,0.9036589013536952,-0.5088780542620703,-0.15401842317847256,0.897215808602746
mooretr01,Tracy Moore,SG,76.0,200.0,False,1992,1997,5,Expansion-90s,1,6.234503,6.637184,0.31407665536494583,-1.0956304791550782,-1.2955055248651335,0.46918553897535353,0.2899973647209464
moranja01,Ja Morant,PG,74.0,174.0,False,2020,2026,7,Post-COVID,0,8.466084,4.174688,3.0820325746602997,0.7384709282869195,2.207927282517827,-0.7509970992143156,0.41922028659847466
morrich01,Chris Morris,SF,80.0,210.0,False,1989,1999,11,Early-3PT,1,5.9884925,5.2870607,0.7295053730026491,-0.217098907684346,-0.9860634779634607,0.27373579689209504,-0.9306996058087447
morrima02,Markieff Morris,PF,81.0,245.0,False,2012,2025,14,Modern,4,4.622057,7.5354624,-0.4668469653571111,-0.5347959139878077,0.0948656936017118,-0.7496479567459142,-0.3125619527068113
morrima03,Marcus Morris,PF,80.0,218.0,False,2012,2024,13,Modern,4,4.6528163,7.3945007,0.16114799524384366,-0.6612676181312768,-0.3907900258961952,-0.8242444386553458,-0.2972094373262143
morrimo01,Monte Morris,PG,74.0,183.0,False,2018,2026,9,Modern,6,8.9445,7.2643876,0.1688542357148473,-0.7416717092623826,0.24270504005385318,0.33520722666929803,0.7769639342052619
morroan01,Anthony Morrow,SG,77.0,210.0,False,2009,2017,9,Dead-Ball,1,6.5931954,6.6288385,0.3844951780638641,-1.4750030725957475,-1.2238610240440075,-0.5006437523760834,0.5934122473194567
motiedo01,Donatas Motiejūnas,PF,84.0,255.0,False,2013,2019,6,Modern,8,1.7713057,7.793987,-1.4782191735998371,0.41623996667700636,0.518464767059233,-0.6250489912604404,0.16864690590059117
mountri01,Rick Mount,SG,75.0,175.0,False,1971,1975,5,Pre-3PT,1,7.6185884,6.315303,0.21002706311568337,-1.253597220869248,-0.24011086665008086,-0.685725316778705,0.2627556102261118
mournal01,Alonzo Mourning,C,82.0,240.0,True,1993,2008,15,Expansion-90s,11,3.6368103,3.7069173,0.984431507872489,3.2890755078559826,-0.25992916292216817,-0.14901320177408284,-0.4324392483982992
mozgoti01,Timofey Mozgov,C,85.0,275.0,False,2011,2018,8,Dead-Ball,7,0.8592172,6.218313,-1.0484488989920353,1.564429248206263,-0.29436788342317494,0.029864566905515116,0.6731900111283193
mudiaem01,Emmanuel Mudiay,PG,75.0,200.0,False,2016,2022,6,Modern,6,8.958058,8.430078,-0.14094238991133856,-0.945818209436862,2.271023480711577,-0.6588625951797143,0.08611665079788401
muhamsh01,Shabazz Muhammad,SG,77.0,225.0,False,2014,2018,5,Modern,-1,2.9854078,6.937982,-0.6333825150586231,0.1944833073477896,-0.17091051775492938,-1.405588935509908,0.4584460434875954
mulleby01,Byron Mullens,C,84.0,275.0,False,2010,2014,5,Dead-Ball,2,4.9491787,10.458221,-1.2689057274132358,-0.6282329512502244,-0.13370859960742318,-0.6096731919571908,-0.28423053308987994
mullich01,Chris Mullin,SF,79.0,215.0,True,1986,2001,16,Early-3PT,3,6.560374,4.732432,2.6731582205371023,-0.3698216493393828,-1.0693720625310175,0.2367223376456242,-0.2801622881587779
murdoer01,Eric Murdock,PG,73.0,190.0,False,1992,2000,9,Expansion-90s,6,8.927875,5.950227,1.1809393162973774,-0.5969960267763518,0.8984467554742617,1.024255168547257,0.23557902762486085
muresgh01,Gheorghe Mureșan,C,91.0,303.0,False,1994,2000,6,Expansion-90s,-1,1.7441645,7.852682,-1.8393487700970257,0.5708140119262549,1.2584352399162342,-2.0345322351425046,-0.4480899228920297
murphca01,Calvin Murphy,PG,69.0,165.0,True,1971,1983,13,Pre-3PT,3,7.795896,3.013203,1.6731251069595363,-0.07551667658540626,0.19487414650114465,-0.4322498800449688,0.5083732911992449
murphto01,Tod Murphy,PF,81.0,220.0,False,1988,1994,5,Early-3PT,2,3.7442577,10.415331,-1.1442519753626545,0.07899391766540034,-0.9957604888418392,0.45354222252074117,0.9824023010631324
murphtr01,Troy Murphy,PF,83.0,245.0,False,2002,2013,12,Dead-Ball,9,4.734158,5.131596,0.20558394978145111,0.1854639768445633,-0.5382651072942092,-0.22679463352350965,-0.35653988589242064
murphtr02,Trey Murphy III,SF,80.0,206.0,False,2022,2026,5,Post-COVID,3,5.9849257,4.979129,1.6533259860656497,-0.4428706389286414,-1.1351637314360297,0.050591124909438526,-0.5273131533583373
murrade01,Dejounte Murray,PG,76.0,180.0,False,2017,2026,9,Modern,-1,8.486539,4.3150415,1.7257259415852102,0.1257636956458141,1.5951361268275044,0.0847267031667345,-0.0065696999074389695
murraja01,Jamal Murray,PG,76.0,215.0,False,2017,2026,9,Modern,0,8.844941,4.4156904,2.649211539032574,-0.3214352668196393,0.5010342633055235,-0.29203798342283493,0.48389351991762186
murrala01,Lamond Murray,SF,79.0,236.0,False,1995,2006,11,Expansion-90s,3,6.030995,4.813322,0.5863999400655426,-0.41456088285575254,-0.42841738433268955,-0.5544400751608246,-0.4971475506543554
murraro01,Ronald Murray,SG,76.0,190.0,False,2003,2010,8,Dead-Ball,6,7.3591027,7.707302,0.0041411723448666615,-1.0615418288376322,1.0168475572803473,-0.626432882905428,0.03526733436498217
murratr01,Tracy Murray,SF,79.0,225.0,False,1993,2004,12,Expansion-90s,1,6.2620573,7.220844,-0.06190907091455514,-1.4943661431725002,-1.1158369113757736,-0.5297384810127279,-0.3812623914602831
muscami01,Mike Muscala,C,82.0,240.0,False,2014,2024,11,Modern,-1,4.38501,6.9035344,-0.7584547023115289,-0.5130640267281099,-1.0725891331803876,0.044528004040170696,0.24114198761023337
mutomdi01,Dikembe Mutombo,C,86.0,245.0,True,1992,2009,18,Expansion-90s,7,1.2059095,5.183347,-0.18191410034855596,3.273265616197179,-0.35643272581619045,0.8009041095838351,-0.6435683399687719
myerspe01,Pete Myers,SG,78.0,180.0,False,1987,1998,9,Early-3PT,4,3.9679513,8.565929,-0.9927947829721087,-0.25796541138863355,0.5593580790173716,0.41400678453429607,0.07850124271931411
mykhasv01,Svi Mykhailiuk,SF,79.0,205.0,False,2019,2026,8,Modern,1,6.3874164,7.5374784,-0.3868674795914988,-1.8634707026536317,-0.6103829049829171,-0.013736300270121446,-0.33809115673804446
nachbbo01,Boštjan Nachbar,SF,81.0,221.0,False,2003,2008,6,Dead-Ball,10,5.746481,8.089742,-0.7518854192736839,-1.4313910376357832,-0.4522629223023605,-0.13912783719067118,-0.8679858803094791
naderab01,Abdel Nader,SF,77.0,225.0,False,2018,2022,5,Modern,4,4.8565025,8.506284,-1.3134912645513415,-0.7704161620339313,-0.1614191584133418,0.278439407766519,-0.7360457484947653
nailole01,Lee Nailon,SF,81.0,238.0,False,2001,2006,6,Dead-Ball,9,2.969891,6.7291794,-0.8216805357508361,0.3323821839068555,0.3146456655169337,-1.3911078421824306,0.5538415289676384
najered01,Eduardo Nájera,PF,80.0,240.0,False,2001,2012,12,Dead-Ball,4,4.0664945,8.434926,-1.0350542569706032,0.11516486591526418,-0.3152009912543369,0.44375728970331163,-0.15724306940223554
nancela01,Larry Nance,PF,82.0,205.0,False,1982,1994,13,Early-3PT,5,4.553722,3.020333,1.7830705085641343,1.9932424776575697,-0.7015250356911809,0.2814642538584673,-0.5639887350098443
nancela02,Larry Nance Jr.,PF,78.0,245.0,False,2016,2026,11,Modern,9,1.3763113,5.7979317,-0.27759258928603997,1.1347486431373608,-0.3931366269110573,0.7466707373760791,0.20651023137058164
napiesh01,Shabazz Napier,PG,72.0,175.0,False,2015,2020,6,Modern,6,8.348762,7.572034,0.3026496966474274,-1.412384081842725,0.9527106129301359,0.5656251462497744,0.09468929546911384
nashst01,Steve Nash,PG,75.0,195.0,True,1997,2014,18,Expansion-90s,0,9.051904,4.91042,3.3587010102999404,-0.5123066050115513,0.4779651166418449,0.8336190121178266,1.700994712931214
natersw01,Swen Nater,C,83.0,240.0,False,1974,1984,11,Pre-3PT,9,2.9954903,10.751675,-0.11022430900791302,1.128665906256451,-0.6540056387191056,-0.29671687658919443,0.08620590236681774
nattca01,Calvin Natt,SF,78.0,220.0,False,1980,1990,11,Early-3PT,9,6.496392,2.8214524,0.7859139883815214,0.713439168613733,-0.27688240665410546,-0.6337517433662984,0.3132309443666174
ndiayma02,Mamadou N'Diaye,C,84.0,255.0,False,2001,2005,5,Dead-Ball,-1,2.0991528,8.068729,-2.6235374656449966,0.7455388858136008,0.9194862900379093,-0.6640243814985959,-0.5382703323096019
nealga01,Gary Neal,SG,76.0,210.0,False,2011,2017,7,Dead-Ball,1,7.0655336,6.925364,0.3076432944629463,-1.692035632607821,-0.08678925043335764,-1.2174851600773766,0.2214929837676176
nealyed01,Ed Nealy,PF,79.0,238.0,False,1983,1993,10,Early-3PT,2,4.120227,9.945199,-1.428593746271151,-0.2795803364324384,-0.7700409302591491,0.5744009658808903,0.2945630020367443
nelsoja01,Jameer Nelson,PG,72.0,190.0,False,2005,2018,14,Dead-Ball,6,8.818695,5.835598,1.1973064092244163,-1.2813486724663796,0.63620755207516,0.5754615291328878,0.4177299492683389
nesmiaa01,Aaron Nesmith,SF,77.0,215.0,False,2021,2026,6,Post-COVID,1,6.161378,7.1810617,-0.16281672339865422,-0.9527247698451975,-0.796188170744974,-0.2770606049565384,-0.17380023770968195
nestera01,Rasho Nesterović,C,84.0,248.0,False,1999,2010,12,Expansion-90s,7,1.0480075,6.558775,-0.931944110027271,1.4379939954567709,-0.17321319624149567,0.05091525684609617,0.15205331734692823
netolbo01,Bob Netolicky,PF,81.0,220.0,False,1968,1976,9,Pre-3PT,9,6.8304744,2.6948972,0.07138231829426783,0.49820056450269967,-0.5559302337178299,-0.7721689461933975,0.20463131047152036
netora01,Raul Neto,PG,74.0,180.0,False,2016,2023,8,Modern,6,8.459339,8.527301,-0.2975391278774683,-0.7527492383361457,0.47504453777842387,0.6959248071520717,0.8966972607219679
neumajo01,Johnny Neumann,SG,78.0,200.0,False,1972,1978,7,Pre-3PT,1,7.5687375,6.1855865,0.34484126883088656,-1.1487122607849087,0.250429232940951,-0.6840688299431552,-0.03937397880608787
nevitch01,Chuck Nevitt,C,89.0,217.0,False,1983,1994,9,Early-3PT,2,3.9481955,10.520123,-2.0947450722519214,0.3842681756364007,0.017093449107071987,-0.059308284265397485,-0.488595584985653
newblir01,Ira Newble,SF,79.0,220.0,False,2001,2008,8,Dead-Ball,10,5.6631722,8.669452,-1.3316517997819963,-0.8765382236220379,0.04769207434867499,-0.22070968115153777,-0.5541374773310308
newlimi01,Mike Newlin,SG,76.0,200.0,False,1972,1982,11,Pre-3PT,3,8.206814,3.5502427,1.3275405965032707,-0.42211944387081307,0.07590916403602181,-0.4285560598106587,0.5594479892684826
newmajo01,Johnny Newman,SF,79.0,190.0,False,1987,2002,16,Early-3PT,1,6.801859,6.0419526,0.6787442870051839,-0.7400726908667458,-0.7042966456246109,-0.2505479377419057,0.029429122648844022
niangge01,Georges Niang,PF,78.0,230.0,False,2017,2025,9,Modern,1,5.028717,6.9290648,-0.5456543700755687,-1.0181017866384374,-1.0255783401581309,-0.1297357488594887,-0.03579249739833626
nichoan01,Andrew Nicholson,PF,81.0,250.0,False,2013,2017,5,Modern,8,2.54081,7.751109,-1.5256397896075482,-0.13337051209676076,0.2406904350930748,-0.9099608667548938,0.05821268868603978
nimphku01,Kurt Nimphius,C,82.0,218.0,False,1982,1990,8,Early-3PT,-1,3.091546,10.234008,-0.9313510907993685,0.37107906702078874,-0.4048058380127292,-0.0012190543372205126,-0.018528553457637514
nixonno01,Norm Nixon,PG,74.0,170.0,False,1978,1989,10,Pre-3PT,-1,8.482044,3.4177227,1.5479816896498844,-0.5201278910396459,0.9093787721388058,0.16562992184832,0.6387441997610006
nnajize01,Zeke Nnaji,PF,82.0,240.0,False,2021,2026,6,Post-COVID,-1,3.3360426,9.466311,-1.54422301256315,0.22997496070658477,-0.5981133961601273,0.1944798734697271,0.2180594309131596
noahjo01,Joakim Noah,C,83.0,230.0,False,2008,2020,13,Dead-Ball,7,1.1656336,5.200399,-0.21552628108760008,2.5818713667976914,0.61409671908303,1.1302244556755943,-0.40895860278062973
nocioan01,Andrés Nocioni,SF,79.0,225.0,False,2005,2012,8,Dead-Ball,-1,5.860909,5.1406665,0.27853155054668993,-0.47743239195727394,-0.614783716466951,-0.5631581879485364,-0.4968191762262611
noelne01,Nerlens Noel,C,82.0,220.0,False,2015,2023,9,Modern,7,1.2012405,5.949587,-1.0860056329069405,2.02232576882959,0.9410071900611514,1.0934849524425758,-0.5179505198504286
normake01,Ken Norman,SF,80.0,215.0,False,1988,1997,10,Early-3PT,3,5.552345,4.9219275,0.3334870305992265,-0.1286865991363573,-0.5459292860542729,-0.4971604421844318,-0.9828010084824297
norrimo01,Moochie Norris,PG,73.0,175.0,False,1997,2006,9,Expansion-90s,6,8.285209,8.454233,-0.7702920183456381,-1.3363732883843815,1.1133240952056005,0.4334367538082309,0.020084713698247852
novakst01,Steve Novak,PF,82.0,225.0,False,2007,2017,11,Dead-Ball,1,5.0591764,6.661113,-0.17879974916556646,-1.9664594728511593,-2.6257851204161144,-0.11029722246553413,0.6841318993045826
nowelja01,Jaylen Nowell,SG,76.0,201.0,False,2020,2025,6,Post-COVID,10,6.3205996,8.112341,-0.6879644757859795,-1.1173062373869846,0.47976975910701763,-1.0690958167695257,0.5092311406918777
nowitdi01,Dirk Nowitzki,PF,84.0,245.0,True,1999,2019,21,Expansion-90s,11,5.511265,3.6297758,3.396006614408753,1.2737993820345397,-1.102380980230423,-0.724804251161368,-0.24434323844682004
ntilila01,Frank Ntilikina,PG,76.0,200.0,False,2018,2024,7,Modern,10,7.525525,8.429404,-1.2308101832713079,-2.0494610167354823,0.9667381487853686,-0.08768721003340271,-0.645716083928185
nurkiju01,Jusuf Nurkić,C,83.0,290.0,False,2015,2026,12,Modern,-1,1.3169097,5.1810274,-0.14068852831000112,2.3210086570621327,0.9875846033996296,0.2265411337525434,-0.4588252915121766
nwabada01,David Nwaba,SF,77.0,219.0,False,2017,2022,6,Modern,4,3.722386,8.164861,-0.9024407552616576,0.5201049519926425,-0.351731278277002,0.3708031131360212,-0.1480374442923033
oaklech01,Charles Oakley,PF,81.0,225.0,False,1986,2004,19,Early-3PT,9,2.872278,5.3425307,0.1318064031311974,0.7167255332399143,0.26867460012115857,0.028588002011479915,-0.49992913215968676
obertfa01,Fabricio Oberto,C,82.0,245.0,False,2006,2011,6,Dead-Ball,7,1.2356237,6.4316626,-1.7684192058128818,1.4314482201977075,-0.145308667052038,0.7522633653219546,1.2825903390012803
odomla01,Lamar Odom,PF,82.0,220.0,False,2000,2013,14,Dead-Ball,5,4.9266276,3.6276422,1.6282263144593405,1.2688802829509724,0.14776229065943752,0.2915690274288596,-0.6454214946775032
ojelese01,Semi Ojeleye,PF,78.0,240.0,False,2018,2022,5,Modern,10,5.0873938,7.6562376,-1.5642335331343775,-1.2550482759569073,-0.5868151811949275,-0.34380482861980444,-0.4808145981648902
okafoem01,Emeka Okafor,C,82.0,252.0,False,2005,2018,10,Dead-Ball,-1,1.6870085,5.158819,-0.023617197578207877,2.8326286076484397,0.07157506420545635,-0.27717355450389636,-0.37259340200558505
okafoja01,Jahlil Okafor,C,82.0,270.0,False,2016,2025,7,Modern,7,1.3171723,6.607411,-1.1781211960949576,1.7566564597146253,0.27829415932037155,-0.44811608451339424,0.8685043430360144
okekech01,Chuma Okeke,PF,79.0,229.0,False,2021,2025,5,Post-COVID,4,5.3165226,6.9787583,-0.9711862397326101,-0.9634129325312254,-0.9581851701271225,0.41527100958219776,-0.6147703144401442
okogijo01,Josh Okogie,SG,76.0,213.0,False,2019,2026,8,Modern,4,4.468774,8.373339,-0.5852050068585037,-0.35559068409762884,-0.09741593753823999,0.7203374892630445,-0.7501947065378485
okongon01,Onyeka Okongwu,C,82.0,240.0,False,2021,2026,6,Post-COVID,7,1.2822126,5.1881666,0.1004925313694578,2.538393902762416,-0.5398013162543053,0.5909730420409282,0.5632434560055855
okoremi01,Mike O'Koren,SF,79.0,207.0,False,1981,1988,8,Early-3PT,4,7.0383835,10.071937,-0.4426541962588248,-0.24583175773079427,-0.22368106803311447,0.2554877494602257,0.19983259311094717
okorois01,Isaac Okoro,SF,76.0,225.0,False,2021,2026,6,Post-COVID,4,4.8001003,8.370388,-0.40866696471437247,-0.5860367709605979,-0.3740308911418692,0.42160002812837905,-0.3476490307697013
okurme01,Mehmet Okur,C,83.0,249.0,False,2003,2012,10,Dead-Ball,5,4.6933355,3.6989214,1.0893887235882236,0.7301520982144948,-0.4814034132121976,-0.45630043547595345,-0.14263625884597553
oladivi01,Victor Oladipo,SG,75.0,213.0,False,2014,2023,10,Modern,5,7.5794945,4.196333,1.5919923013093176,-0.4955691839561298,0.8920681185510095,-0.2453527529516987,-0.6332227405538464
olajuha01,Hakeem Olajuwon,C,84.0,255.0,True,1985,2002,18,Early-3PT,11,4.110882,3.5383918,2.5442132959719235,3.4763993062969214,0.15716589516158647,0.27151145438640323,-1.44847482035361
olberma01,Mark Olberding,PF,80.0,225.0,False,1976,1987,12,Pre-3PT,9,3.4026325,10.800449,-0.2719489675650161,0.3548924023132911,-0.11957823587706357,0.048260406321138746,0.5325547104776482
oldhaja01,Jawann Oldham,C,84.0,215.0,False,1981,1991,10,Early-3PT,2,3.7310438,10.301781,-1.832506446659862,0.37043430406770983,-0.09567182484390555,0.2736690170566929,-0.257104679939465
oliveji01,Jimmy Oliver,SG,77.0,205.0,False,1992,1999,5,Expansion-90s,1,6.743993,7.360792,-0.5000460280429844,-2.379133601202266,-0.9544919827716428,-0.7520994087458641,0.5477632801086348
ollieke01,Kevin Ollie,PG,74.0,195.0,False,1998,2010,13,Expansion-90s,10,8.430466,8.744796,-1.0686465403588017,-0.8169630685199,1.1852549979700016,0.22383986378443052,0.3817190593832438
olowomi01,Michael Olowokandi,C,84.0,269.0,False,1999,2007,9,Expansion-90s,8,1.5162084,7.642777,-1.399412349449338,1.0852047420121989,0.4759182834874391,-0.4119811324704624,-0.34007960741686893
olynyke01,Kelly Olynyk,C,84.0,240.0,False,2014,2026,13,Modern,9,4.3366866,3.4377081,0.556700937476829,0.5904240978454508,-0.3261279317446094,0.7169941087537344,0.39982977755019594
onealje01,Jermaine O'Neal,C,83.0,226.0,False,1997,2014,18,Expansion-90s,9,2.0481946,5.103428,0.23132837817300872,2.165542478505867,0.1601351112228514,-0.6161482712461257,-0.40178284706951456
onealro01,Royce O'Neale,SF,78.0,226.0,False,2018,2026,9,Modern,1,5.7010183,6.1839314,0.2710227924269642,-0.9941765802481952,-1.0453886321914365,1.227198539856347,-0.7903798365522685
onealsh01,Shaquille O'Neal,C,85.0,325.0,True,1993,2011,19,Expansion-90s,11,3.8950183,3.7016664,2.5959356751544593,4.404915190276823,-0.18919712977191494,-0.2956017135443306,-0.15036369024454216
oquinky01,Kyle O'Quinn,C,81.0,250.0,False,2013,2020,8,Modern,7,1.4088929,5.906922,-0.8956164807419635,1.725844391514667,0.3205003232925551,0.3185062760683207,0.11662326278707817
orrlo01,Louis Orr,SF,80.0,175.0,False,1981,1988,8,Early-3PT,4,3.1607907,9.937392,-0.17795051201587997,0.12718866610007992,0.08404040186491847,-0.1986511208439619,0.041276432816511596
osmande01,Cedi Osman,SF,79.0,230.0,False,2018,2024,7,Modern,1,6.049105,6.9497805,0.05622574299522276,-0.9886989050088417,-0.6758262120794454,0.023388828200413325,-0.10039795151922715
ostergr01,Greg Ostertag,C,86.0,280.0,False,1996,2006,11,Expansion-90s,7,0.56274235,6.241451,-1.5364337705846405,2.2220706590377413,-0.2220784478184202,0.8686596654441003,-0.458771004579226
oubreke01,Kelly Oubre Jr.,SF,80.0,203.0,False,2016,2026,11,Modern,3,6.0956106,4.8432097,0.48910628677703966,-0.1399361071864197,-0.4158199516244198,-0.47798400008136777,-0.6394258236225616
outlabo01,Bo Outlaw,PF,80.0,210.0,False,1994,2008,15,Expansion-90s,7,1.0291826,5.584131,-0.6913810169431625,1.77484839723688,-0.4318833723372277,1.5223810966244091,0.1964794021547077
outlatr01,Travis Outlaw,SF,81.0,210.0,False,2004,2014,11,Dead-Ball,4,4.643638,7.354199,-0.13213108731907375,-0.48220300923445636,-0.40484604950605335,-0.7036500132460165,-0.40107279211649
overtdo01,Doug Overton,PG,75.0,190.0,False,1993,2004,11,Expansion-90s,6,8.515242,8.328235,-0.7447847685790523,-1.437733911318167,0.6359548071847205,-0.10923244278869865,0.9382344517662051
owensbi01,Billy Owens,SF,81.0,225.0,False,1992,2001,10,Expansion-90s,9,5.1491394,3.7731426,0.32782158434800385,0.6137609658972528,0.26513113097043545,-0.27945438369636777,-0.39444220840990746
owensto01,Tom Owens,C,82.0,215.0,False,1972,1983,12,Pre-3PT,9,2.9916763,10.748435,-0.3454205066465095,0.6568580510943567,-0.6540111958840356,-0.1985459407555621,0.26662902613845235
pachuza01,Zaza Pachulia,C,83.0,270.0,False,2004,2019,16,Dead-Ball,7,1.5398684,6.049544,-0.7851849682624912,1.6233334118165197,0.6668182722473561,0.1211861473976528,0.20731615473876458
packro01,Robert Pack,PG,74.0,180.0,False,1992,2004,13,Expansion-90s,6,9.520903,5.93041,0.8350741347677277,-0.5308540376872263,1.8610435235138307,0.36546647864287707,0.4461232099132311
padgesc01,Scott Padgett,PF,81.0,240.0,False,2000,2007,8,Dead-Ball,10,4.9913845,8.108642,-1.226842174374401,-0.873908939142997,-0.4195095781221617,0.016846863393567404,-0.9210505504838293
palacmi01,Milt Palacio,PG,75.0,195.0,False,2000,2006,7,Dead-Ball,6,8.680348,8.665852,-0.9236738796894615,-0.8955913003831346,1.5077842187993913,0.319813129226333,0.35559067076685147
pargoja01,Jannero Pargo,PG,73.0,175.0,False,2003,2015,11,Dead-Ball,6,8.175791,7.851658,-0.11632782292856517,-2.2768186100846,0.7010348176696194,-0.2778914008873822,0.14050935851990728
parisro01,Robert Parish,C,85.0,230.0,True,1977,1997,21,Pre-3PT,5,1.8940145,4.9251413,0.6282405508708497,2.2703252003585153,-0.6068415468054328,-0.1951660519071508,-0.18386179240739925
parkean01,Anthony Parker,SG,78.0,215.0,False,1998,2012,9,Expansion-90s,1,6.581501,6.221085,0.7623263840789092,-0.8963496748540277,-1.3672586671676736,0.49640849496223516,0.6600483717673293
parkeja01,Jabari Parker,PF,79.0,245.0,False,2015,2022,8,Modern,9,2.8746665,5.595964,-0.0018489583151984346,0.7454850851140963,-0.039399495397491935,-0.6195401154541502,0.34919149948429345
parkesm01,Smush Parker,PG,76.0,190.0,False,2003,2008,5,Dead-Ball,6,8.325636,7.7527747,-0.23964426686608897,-1.4429645882353186,0.7632938474133191,0.26565608829995124,0.4451467242551307
parkeso01,Sonny Parker,SF,78.0,200.0,False,1977,1982,6,Pre-3PT,4,6.6487875,9.769182,0.08335152644194471,0.4042168177474055,-0.16796144135944469,0.6299402483802784,0.10831548512681942
parketo01,Tony Parker,PG,74.0,185.0,True,2002,2019,18,Dead-Ball,0,8.979411,4.540409,2.593901526406701,0.4310535134955763,1.1261244436395033,-0.02282308130769555,1.0626125396311492
parksch02,Cherokee Parks,C,83.0,235.0,False,1996,2004,9,Expansion-90s,8,2.045654,7.1460614,-1.448301386669626,0.6830442487560222,-0.15811427034705344,0.011019436431204573,0.21927023391912853
parsoch01,Chandler Parsons,SF,81.0,230.0,False,2012,2020,9,Modern,4,6.055309,5.728986,0.42043242127784225,-0.6940955442579234,-0.11372577088322769,0.01659399249614954,-0.6327147210084434
pattepa01,Patrick Patterson,PF,80.0,235.0,False,2011,2021,11,Dead-Ball,1,4.8328085,6.3585114,0.006382882122159261,-0.18683526470259537,-1.2307186957038887,0.04561474008939373,0.23397638451086583
patteru01,Ruben Patterson,SF,77.0,224.0,False,1999,2008,10,Expansion-90s,9,3.5551631,5.6707325,0.41127542285498514,1.1517483911927646,0.17516771016005833,0.1577522950203168,0.0970637544366216
paulch01,Chris Paul,PG,72.0,175.0,False,2006,2026,21,Dead-Ball,11,8.82257,4.6738763,4.651650367532281,0.5588062603651716,0.9102810755522575,1.7449719144671798,0.6032934942544512
paultbi01,Billy Paultz,C,83.0,235.0,False,1971,1985,15,Pre-3PT,9,2.7893229,10.288702,-0.5963886876100151,0.7409096526888449,-0.23427568322434383,0.060272301932649194,-0.3478267039927562
pavloal01,Sasha Pavlović,SG,80.0,220.0,False,2004,2013,10,Dead-Ball,10,5.773677,8.255883,-1.0404530524563698,-1.492991682192099,-0.27837859638638335,0.2049398245612171,-0.6441045577479658
paxsoji02,Jim Paxson,SG,78.0,200.0,False,1980,1990,11,Early-3PT,3,7.7957153,2.9395545,0.8614185422241187,-0.24171031724072028,-0.05406040973231028,-0.24199549358066774,0.42246883404588825
paxsojo01,John Paxson,PG,74.0,185.0,False,1984,1994,11,Early-3PT,1,7.3551087,9.90118,0.07155340073103028,-1.0206404799982702,-0.5152530801639409,0.453006079876225,0.8813235015038041
payneca01,Cameron Payne,PG,74.0,183.0,False,2016,2026,11,Modern,6,8.23473,7.8857126,0.05473269836834249,-1.316959662627958,0.5774698224994227,0.18178711231100453,0.36463547699588306
paytoel01,Elfrid Payton,PG,75.0,195.0,False,2015,2025,9,Modern,6,9.440767,8.180163,-0.039533142830414064,-0.07895998243231522,2.8170136756316277,0.32796178071764714,0.11789044436839564
paytoga01,Gary Payton,PG,76.0,180.0,True,1991,2007,17,Expansion-90s,0,8.788491,4.61585,3.4319995170402717,0.4265810725064684,0.9350131388473686,0.9352034569825329,0.2821647686734727
paytoga02,Gary Payton II,SG,74.0,195.0,False,2017,2026,10,Modern,4,4.240721,8.245038,-0.44807225857483357,0.17122403609620604,-0.5894268151542261,1.5080957099803667,0.4937925958645595
peelean01,Anthony Peeler,SG,76.0,208.0,False,1993,2005,13,Expansion-90s,1,6.9909053,5.990191,1.0254608883056653,-1.309976336372237,-0.5681218743533517,0.13185720613142454,0.0481997962441813
peeplge01,George Peeples,C,79.0,190.0,False,1968,1973,6,Pre-3PT,2,4.1514845,10.25916,-1.3626759611138861,-0.002829841856526405,0.2048072029999664,-0.16687461234118484,-0.06086858432163164
pekovni01,Nikola Peković,C,83.0,307.0,False,2011,2016,6,Dead-Ball,9,1.7229499,5.639922,-0.11141233149034258,1.683133191418583,0.12228862382089219,-0.8870224743063706,0.5266232155520183
pendeje02,Jeff Ayres,C,81.0,240.0,False,2010,2016,6,Dead-Ball,8,2.33434,6.673912,-1.4325522154986245,1.0052946144305355,-0.6672886808984568,0.06819231898889946,1.1623118934785193
perduwi01,Will Perdue,C,84.0,240.0,False,1989,2001,13,Early-3PT,7,0.8329028,6.910142,-1.6601474836322863,1.7265224256272156,-0.2951818459979872,0.4910332778524583,0.1661533224466633
perkike01,Kendrick Perkins,C,82.0,270.0,False,2004,2018,14,Dead-Ball,7,0.76636887,6.910396,-1.661129715474786,1.890389015865859,0.5994029384931739,0.6111582272696184,0.21457218009979925
perkisa01,Sam Perkins,PF,81.0,235.0,False,1985,2001,17,Early-3PT,3,5.440791,4.9732227,1.1385066285668768,0.04752780088028674,-1.3635063389618185,0.11872627349033549,-0.5514364100281823
perryel01,Elliot Perry,PG,72.0,150.0,False,1992,2002,10,Expansion-90s,6,8.796497,8.033177,-0.12152477324690872,-1.050776528157444,1.0316164362279734,0.8670635872615796,0.6183079704723025
perryti01,Tim Perry,PF,81.0,200.0,False,1989,1996,8,Early-3PT,-1,3.8222258,9.829273,-0.8360715704435058,-0.07732927518377546,-0.769151623614917,0.27201157311429935,0.04696186030852699
persoch01,Chuck Person,SF,80.0,220.0,False,1987,2000,13,Early-3PT,-1,6.0937266,5.4174957,1.4169916316871458,-1.5129899771388613,-1.5299450596047026,-0.27610746490970545,-0.7547247772147163
persowe01,Wesley Person,SG,78.0,195.0,False,1995,2005,11,Expansion-90s,1,6.59451,6.2883434,0.8415350815655813,-1.3452271337031823,-1.4750074710374073,-0.0072600077977867244,0.18985389971605032
peterji01,Jim Petersen,PF,82.0,235.0,False,1985,1992,8,Early-3PT,-1,3.4199672,10.368895,-1.012867373290161,0.309141321105857,-0.20382710754160266,0.05067073345158035,-0.0040590426846487115
petermo01,Morris Peterson,SG,79.0,218.0,False,2001,2011,11,Dead-Ball,1,6.5251637,6.121359,0.57002171543475,-1.0186684350842214,-0.8210704928124877,-0.12344433696747027,-0.26848297392213794
petrojo01,Johan Petro,C,84.0,247.0,False,2006,2013,8,Dead-Ball,8,1.7317241,7.5427303,-1.779875154521689,0.6627051054949108,0.45681105601341293,-0.44659895217309553,0.12450805113548492
pheglro01,Roger Phegley,SG,78.0,205.0,False,1979,1984,6,Pre-3PT,4,6.52717,10.01271,-0.6924004746642296,-1.0599043119381553,-0.37153757429772477,-0.5488810357540476,0.5025222651101795
phillbo01,Bobby Phills,SG,77.0,210.0,False,1992,2000,9,Expansion-90s,-1,7.1243734,4.925997,0.9854938164518037,-0.5142697955167858,-0.10392703450315224,0.15766759863918614,-0.1645622924966993
piatker01,Eric Piatkowski,SG,79.0,215.0,False,1995,2008,14,Expansion-90s,1,6.3485947,6.63893,0.297559687519292,-1.5360000419749786,-1.527542651819804,0.18526225249882788,0.017709590053774038
piercpa01,Paul Pierce,SF,79.0,235.0,True,1999,2017,19,Expansion-90s,-1,6.386573,3.9854834,3.475726465372992,0.4699392296734102,-0.5438574021501555,-0.016036483597784076,-0.6169081639649845
piercri01,Ricky Pierce,SG,76.0,205.0,False,1983,1998,16,Early-3PT,3,7.035938,4.625933,1.4595719043739164,-0.2806181072972075,-0.49151453840131104,-0.8799893679457347,0.564637939348126
pietrmi01,Mickaël Piétrus,SF,78.0,215.0,False,2004,2013,10,Dead-Ball,1,6.2336364,6.715694,0.13919339286672605,-1.180154802800809,-1.1812357420436879,0.2998384447813883,-0.4910339983239658
pincked01,Ed Pinckney,PF,81.0,195.0,False,1986,1997,12,Early-3PT,7,1.8716308,6.3525505,-0.5700807642291147,1.571360266593886,-0.5608096724021266,0.31019775063883626,0.46718046488856324
pinsoth01,Theo Pinson,SG,77.0,212.0,False,2019,2023,5,Modern,10,6.801526,8.285846,-1.5719858970522236,-2.106454774677453,0.14664466209101557,-0.2284244302085727,-0.712360872948195
pippesc01,Scottie Pippen,SF,80.0,210.0,True,1988,2004,17,Early-3PT,0,6.4352336,4.2596617,2.7907742354112157,0.353763637100564,-0.19846995457297978,1.0150185070018611,-1.0910069534748255
plumlma01,Mason Plumlee,C,84.0,254.0,False,2014,2026,13,Modern,7,1.0062246,5.439205,-0.7537979768183454,3.0602832440216177,0.4723910342434677,1.2538495696094074,0.8914403660617756
plumlmi01,Miles Plumlee,C,83.0,249.0,False,2013,2019,7,Modern,-1,0.80623376,7.0998793,-1.9489132781488328,1.440731135111824,0.44891286583649176,0.22729706975993566,0.2451399273826752
poeltja01,Jakob Poeltl,C,84.0,253.0,False,2017,2026,10,Modern,7,1.3404541,5.120702,-0.04670391463307921,2.896752263713104,-0.32451457614408125,0.7623848642825757,0.7420836088693727
pollasc01,Scot Pollard,C,83.0,265.0,False,1998,2008,11,Expansion-90s,7,1.1048288,6.3807936,-1.5636839296017029,1.6006864208573452,-0.2791850293363058,0.6189096930831003,0.13685204676251742
polynol01,Olden Polynice,C,84.0,250.0,False,1988,2004,15,Early-3PT,9,0.93855774,6.30681,-0.8751755162619395,1.3520753122414404,-0.2617461573807377,-0.24632408396827898,0.2917329308612022
pondequ01,Quincy Pondexter,SF,79.0,230.0,False,2011,2019,7,Dead-Ball,1,5.9602237,7.3383965,-0.6598256945057583,-1.1839739908428453,-0.860574174652036,0.1049412859133643,0.03257185388452154
poolejo01,Jordan Poole,SG,76.0,194.0,False,2020,2026,7,Post-COVID,3,7.612956,5.158054,1.3140468540189607,-1.406791858405771,0.6336963172240823,-0.786116518268587,-0.03893695119195292
popema01,Mark Pope,PF,82.0,235.0,False,1998,2005,6,Expansion-90s,-1,4.5937324,9.033574,-2.7915141415019167,-0.667277463503314,0.39243613372838443,-0.023164577793346047,-0.6933549869089575
poquebe01,Ben Poquette,PF,81.0,235.0,False,1978,1987,10,Pre-3PT,-1,3.2853425,10.016342,-1.0788730038742402,0.18615336714968253,-0.7955823250973424,0.3839453563695885,0.06541450367306248
porteke01,Kevin Porter,PG,72.0,170.0,False,1973,1983,10,Pre-3PT,6,9.539929,8.646799,0.8015018161088721,-0.5132174561253389,1.2143400253882317,0.8459264031162874,0.9381325800559273
porteke02,Kevin Porter Jr.,SG,77.0,203.0,False,2020,2026,6,Post-COVID,6,8.242555,4.437465,1.13108996027445,-0.5137426764083315,1.455737137733641,-0.2620952979867823,-0.10870466473792106
portemi01,Michael Porter Jr.,SF,82.0,218.0,False,2020,2026,7,Post-COVID,3,6.20058,4.5668025,1.396390326974836,0.018997858864851808,-1.0544719169091725,-0.7225091954295431,-0.4482187084644687
porteot01,Otto Porter Jr.,SF,80.0,198.0,False,2014,2024,11,Modern,4,5.9219084,6.54286,0.42077507072357395,-0.3548925708306735,-0.7803471635351483,0.015912870508453712,-0.1826813776188158
portete01,Terry Porter,PG,75.0,195.0,False,1986,2002,17,Early-3PT,0,8.361512,5.338397,2.4294090492030938,-0.9176743616086076,-0.4517286539015599,1.0895184975097738,0.28707621155829954
portibo01,Bobby Portis,PF,81.0,250.0,False,2016,2026,11,Modern,9,3.3619716,5.2505293,0.3071874147194769,0.5674441191172801,-0.4468877517434738,-0.9392691986154945,-0.025933841127139673
porzikr01,Kristaps Porziņģis,C,86.0,240.0,False,2016,2026,10,Modern,5,4.1193624,3.6626549,1.8143002991293837,1.4367145485950907,-0.5526852301567915,-0.6645229961567517,-0.5708548628126373
poseyja01,James Posey,SF,80.0,215.0,False,2000,2011,12,Dead-Ball,1,5.775763,6.0469127,0.7397762504538588,-0.6263037055324561,-0.7887353159133985,0.8184717924766215,-0.9425469335321548
potapvi01,Vitaly Potapenko,C,82.0,280.0,False,1997,2007,11,Expansion-90s,8,1.6967416,7.4500513,-1.421944026714271,0.664775598247718,0.3660213371161578,-0.7072205272966199,0.7345654013069576
pottemi01,Micah Potter,C,81.0,248.0,False,2022,2026,5,Post-COVID,-1,4.0543633,6.855406,-0.8988304995541874,0.07007418849339922,-1.350467611520541,-0.08596963024983277,1.1554002873127334
poweldw01,Dwight Powell,C,82.0,240.0,False,2015,2026,12,Modern,7,1.0383955,5.6650825,-0.6082039304118252,1.7739475823154631,-0.5703383681985085,1.0279522741605958,0.8703122966070942
powele01,Leon Powe,C,80.0,240.0,False,2007,2011,5,Dead-Ball,7,2.0538898,6.571461,-1.2418819927654918,1.534711749104783,-0.045145651311704255,-0.5676997992305353,0.558100805163402
poweljo01,Josh Powell,PF,81.0,225.0,False,2006,2014,7,Dead-Ball,-1,2.3259656,8.160334,-2.11291021877875,0.021604817619476857,0.7550984000398562,-1.166591260913044,-0.01474002471995925
powelno01,Norman Powell,SG,75.0,215.0,False,2016,2026,11,Modern,-1,6.957329,4.761744,1.32804154662703,-0.44492552968170906,-0.5681154081365564,-0.33042046249750723,0.09764323170178318
presspa01,Paul Pressey,SG,77.0,185.0,False,1983,1993,11,Early-3PT,5,8.368982,4.8116016,0.9332723274636063,0.30487107861858553,0.49931673146674443,0.9665604834919611,-0.05129810613072322
priceaj01,A.J. Price,PG,74.0,181.0,False,2010,2015,6,Dead-Ball,10,8.049065,7.9602647,-0.3887657897528888,-1.8723864933551002,0.39229331048887534,-0.3265583034098788,0.3990074733979545
pricebr01,Brent Price,PG,73.0,165.0,False,1993,2002,9,Expansion-90s,6,8.198545,7.4057446,0.17114291419444333,-1.7691131828750561,0.02615404436331424,0.8549951437990759,0.4338963424726842
pricema01,Mark Price,PG,72.0,170.0,False,1987,1998,12,Early-3PT,0,8.505263,5.3452883,3.1298510039699647,-1.1138065405295516,-0.03514157444114545,0.779625013487073,0.7394846131763795
pricero01,Ronnie Price,PG,74.0,190.0,False,2006,2017,12,Dead-Ball,10,7.959469,8.338017,-0.8297639899361822,-1.8630824095341239,0.8753584924815653,0.8939373670435695,-0.500770324402513
princta01,Tayshaun Prince,SF,81.0,212.0,False,2003,2016,14,Dead-Ball,3,6.268643,4.4320207,0.6681939849632998,-0.10575831857659582,-0.37633669604038655,-0.43803422177369034,-0.011358925653193658
princta02,Taurean Prince,PF,78.0,218.0,False,2017,2026,10,Modern,1,6.0947714,6.977302,0.09749545014695477,-1.0107461761807786,-0.5825488212333414,-0.030411847869139384,-0.39193251721804373
pritcpa01,Payton Pritchard,PG,73.0,195.0,False,2021,2026,6,Post-COVID,1,8.388621,5.825101,1.1998689829602878,-1.1481557729754568,-0.5231118492916111,0.45283207174496143,0.5947365681897532
przybjo01,Joel Przybilla,C,85.0,255.0,False,2001,2013,13,Dead-Ball,8,0.876274,7.236075,-2.551603982951548,1.675084163208646,0.6698521664895489,0.861765417067309,-0.29185426489850824
quetane01,Neemias Queta,C,84.0,248.0,False,2022,2026,5,Post-COVID,7,1.1613543,6.194589,-1.62163803467519,2.997005322335559,-0.008688035192149626,0.3059696584509164,0.7130786597804699
quickim01,Immanuel Quickley,PG,74.0,190.0,False,2021,2026,6,Post-COVID,-1,8.716692,4.4704227,1.88871921569526,-0.765291208747388,0.36245245541317045,-0.24894549457347243,0.21516985441467593
quinnch01,Chris Quinn,PG,74.0,185.0,False,2007,2013,6,Dead-Ball,10,8.074873,7.9320626,-0.6022467714303471,-2.0114358936756096,0.42751641068175866,0.13179441853452795,0.46155074016302533
rackllu01,Luther Rackley,C,82.0,220.0,False,1970,1974,5,Pre-3PT,8,4.1228676,10.473191,-1.770164218049844,0.2317959327119253,-0.3964640184223492,-0.13204855011050487,-0.3322850061338658
radmavl01,Vladimir Radmanović,PF,82.0,227.0,False,2002,2013,12,Dead-Ball,1,5.1248236,6.765355,0.03608504088166459,-0.9737069407064923,-0.8302967268205012,0.28617500087977377,-0.6051627843580494
rambiku01,Kurt Rambis,PF,80.0,213.0,False,1982,1995,14,Early-3PT,-1,2.9012651,10.502368,-0.8516531647931143,0.770888305999255,-0.32649607063261143,0.9238019060899363,0.11925335523302164
randlju01,Julius Randle,PF,81.0,250.0,False,2015,2026,12,Modern,11,4.915422,3.8152795,1.4908434684291374,1.2247754817483307,0.8775965694129542,-0.9649178090718161,-0.1303263986392898
randoan01,Anthony Randolph,PF,82.0,205.0,False,2009,2014,6,Dead-Ball,9,1.7771345,6.9813266,-0.835422137885002,1.0594728064913392,0.39270523398951157,-0.3678403860177418,-0.5746586367752038
randosh01,Shavlik Randolph,PF,82.0,240.0,False,2006,2015,8,Dead-Ball,-1,1.6329929,8.274146,-2.271857726899652,0.5879300892312407,0.4510652978286173,-0.6349568067249374,-0.3505696437411239
randoza01,Zach Randolph,PF,81.0,250.0,False,2002,2018,17,Dead-Ball,11,3.3418918,5.056889,1.3588853161583743,1.7545640081981635,0.2676329200399551,-1.5079153956772675,-0.06992955782073529
ranseke01,Kelvin Ransey,PG,73.0,170.0,False,1981,1986,6,Early-3PT,3,8.369399,3.214941,0.7993717266627958,-0.37908767757449413,0.7197739875581618,-0.15109483447460725,0.5174910097665207
rasmubl01,Blair Rasmussen,C,84.0,250.0,False,1986,1993,8,Early-3PT,2,4.4921613,10.684764,-0.6916333339904809,0.1705506908106512,-0.469211054435143,-0.6801126950748607,-0.21432096435246462
ratlith01,Theo Ratliff,C,82.0,225.0,False,1996,2011,16,Expansion-90s,7,0.6595634,6.0696955,-1.0863860642771968,2.0874099351629485,0.005265453168471476,0.6613213345437011,-0.3209095404610256
raycl01,Clifford Ray,C,81.0,230.0,False,1972,1981,10,Pre-3PT,9,2.8787355,10.50983,-0.6314376276114348,1.138600536343001,-0.1349981695459513,1.0360325989622148,-0.26553119646948176
raymocr01,Craig Raymond,C,83.0,235.0,False,1969,1973,5,Pre-3PT,2,4.218476,10.442349,-1.6474085285556948,0.23130396542891965,0.2996094166854179,-0.2854459738564781,-0.4123920085643809
reaveau01,Austin Reaves,SG,77.0,197.0,False,2022,2026,5,Post-COVID,-1,6.8073907,4.23459,2.1805530130254493,0.08898677646792388,-0.1599127684556658,-0.03942072561145974,0.6796092408160752
rebraze01,Željko Rebrača,C,84.0,257.0,False,2002,2006,5,Dead-Ball,9,0.7553913,6.3726954,-0.9056511056842722,1.1101241693855017,-0.17381102452521682,-0.515510564500784,1.1625382414384264
recasel01,Eldridge Recasner,SG,75.0,190.0,False,1995,2002,8,Expansion-90s,10,7.591198,8.163067,-0.7030861606599434,-1.710334532162164,-0.04308450286915874,0.3936145299096806,0.37359243595849967
reddica01,Cam Reddish,SF,79.0,230.0,False,2020,2025,6,Post-COVID,10,6.131964,8.613922,-0.5780365501603804,-1.076384290098159,0.2704759031148088,-0.22004626696835908,-0.6915192144623941
reddmi01,Michael Redd,SG,78.0,220.0,False,2001,2012,12,Dead-Ball,3,6.918115,4.632448,1.9697088054619756,-0.4085186824630076,-0.36001452000183254,-1.1698967858384708,-0.0035591723741414116
redicjj01,JJ Redick,SG,75.0,200.0,False,2007,2021,15,Dead-Ball,1,6.7821326,6.168745,1.5052203500006598,-1.5484492921217257,-1.3046416569828176,-0.29280108039853514,0.6173769751498802
reedpa01,Paul Reed,C,81.0,210.0,False,2021,2026,6,Post-COVID,7,1.2516398,6.00494,-0.8922124483219454,2.284407145154796,0.043937976682680804,1.1374699291396724,-0.25486883810010386
reevebr01,Bryant Reeves,C,84.0,275.0,False,1996,2001,6,Expansion-90s,9,2.0565157,5.5238247,-0.11821997413677945,1.330110089883176,0.4923891104665307,-1.1616525016239616,0.4427648699186828
reevekh01,Khalid Reeves,PG,75.0,199.0,False,1995,2000,6,Expansion-90s,6,8.3794155,7.5348835,0.06816920888416511,-1.3552556254996175,0.557519800179459,0.6171755911838744,0.3057780111052504
reiddo01,Don Reid,PF,80.0,250.0,False,1996,2003,8,Expansion-90s,8,1.3340036,7.1171227,-1.8840002007783867,1.0750283571594,0.010882628910091757,0.3585799896583036,0.03573939592155349
reidjr01,J.R. Reid,PF,81.0,247.0,False,1990,2001,11,Expansion-90s,9,2.8257475,6.3372498,-0.45475740230986406,0.8175921320313894,0.021542309631657333,-0.5590874484754819,0.35735817439520734
reidna01,Naz Reid,C,81.0,264.0,False,2020,2026,7,Post-COVID,9,3.7095988,3.5700362,0.3415622335930438,0.9328075444975764,-0.47083143931869387,0.2863810763964071,-0.7225098189979822
reidro01,Robert Reid,SF,80.0,205.0,False,1978,1991,13,Pre-3PT,4,5.6595592,10.189569,-0.4305062586098615,-0.5108837106900097,0.019707158113113674,-0.17487018839914387,-0.3102934496160639
restake01,Kevin Restani,PF,81.0,225.0,False,1975,1982,8,Pre-3PT,2,4.733263,10.0929,-1.718930869434342,-0.5659474584787949,-0.2717518440532567,-0.18438034204198228,0.14268031328645336
reynoje01,Jerry Reynolds,SF,80.0,200.0,False,1986,1996,8,Early-3PT,5,9.905483,8.105336,0.09725784221484324,-0.0174581149628307,0.42561283082411333,0.3294240142157496,-0.412447967716636
ricegl01,Glen Rice,SF,80.0,215.0,False,1990,2004,15,Expansion-90s,3,6.2761083,4.593964,2.1564382779540616,-0.4140360680808768,-0.9724598556629027,-0.7486032052650766,-0.23642715158165517
richacl01,Clint Richardson,SG,75.0,195.0,False,1980,1987,8,Early-3PT,4,7.2376595,10.010042,-0.3300669876433164,-0.4904695605203908,0.0826205625980344,0.11182888425986592,0.40609131660684045
richaja01,Jason Richardson,SG,78.0,220.0,False,2002,2015,13,Dead-Ball,3,6.768145,4.7338495,2.105999199114872,-0.3819475996899123,-0.569927579483912,-0.24710484861446055,-0.44538998708479466
richajo01,Josh Richardson,SG,77.0,200.0,False,2016,2025,10,Modern,1,6.983824,6.0178976,0.5758129558028293,-1.0643181258191194,-0.05206432888670479,0.10386294345933425,-0.2485762545915503
richami01,Michael Ray Richardson,PG,77.0,189.0,False,1979,1986,8,Pre-3PT,5,8.445113,4.8369327,1.6984907071669266,0.010454663437129669,1.080332813562326,1.167917041238642,-0.681520920592299
richani01,Nick Richards,C,83.0,245.0,False,2021,2026,6,Post-COVID,7,0.96319216,6.6615944,-1.7928346549022909,2.2863160302707657,0.3311288518164356,-0.44701752845735143,0.7269588162491365
richapo01,Pooh Richardson,PG,73.0,180.0,False,1990,1999,10,Expansion-90s,6,9.099497,5.656301,1.0522568286143388,-0.8903003705733442,1.0423878077355615,0.3678513989363944,0.3596008392969463
richaqu01,Quentin Richardson,SF,78.0,223.0,False,2001,2013,13,Dead-Ball,1,6.7581716,7.29653,0.2655158359108967,-1.139839608342003,-0.4130544112475289,-0.33885643817435407,-1.0122269669633153
richmmi01,Mitch Richmond,SG,77.0,215.0,True,1989,2002,14,Early-3PT,3,6.9641547,4.5648603,3.008489278342622,-0.567221426734633,-0.3878895029629203,-0.6789662380147922,-0.17207323225164034
rideris01,Isaiah Rider,SG,77.0,215.0,False,1994,2002,9,Expansion-90s,3,7.2733016,4.4497466,1.73309847516139,-0.463990566188229,-0.11121429307810539,-1.1311029614075376,0.2770198220591682
ridnolu01,Luke Ridnour,PG,74.0,175.0,False,2004,2015,12,Dead-Ball,6,9.029655,6.9979362,0.8624813584441047,-1.1774184637501652,0.9395315693329094,0.3036837060195121,0.6099886039648726
rileyer01,Eric Riley,C,84.0,245.0,False,1994,1999,5,Expansion-90s,8,1.2027223,7.22124,-1.8428985683266637,1.2883576607576912,0.09024594056903949,0.14198228230968873,0.2382752373516729
riverau01,Austin Rivers,SG,76.0,200.0,False,2013,2023,11,Modern,4,6.8334036,8.100226,-0.3186563606161337,-1.220491098376542,0.14060127584749493,0.008885775239954749,0.11228831078714423
riverdo01,Doc Rivers,PG,76.0,185.0,False,1984,1996,13,Early-3PT,5,8.402022,5.033709,1.3534740003932844,-0.20000121344311783,0.2914261266875568,1.3362853766398337,-0.30165225108409666
roberal01,Alvin Robertson,SG,76.0,185.0,False,1985,1996,10,Early-3PT,5,8.2943535,4.812472,1.691933902157139,0.3097779961355458,0.4943715163030445,1.2557506179527662,-0.604521864773728
roberan01,Anthony Roberts,SF,77.0,185.0,False,1978,1984,5,Pre-3PT,10,4.7996383,10.265283,-1.7250855294080074,-0.6633668922522389,0.42963474002739893,-1.0654388428494825,-0.1285076051769768
roberan03,Andre Roberson,SG,79.0,210.0,False,2014,2021,7,Modern,-1,4.4581327,8.533914,-1.8155076970725812,-0.13263516985699078,0.24403249261108312,0.8955191249163322,-1.5744586855556562
roberbr01,Brian Roberts,PG,73.0,173.0,False,2013,2017,5,Modern,6,8.689946,8.032534,-0.30158249027452894,-1.4091822070569657,0.7287874902212604,-0.3598528393712548,0.8446418993828271
roberfr01,Fred Roberts,PF,82.0,218.0,False,1984,1997,13,Early-3PT,-1,3.2422533,7.746866,-0.6260417548793431,0.12288180395564682,-0.2742370954611924,-0.4076299090707789,0.22978154848440363
roberst01,Stanley Roberts,C,84.0,285.0,False,1992,2000,8,Expansion-90s,8,1.2316489,7.385624,-1.5538971038327183,1.5275728271906672,0.38423507496631387,-0.6648306484892885,-0.2335125509301696
robeyri01,Rick Robey,C,83.0,230.0,False,1979,1986,8,Pre-3PT,2,4.2058473,10.626992,-1.1529046418364772,-0.10945630842936234,0.05679357575639428,-0.20129277642574672,0.1448966233120473
robinbi01,Bill Robinzine,PF,79.0,230.0,False,1976,1982,7,Pre-3PT,4,3.8408215,10.873232,-0.38986318319084523,0.10990813215749909,-0.09035146348270906,-0.29649820240649716,-0.049914340386529754
robincl01,Cliff Robinson,PF,81.0,220.0,False,1980,1992,11,Early-3PT,9,4.098266,3.0895321,0.9061105982665629,0.8793807810189477,0.17728966729089218,-0.7685837977285979,-0.560598664680813
robincl02,Clifford Robinson,PF,82.0,225.0,False,1990,2007,18,Expansion-90s,3,5.8983974,3.8771613,1.384218844369121,0.2193554312188389,-0.3622487628025937,-0.08904753460236757,-0.7086086270493872
robinda01,David Robinson,C,85.0,235.0,True,1990,2003,14,Expansion-90s,11,4.239931,3.431758,3.4282923676538988,4.372414012182115,-0.1091715563033658,0.4744767102853288,-1.2424398755166
robindu01,Duncan Robinson,SF,79.0,215.0,False,2019,2026,8,Modern,1,6.2046814,6.2042923,0.7276877854094963,-1.5566883166792431,-1.9046486009533177,0.3227987030076115,0.22850886043264168
robined01,Eddie Robinson,SF,80.0,210.0,False,2000,2004,5,Dead-Ball,4,3.6646802,6.9214177,0.0001171153330910002,0.1985475077350841,-0.1696727500687163,-0.37797645148275927,0.5218647194869777
robingl01,Glenn Robinson,SF,79.0,225.0,False,1995,2005,11,Expansion-90s,-1,6.8996944,3.8444426,2.5270839402696694,0.49250408338706564,0.08057467867507793,-1.4491625114354076,-0.1520332592807742
robingl02,Glenn Robinson III,SF,78.0,222.0,False,2015,2021,7,Modern,4,5.828156,8.306515,-0.9127129095393192,-0.7844206297730189,-0.32686825496364447,-0.509721895179884,0.13767603718668286
robinja02,James Robinson,PG,74.0,180.0,False,1994,2001,7,Expansion-90s,1,7.3348494,7.1070647,-0.08385645970230701,-1.6203578466420367,-0.23211225318342485,0.27698281237702016,-0.3414616640672851
robinje02,Jeremiah Robinson-Earl,PF,81.0,240.0,False,2022,2026,5,Post-COVID,2,4.7559514,8.3016405,-1.425892303118745,-0.42991990385260914,-0.20942133162884216,-0.5055498011259152,-0.0839753733485433
robinla01,Larry Robinson,SG,75.0,180.0,False,1991,2002,7,Expansion-90s,10,6.5457726,8.552209,-1.415898469678132,-2.3425354600208474,0.5691650236735735,-0.6841842886418292,-1.100901681847355
robinmi01,Mitchell Robinson,C,84.0,240.0,False,2019,2026,8,Modern,7,1.0844767,5.316651,-0.5122187624500532,3.4919778953296126,-1.109914199501877,1.6198861386802252,0.35960983271650804
robinna01,Nate Robinson,PG,69.0,180.0,False,2006,2016,11,Dead-Ball,6,8.27674,7.0452733,0.6480223951015209,-1.5796983180227846,0.3010156072547561,0.10968389395821837,0.16050785299791723
robinru01,Rumeal Robinson,PG,74.0,195.0,False,1991,1997,6,Expansion-90s,6,8.236813,7.940402,-0.3038528011138819,-1.48211991347271,0.5483436574132733,0.3107317835603297,0.1912822747394456
robinth01,Thomas Robinson,PF,82.0,237.0,False,2013,2017,5,Modern,8,2.114532,6.8454123,-2.083846954030615,1.7101090263979526,1.2814687806794665,-0.49378372750974675,-0.49172576159528053
robintr01,Truck Robinson,PF,79.0,225.0,False,1975,1985,11,Pre-3PT,9,3.3513076,9.610483,0.716272612271547,0.3980313350652155,-0.5964878470489309,-0.3038392539568536,-0.2813249190628918
robisda01,Dave Robisch,C,82.0,235.0,False,1972,1984,13,Pre-3PT,-1,3.1808012,10.070775,-0.5537528036337438,0.2716002132139237,-0.26135984153345604,-0.5137623047364701,0.05963001440701142
rochejo01,John Roche,SG,75.0,170.0,False,1972,1982,8,Pre-3PT,1,8.048904,6.5451913,0.3398266233537908,-1.258265034090396,-0.092734457207198,0.005186431674060736,0.677574344188915
rodmade01,Dennis Rodman,PF,79.0,210.0,True,1987,2000,14,Early-3PT,7,1.3905343,6.146707,-0.586120078090219,1.9170106467936134,-0.30043816602101814,0.6301932713852347,-0.661267178380315
rodrise01,Sergio Rodríguez,PG,75.0,176.0,False,2007,2017,5,Dead-Ball,6,8.617211,7.579094,0.16417057984064642,-1.2709766372445823,0.9477208970092097,0.667351436557554,0.9044996845344744
rogerca01,Carlos Rogers,PF,83.0,220.0,False,1995,2002,8,Expansion-90s,7,1.1870269,5.8195305,-0.8608595084108523,1.4319462302786268,-1.112563514299413,0.3119247521608184,1.190646353154973
rogerro01,Rodney Rogers,SF,79.0,235.0,False,1994,2005,12,Expansion-90s,3,6.0513854,4.8889327,0.7701403786706336,-0.0796206500397089,-0.5632623241913989,0.10405270631013228,-0.37038124142022383
rollitr01,Tree Rollins,C,85.0,235.0,False,1978,1995,18,Pre-3PT,-1,2.8333604,10.117029,-1.3651075881713575,1.0670338287684564,-0.835194037647449,1.1216459627700266,-0.6164130108433836
romarlo01,Lorenzo Romar,PG,73.0,175.0,False,1981,1985,5,Early-3PT,10,7.7070365,9.324635,-0.9102536242131145,-1.3240844420788176,0.7895205807904977,0.19366292051841205,0.07109535010578824
rondora01,Rajon Rondo,PG,73.0,180.0,False,2007,2022,16,Dead-Ball,-1,9.140671,5.4036117,1.3305243559970505,-0.27500959953388754,1.7310734461269452,1.5154215076884643,0.22183093434796836
rooksse01,Sean Rooks,C,82.0,250.0,False,1993,2004,12,Expansion-90s,8,2.0938134,7.7490563,-1.2757550203640515,0.5898285110614633,0.33438248511120294,-0.4555253735726119,0.17476068395241307
rosede01,Derrick Rose,PG,75.0,200.0,False,2009,2024,15,Dead-Ball,3,8.446611,4.0084047,1.8026974278728338,-0.25846849470990374,0.8828969433474629,-0.6799100967035693,0.7176211660015825
roseja01,Jalen Rose,SF,80.0,210.0,False,1995,2007,13,Expansion-90s,3,7.1860704,4.1388307,1.8127877338045133,-0.3670227023438777,0.08465735467670525,-0.6600940486542475,0.2801243717022339
rosema01,Malik Rose,PF,79.0,250.0,False,1997,2009,13,Expansion-90s,8,2.1511395,6.8982673,-0.9803428050612515,0.551449842012047,0.4038952824971533,-0.31242579091137823,-0.32875566048616933
rossqu01,Quinton Ross,SF,78.0,195.0,False,2005,2011,7,Dead-Ball,10,5.936473,8.532655,-1.5256018552718713,-1.2370278592638613,0.3859630546256607,-0.2145129095513036,-0.4328269640644527
rosste01,Terrence Ross,SG,78.0,206.0,False,2013,2023,11,Modern,1,6.6633663,6.426099,0.5024259291404103,-1.259995573078395,-0.6817717370502459,-0.3867505399912321,-0.22899630810435911
roundda01,Dan Roundfield,PF,80.0,205.0,False,1976,1987,12,Pre-3PT,9,3.9545848,3.0264714,0.5308500535021541,1.363070114423511,-0.20391153876311688,-0.06808846523784788,-0.5773072705271958
royaldo01,Donald Royal,SF,80.0,210.0,False,1990,1998,8,Expansion-90s,-1,2.775035,8.269776,-1.1904839056351282,0.29249053002378633,0.5703350917054075,-0.5058201709928233,0.10855005593855693
roybr01,Brandon Roy,SG,78.0,215.0,False,2007,2013,6,Dead-Ball,0,6.908873,3.8233232,2.6114339239217417,0.19713009077807017,0.40227716906499705,-0.5254982901828725,0.047613282163220846
roziete01,Terry Rozier,PG,73.0,190.0,False,2016,2025,10,Modern,-1,8.957176,5.4132447,1.2668942090168958,-0.858595289061746,0.589659356119432,-0.20547402992175468,-0.1341566223179934
rubiori01,Ricky Rubio,PG,74.0,190.0,False,2012,2023,12,Modern,-1,9.432591,5.8493633,1.4993405766618275,-0.7022849353250825,2.547520353919776,0.9562067995375364,-0.3237584124525693
ruffimi01,Michael Ruffin,PF,81.0,246.0,False,2000,2009,9,Dead-Ball,8,1.5727918,8.32937,-2.950404178450484,0.8959890684125452,1.4143864210669546,0.7354138026642107,-1.27359275322204
rulanje01,Jeff Ruland,C,82.0,240.0,False,1982,1993,8,Early-3PT,5,4.410709,2.8951082,0.7930209382510784,1.4352653024172028,-0.1351649849917138,0.10353634720663527,0.2780476440877897
rulebo01,Bob Rule,C,81.0,220.0,False,1968,1975,8,Pre-3PT,10,6.847247,9.654684,-0.6909822269873098,-0.8133947835141386,0.10733428017500767,-0.8345992311477228,-0.061605246393992785
rushbr01,Brandon Rush,SG,78.0,220.0,False,2009,2017,9,Dead-Ball,1,6.1937776,7.3051815,-0.44551302071006255,-1.3539878071087634,-0.7601138220894392,0.11553035709424958,-0.2439423270485413
rushka01,Kareem Rush,SG,78.0,215.0,False,2003,2010,7,Dead-Ball,10,6.6002645,8.322156,-0.7094862372468458,-1.854472586525724,-0.004774449762582775,-0.5046145298947301,-0.3428549189139476
russebr01,Bryon Russell,SF,79.0,225.0,False,1994,2006,13,Expansion-90s,1,5.7353044,6.1702766,0.4178453910660325,-0.6179160338895401,-1.0425875302065348,0.7702510623822783,-0.515575904657616
russeca01,Cazzie Russell,SF,77.0,218.0,False,1967,1978,12,Pre-3PT,4,7.4575596,2.8457325,0.3207622166835476,-0.41064903175715795,-0.46293097712541864,-0.557999285131467,0.49466253273142263
russeca02,Campy Russell,SF,80.0,215.0,False,1975,1985,9,Pre-3PT,-1,8.045455,3.56342,0.6353378434581742,-0.10479855860643464,0.43195155963222237,-0.5189804341105628,0.007306400439613864
russeda01,D'Angelo Russell,PG,75.0,193.0,False,2016,2026,11,Modern,-1,8.954058,5.297184,2.148501003418982,-0.9245206219815124,0.8485473398598334,-0.1225643704892012,0.44428683928851254
russewa01,Walker Russell,PG,77.0,195.0,False,1983,1988,6,Early-3PT,10,7.623541,9.447237,-1.5506270717783457,-2.3729783551919628,1.4509231166221441,-0.7596885170828492,-0.08979912827826297
sabonar01,Arvydas Sabonis,C,87.0,279.0,True,1996,2003,7,Expansion-90s,5,4.293232,3.3577704,1.5077686317012728,2.2673224508571677,-0.5042721580758165,0.6693029122732115,-0.15331441917126026
sabondo01,Domantas Sabonis,C,82.0,240.0,False,2017,2026,10,Modern,11,4.3570886,3.6459997,1.7735987382508451,2.4462171501854115,0.522334566148983,0.17262897875437874,0.45857699005019115
sallejo01,John Salley,PF,83.0,230.0,False,1987,2000,11,Early-3PT,9,0.6257649,6.5258055,-0.6632796791881018,1.1184859050338443,0.08351391318938779,0.40785952193726627,-0.24929969193379237
salmojo01,John Salmons,SG,78.0,207.0,False,2003,2015,13,Dead-Ball,-1,6.962628,5.883924,0.7001196128725646,-0.866329742354627,-0.0628750721582004,-0.011823668730815425,-0.21174892921797295
sampsja01,Jamal Sampson,PF,83.0,235.0,False,2003,2007,5,Dead-Ball,8,1.4735509,7.2200217,-2.3163748211963506,1.7195272557744263,0.10052000967973986,0.5404923273005525,0.007454857610273036
sampsja02,JaKarr Sampson,SF,79.0,214.0,False,2015,2021,6,Modern,2,1.8462696,7.2934184,-1.1977479556294146,0.5091986583345888,-0.14972421847172734,-0.37353378037276275,0.15954909590376343
sampsra01,Ralph Sampson,C,88.0,228.0,True,1984,1992,9,Early-3PT,9,3.8414695,3.082909,0.066057186911955,0.8440831599303841,0.4161636775138064,-0.29973390626299967,-0.9421480675310152
sandela01,Larry Sanders,C,83.0,235.0,False,2011,2017,6,Dead-Ball,8,1.1888223,7.424813,-1.6904662642180235,1.7559421830161306,0.7832137163766982,0.5135368219838213,-1.2791479722861243
sandemi01,Mike Sanders,SF,78.0,210.0,False,1983,1993,11,Early-3PT,4,6.8717885,10.1308155,-0.43877224517291114,-0.1618804273485059,-0.2914809864758104,-0.011564659563972759,0.4207369303208769
saricda01,Dario Šarić,PF,82.0,225.0,False,2017,2026,9,Modern,4,4.732176,7.0440564,-0.36951979659132705,-0.3211817635021461,-0.19715909964671957,-0.25961758597621665,-0.1519609225086962
satorto01,Tomáš Satoranský,SG,79.0,210.0,False,2017,2022,6,Modern,6,9.052224,8.093367,-0.2751753390603761,-0.5009473615189612,0.6652239135955252,0.3395156748717313,0.7043347228601775
scalabr01,Brian Scalabrine,PF,81.0,241.0,False,2002,2012,11,Dead-Ball,10,5.0755587,7.6115046,-1.2354077709005344,-1.011634285753804,-0.26629334617186484,0.3244885659502652,-0.14914113720704897
schayda01,Danny Schayes,C,83.0,235.0,False,1982,1999,18,Early-3PT,8,1.9917531,7.563373,-0.9397065376783251,0.591513472980385,0.25582805413991566,-0.2773421415689845,-0.1225332532120395
schefst01,Steve Scheffler,C,81.0,250.0,False,1991,1997,7,Expansion-90s,7,1.220906,5.976788,-1.1765312290725884,1.7677506873923785,-1.967103755663078,0.6771050686074527,2.9355807538275296
schindw01,Dwayne Schintzius,C,85.0,260.0,False,1991,1999,8,Expansion-90s,-1,2.1393304,8.04062,-2.1695797313349825,0.166061609630995,0.5468363623438056,-0.49568576099492845,-0.6333678666314944
schluda01,Dale Schlueter,C,82.0,225.0,False,1969,1978,10,Pre-3PT,-1,3.618978,10.385112,-1.0573485631921697,0.10071243532949756,0.13412370621038744,0.6636843179739491,0.3663961908230906
schrede01,Detlef Schrempf,SF,82.0,235.0,False,1986,2001,16,Early-3PT,3,5.5522156,3.6607718,1.5607629862411594,0.5977548148152374,-0.46527409737097936,-0.2076067509270221,0.17293042516894824
schrode01,Dennis Schröder,PG,73.0,175.0,False,2014,2026,13,Modern,6,9.279556,5.6371627,1.0769991825627352,-0.8034199155412336,1.4303689240018136,-0.26590864444033835,0.5266685596055158
scolalu01,Luis Scola,PF,81.0,240.0,False,2008,2017,10,Dead-Ball,9,2.9640632,5.2163415,0.5609395139968874,1.3784963661846328,0.03536374363941848,-0.702006860876227,0.11748583017144629
scottal01,Alvin Scott,SF,79.0,185.0,False,1978,1985,8,Pre-3PT,2,3.5865092,10.011447,-1.019956773029042,0.004413213924452958,-0.3612049618714771,0.8162418506147265,0.11004913988168036
scottby01,Byron Scott,SG,76.0,200.0,False,1984,1997,14,Early-3PT,3,6.6781654,4.963418,1.8668682367409049,-0.8167731014645558,-1.053677231108228,0.12296511507483007,-0.05241220263691762
scottch01,Charlie Scott,SG,77.0,175.0,True,1971,1980,10,Pre-3PT,3,8.106577,3.3974223,1.5710248061705019,-0.19719860863815433,0.8419796559717916,-0.7103547524224614,-0.032731722731465435
scottde01,Dennis Scott,SF,80.0,229.0,False,1991,2000,10,Expansion-90s,1,6.432236,6.0163417,1.0780563061060304,-1.4779667397395913,-1.2237015934093791,-0.32597224229760624,-0.34732334011284755
scottmi01,Mike Scott,PF,79.0,237.0,False,2013,2021,9,Modern,4,4.939559,7.4847336,-0.769667489351942,-0.6743992385636406,-0.6135607456262675,-0.5473201953191564,-0.04529457151986138
sealyma01,Malik Sealy,SF,80.0,190.0,False,1993,2000,8,Expansion-90s,-1,7.110931,5.116419,0.49330259440548213,-0.30327965210484653,0.19738172809964977,-0.45783888684054885,-0.21318920509817257
sefolth01,Thabo Sefolosha,SG,78.0,215.0,False,2007,2020,14,Dead-Ball,4,4.9673696,7.840601,0.027722534909155494,-0.2959190876292979,-0.6316311373995864,1.2645419884538003,-0.542283460392422
seikaro01,Rony Seikaly,C,83.0,230.0,False,1989,1999,11,Early-3PT,9,1.7506058,5.379199,-0.2178036653530815,1.7206333608030764,0.7514969316055005,-0.7720300317390252,-0.6062113652908168
sellebr01,Brad Sellers,PF,84.0,210.0,False,1987,1993,6,Early-3PT,2,4.9208403,10.350151,-1.065970985530591,-0.3696347032421278,-0.023478679853946388,-0.3925601358330403,0.05374619227040482
sengual01,Alperen Şengün,C,83.0,243.0,False,2022,2026,5,Post-COVID,11,4.2291183,3.62438,1.8744125920962444,2.76578899019985,1.266322040912506,0.10893685875168424,-0.35052587337341506
serapke01,Kevin Séraphin,C,81.0,285.0,False,2011,2017,7,Dead-Ball,8,1.3784357,6.945268,-1.463944670602748,1.2134472633785787,0.36370788978372026,-0.6593695365367374,0.5195664630727029
sessira01,Ramon Sessions,PG,75.0,190.0,False,2008,2018,11,Dead-Ball,6,9.366298,5.665422,0.6069709064789723,-0.3977159785773182,1.2903396219300638,-0.16379436906228043,0.6651682612836418
sextoco01,Collin Sexton,SG,75.0,190.0,False,2019,2026,8,Modern,3,8.178846,3.7994769,1.67389156077767,-0.25402932867397615,0.670532331368105,-0.8417709304696759,0.822504569680492
shackch01,Charles Shackleford,C,83.0,245.0,False,1989,1999,6,Early-3PT,7,0.992382,6.8817844,-1.5753756779071744,1.460375479399632,-0.2955512681631997,-0.04103605676338841,0.18418855237914064
shamela01,Landry Shamet,SG,77.0,190.0,False,2019,2026,8,Modern,1,6.511438,6.9307113,0.16411626827505815,-1.8957394820500744,-1.1519715676274251,0.049711225590696545,0.04869256489473786
sharpda01,Day'Ron Sharpe,C,82.0,265.0,False,2022,2026,5,Post-COVID,7,0.8942559,6.488009,-1.0873303581923597,2.4197092705706535,0.24483554899808863,0.42510064701316264,-0.07132544972676641
shawbr01,Brian Shaw,PG,78.0,190.0,False,1989,2003,14,Early-3PT,6,8.189562,7.8203373,-0.06427223434343049,-1.4016775736779468,0.7807528500894481,0.32535155027419227,-0.5328616221286788
sheltlo01,Lonnie Shelton,PF,80.0,240.0,False,1977,1986,10,Pre-3PT,9,2.6464822,10.0996,-0.032690980454561425,0.41604556720453967,0.031062876042286677,0.15908278763512515,-0.26371440700820437
shortpu01,Purvis Short,SF,79.0,210.0,False,1979,1990,12,Pre-3PT,3,7.349572,2.8657858,1.1907639589050147,0.05162689108004781,-0.195141713260168,-0.8100384277019316,0.18254139834719718
shumpim01,Iman Shumpert,SG,77.0,212.0,False,2012,2021,10,Modern,10,6.428717,8.18432,-0.5005541635723781,-1.4888332945347462,0.31287771353263844,0.2545502321382712,-0.8252807978032695
siakapa01,Pascal Siakam,PF,80.0,245.0,False,2017,2026,10,Modern,11,4.9441566,3.7932081,1.9011063248287527,1.4493271141592934,0.19362831525690283,-0.6318835793665031,0.10386100091192851
sichtje01,Jerry Sichting,PG,73.0,168.0,False,1981,1990,10,Early-3PT,4,7.316516,9.960478,-0.5136721016209145,-1.0792115977535721,0.010413343865630628,0.2175575313091523,0.723554094643887
sikmaja01,Jack Sikma,C,83.0,230.0,True,1978,1991,14,Pre-3PT,5,4.685549,3.217163,1.443005207465345,1.1521671984074726,-0.36082343143199097,0.25296895517210916,-0.6980096057536331
silasja01,James Silas,PG,73.0,180.0,False,1973,1982,10,Pre-3PT,3,7.3235965,2.9178472,1.1609397536869042,0.37302630092554223,0.21233218462155878,-0.38770228822956354,0.8035518334662903
simmobe01,Ben Simmons,PG,82.0,240.0,False,2018,2025,7,Modern,-1,1.2551109,5.027154,0.6065356498367616,2.0324761595276875,2.313231266559763,1.539395057124032,0.3900362462895396
simmobo01,Bobby Simmons,SF,79.0,210.0,False,2002,2012,10,Dead-Ball,10,5.6200867,7.724265,-0.2939724242284296,-1.2274389939496184,-0.20152156736270893,-0.3946806194675545,-0.4796696459614019
simmoli01,Lionel Simmons,SF,79.0,210.0,False,1991,1997,7,Expansion-90s,5,5.4810934,3.684919,0.5845705670733219,0.22049764345716474,0.5295019490545222,-0.2494890563283141,-1.0345859029373892
simonan01,Anfernee Simons,SG,75.0,200.0,False,2019,2026,8,Modern,-1,7.4725556,5.3562126,1.1491719557775664,-1.4516304468311036,-0.3233608042322764,-0.7788540647934064,0.7132280644574467
simpkdi01,Dickey Simpkins,PF,81.0,248.0,False,1995,2002,7,Expansion-90s,8,1.4630204,7.0020227,-1.5504283916528399,0.602770100221802,0.2343196680528412,0.1784954576002054,0.664837259555014
simpsra01,Ralph Simpson,SG,77.0,200.0,False,1971,1980,10,Pre-3PT,-1,7.9433265,2.86551,0.4065630649985011,-0.44545537237077815,0.769707404098102,-0.6543627898665826,-0.09238147241099864
simsje01,Jericho Sims,C,82.0,250.0,False,2022,2026,5,Post-COVID,7,1.2576311,6.373382,-2.4463498364195084,2.5834236851976766,-0.000960587697286755,1.0495239337618765,1.6373905990595907
singlja01,James Singleton,PF,80.0,216.0,False,2006,2012,5,Dead-Ball,8,2.885905,7.2937775,-1.0098916810243923,0.4079263214033837,-0.4597545639801174,0.08657197734070929,-0.432954800027395
singlky01,Kyle Singler,SF,80.0,228.0,False,2013,2018,6,Modern,10,5.7051105,8.536739,-1.0774620949559235,-1.1858784916137943,-0.1649643522527287,-0.2618180854402473,-0.6881811465358008
skilesc01,Scott Skiles,PG,73.0,180.0,False,1987,1996,10,Early-3PT,6,8.42611,6.500466,0.9532784222889992,-1.1550141278202402,0.31167599694780557,0.2695547856405347,0.6000917217346595
skinnal01,Al Skinner,SG,75.0,190.0,False,1975,1980,6,Pre-3PT,4,8.46037,9.092111,-0.38362659505598085,-0.542791510328862,0.31193718431865913,0.4213799815613417,0.4553260983640334
skinnbr01,Brian Skinner,PF,81.0,255.0,False,1999,2012,14,Expansion-90s,8,1.0706161,7.473792,-1.832736230356663,0.9594605423473251,0.008789877436087612,0.08061346015118115,0.09135983107068597
slatere01,Reggie Slater,PF,79.0,215.0,False,1995,2003,8,Expansion-90s,7,1.7497241,6.758633,-1.4942860406968632,1.1933110792329136,-0.34759219835520455,-0.2374644235520468,0.7778850153314774
sloando01,Donald Sloan,PG,75.0,205.0,False,2012,2016,5,Modern,10,8.729844,8.67204,-1.3083601087356762,-1.079070874361505,2.0412783003043935,-0.11427381628502405,0.436810519303338
smartma01,Marcus Smart,PG,75.0,220.0,False,2015,2026,12,Modern,6,9.044018,6.4042783,0.9723740363875206,-1.0133598218434103,0.7506014532361439,0.8743336724625186,-0.42376077345674507
smithbi02,Bingo Smith,SG,77.0,195.0,False,1970,1980,11,Pre-3PT,1,7.676678,6.278711,0.05451588606170932,-0.7316408772810739,-0.459600219576843,-0.6455164985874782,0.014764627369107025
smithch01,Charles Smith,PF,82.0,230.0,False,1989,1997,9,Early-3PT,9,2.639581,5.208235,0.26957197366915314,1.1504639586917382,0.1452109466069787,-0.6888871157815194,-0.6614365771762583
smithch04,Charles Smith,SG,76.0,194.0,False,1998,2006,5,Expansion-90s,10,6.548158,8.403329,-1.3413292017850638,-2.1392648724789156,0.003689405083040484,-0.42257233428371377,-0.8479788133237429
smithcr01,Craig Smith,PF,79.0,250.0,False,2007,2012,6,Dead-Ball,7,2.0825717,6.3308506,-0.5558105974243917,1.674375516065446,-0.29659872265418363,-0.23908007348840463,0.9912735870117009
smithde02,Derek Smith,SG,78.0,205.0,False,1983,1991,9,Early-3PT,4,7.5503874,2.8756077,0.2707224608285134,-0.07511754517912354,0.025471611931131802,-0.4103100692677125,0.28990070340077934
smithde03,Dennis Smith Jr.,PG,74.0,205.0,False,2018,2024,7,Modern,6,9.335299,8.217503,0.012912772302420161,-0.7514246038257388,1.8386344385145064,0.42952023023038843,-0.33378628936830174
smithdo03,Doug Smith,PF,82.0,220.0,False,1992,1996,5,Expansion-90s,2,4.621031,10.755081,-0.9667728403608709,-0.13787617790585843,0.4025114530181179,-0.41266229168893365,-0.2047958141662244
smithel01,Elmore Smith,C,84.0,250.0,False,1972,1979,8,Pre-3PT,9,3.5698683,3.2981052,-0.10844908766961428,1.209699521700239,-0.580610969819809,0.33527347782437844,-1.0547451557660574
smithgr02,Greg Smith,C,82.0,250.0,False,2012,2016,5,Modern,7,1.3439997,6.7222476,-2.3858501947271757,2.1181114489248256,-0.15952394520209412,0.5129086483538644,0.9303860118998533
smithis01,Ish Smith,PG,72.0,175.0,False,2011,2024,14,Dead-Ball,6,9.162531,8.419534,-0.3950363114267013,-0.8492212605660944,1.5340053435181868,0.2266380082059958,0.22675133918375723
smithja02,Jason Smith,C,84.0,240.0,False,2008,2019,11,Dead-Ball,2,2.7574549,7.9588594,-1.0424798841571925,-0.21125801023257818,-0.052102225464637476,-0.5573430848467685,-0.21699733383634628
smithja04,Jalen Smith,C,80.0,215.0,False,2021,2026,6,Post-COVID,9,3.0889704,10.56079,-0.5957723692401834,1.0335043685988152,-0.957663810092398,-0.4120759678518521,0.10672176425344693
smithjo02,Joe Smith,PF,82.0,225.0,False,1996,2011,16,Expansion-90s,9,2.669658,6.1601257,-0.42406901363714433,0.8382934985779226,0.03604721037874627,-0.9535621133863006,-0.18546585276998495
smithjo03,Josh Smith,PF,81.0,225.0,False,2005,2018,13,Dead-Ball,5,4.6790648,3.856456,0.910424242883848,1.217891004010685,0.5509576621196475,0.16682580117836543,-1.5636375723232812
smithjr01,J.R. Smith,SG,78.0,225.0,False,2005,2020,16,Dead-Ball,1,6.9585657,5.887614,1.2226119394410548,-1.3841556695896455,-0.6871000385420789,0.0621111805351451,-0.4359488705271421
smithke01,Kenny Smith,PG,75.0,170.0,False,1988,1997,10,Early-3PT,1,8.200208,6.813717,1.416556610409177,-1.7507729309148063,-0.40783710362249415,0.47146059376306604,0.5088026608599184
smithla01,Larry Smith,PF,80.0,215.0,False,1981,1993,13,Early-3PT,-1,2.939674,10.6399975,-0.9392089727466999,1.0183252422319244,-0.34070529035526215,0.3805664123990602,-0.05359619630672749
smithmi02,Michael Smith,PF,80.0,230.0,False,1995,2001,7,Expansion-90s,7,1.6626251,6.2274113,-0.8573029091704543,1.8063353834605924,-0.1761592199558258,0.6841041478477089,0.2868054981280704
smithot01,Otis Smith,SG,77.0,210.0,False,1987,1992,6,Early-3PT,4,7.8707767,2.7034674,0.0910710715350635,-0.05651307291115343,0.039757031015845476,-0.3006802479675976,-0.045171739026591606
smithph01,Phil Smith,SG,76.0,185.0,False,1975,1983,9,Pre-3PT,3,8.100688,3.1245255,0.7664906548668502,-0.2382955248662922,0.2768388164868829,-0.14856670943926076,0.36647216022997553
smithra01,Randy Smith,SG,75.0,180.0,False,1972,1983,12,Pre-3PT,3,7.924152,3.059948,0.9643384259975876,-0.23622657159221075,0.35135321477100395,-0.12776745006848944,0.3396607077218099
smithro01,Robert Smith,PG,71.0,165.0,False,1978,1985,7,Pre-3PT,10,7.703675,9.285048,-1.3830005963487206,-1.332803770182308,0.44095967084115756,-0.026238489839447446,0.19875881065134157
smithst01,Steve Smith,SG,80.0,200.0,False,1992,2005,14,Expansion-90s,3,6.8720255,4.70235,1.9145830798763512,-0.5458477015073318,-0.5834402072208222,-0.2894843439655045,0.12763351785907692
smithto02,Tony Smith,SG,75.0,185.0,False,1991,2001,9,Expansion-90s,6,8.497977,8.39944,-0.5241254319735389,-1.1923436949505009,0.8902145029687349,0.2920332252797513,0.17428121919245157
smitsri01,Rik Smits,C,88.0,250.0,False,1989,2000,12,Early-3PT,5,2.213898,4.825891,0.7236920615941766,1.876580283972426,-0.1350496699536086,-0.9232876381451506,0.20790514646528827
smrekmi01,Mike Smrek,C,84.0,250.0,False,1986,1992,7,Early-3PT,2,4.102825,10.243952,-2.224426660543299,-0.10945163423730049,0.10160388765210164,-0.03132899970540627,-0.38851078717813464
snellto01,Tony Snell,SG,78.0,213.0,False,2014,2022,9,Modern,1,6.1002383,7.2903314,-0.46895519424389853,-1.657810302487774,-1.223532397091481,0.16255810116442532,0.06348299139716748
snower01,Eric Snow,PG,75.0,190.0,False,1996,2008,13,Expansion-90s,6,9.317443,8.032496,0.15719053595003518,-0.4219836381729984,1.719700250482112,0.8352543621330678,0.4505432807116405
snydedi01,Dick Snyder,SG,77.0,207.0,False,1967,1979,13,Pre-3PT,4,7.2469296,9.954415,0.13800873891783016,-0.436907892614094,-0.3317751824620987,0.025262447694143132,0.5366735690422346
soberri01,Ricky Sobers,SG,75.0,198.0,False,1976,1986,11,Pre-3PT,3,8.497058,3.6042688,0.9968283544124024,-0.6901814010695122,0.45273169930654683,0.03375696048331288,0.2458125778317724
songada01,Darius Songaila,C,81.0,248.0,False,2004,2011,8,Dead-Ball,9,2.7244112,6.731202,-0.7093138506251351,0.5336026740961644,0.21061967787495817,-0.41983786359172137,0.7486026405198487
spanaji01,Jim Spanarkel,SG,77.0,190.0,False,1980,1984,5,Early-3PT,4,8.488688,9.213722,0.10277034358169207,-0.11563168267110159,0.05091068762865515,0.23615188264115153,0.5362169909713019
sparrro01,Rory Sparrow,PG,74.0,175.0,False,1981,1992,12,Early-3PT,6,8.239161,9.413473,-0.20823684015538726,-1.0071939816652493,0.7771719728938855,0.12218566286055157,0.22127709926507255
speigma01,Marreese Speights,C,82.0,255.0,False,2009,2018,10,Dead-Ball,9,2.7157826,5.879849,-0.3278103987783476,0.7847331895860985,-0.3087876222889706,-0.9532300340970679,0.13169027107060702
spencel01,Elmore Spencer,C,84.0,270.0,False,1993,1997,5,Expansion-90s,-1,2.0453067,8.274457,-2.7611309124474888,-0.17047161442607534,2.2258715524990924,-0.19517767585965015,-1.1506687774086892
spencfe01,Felton Spencer,C,84.0,265.0,False,1991,2002,12,Expansion-90s,7,0.67722046,6.560334,-1.6866046468415523,1.6496185818346163,-0.20907989241322278,0.24167466206597607,0.7049389393655516
splitti01,Tiago Splitter,C,83.0,245.0,False,2011,2017,7,Dead-Ball,7,0.9786691,5.3537946,-0.5197209591173388,2.1240520066166315,-0.2159899925266553,0.532287538785658,0.37238162547317694
sprewla01,Latrell Sprewell,SF,77.0,190.0,False,1993,2005,13,Expansion-90s,-1,7.2456193,4.0302644,2.680560258461763,-0.12144659268252665,0.4022689421298506,-0.6099687423272508,-0.4214416184542705
sprigla01,Larry Spriggs,SF,79.0,230.0,False,1982,1986,5,Early-3PT,2,3.9067395,10.323082,-1.0661757592098342,-0.029352934036026457,-0.0727142346717248,0.24786342510585843,0.6082828355912772
stackje01,Jerry Stackhouse,SG,78.0,218.0,False,1996,2013,18,Expansion-90s,3,7.240194,4.282355,1.6682560397945216,-0.537379313141604,0.2542928742787562,-0.7864871482928434,-0.2549054396518657
stacoke01,Kevin Stacom,SG,75.0,185.0,False,1975,1982,6,Pre-3PT,10,6.463781,10.000391,-1.113492092320088,-1.5774707446691276,0.07278098281238894,-0.3966054148707613,0.31005251804917316
starkjo01,John Starks,SG,77.0,180.0,False,1989,2002,13,Early-3PT,1,7.4054055,6.11619,1.6263494182086513,-1.697663695487117,-0.32812901417650286,0.27793092093670724,-0.6874057194091026
stausni01,Nik Stauskas,SG,78.0,205.0,False,2015,2022,6,Modern,10,6.8525996,8.045046,-0.9107014289131261,-2.0763786742215617,-0.05516222620726138,-0.3749238664826886,-0.4671175213676793
stepavl01,Vladimir Stepania,C,84.0,236.0,False,1999,2004,6,Expansion-90s,8,1.4012718,7.7883234,-1.8167641764862934,0.8170184369349623,0.3289319551260288,-0.22108992214997533,-0.5755298926073364
stephla01,Lance Stephenson,SG,78.0,230.0,False,2011,2022,10,Dead-Ball,4,7.5810823,7.5949507,-0.09245276299759028,-0.6456415972454815,0.344454798689906,-0.19424083767061656,0.2606248413354412
steppbr01,Brook Steppe,SG,77.0,195.0,False,1983,1989,5,Early-3PT,4,6.9480305,9.769492,-0.548673528863596,-0.4516579194546869,-0.108482730444064,0.051371038170178865,0.7332249860484148
stevede01,DeShawn Stevenson,SG,77.0,210.0,False,2001,2013,13,Dead-Ball,10,6.665915,8.290076,-0.6342892140428749,-1.693573666315223,0.3045991189592386,-0.4716916166734838,-0.5661608345940647
stevela01,Lamar Stevens,PF,79.0,230.0,False,2021,2025,5,Post-COVID,8,2.4615233,7.8324246,-1.3125961653820186,0.08399743076548036,0.3415979844142609,-0.627172780030331,-0.3634504333044732
stewais01,Isaiah Stewart,C,80.0,250.0,False,2021,2026,6,Post-COVID,9,0.93429095,5.756653,-0.5817977229803666,1.4562433645320487,-0.3734568787947352,0.12390009139408964,-0.04044446559489695
stewala01,Larry Stewart,SF,80.0,220.0,False,1992,1997,5,Expansion-90s,4,3.4693868,8.030275,-0.7324727099781198,0.5588153618189504,-0.2018831399987877,0.19365931614342874,-0.09939388427831924
stewami01,Michael Stewart,C,82.0,230.0,False,1998,2005,8,Expansion-90s,8,1.5403063,8.027716,-2.4101822455630506,0.4696098534368399,0.0985427270746851,0.16457921951172788,-0.17127495288614125
stipast01,Steve Stipanovich,C,83.0,245.0,False,1984,1988,5,Early-3PT,5,4.533788,3.0451949,0.899490908796232,1.1167886889196268,-0.19266443284301704,0.15897346549388147,-0.4597093672452039
stithbr01,Bryant Stith,SG,77.0,208.0,False,1993,2002,10,Expansion-90s,1,6.839639,5.835598,0.5957554537626579,-0.7069919743225994,-0.30656277704107815,-0.10539893689732585,-0.048239565087515424
stockjo01,John Stockton,PG,73.0,170.0,True,1985,2003,19,Early-3PT,11,8.895002,4.7705307,4.024726833644957,0.4257348455730501,1.1123590217704837,2.518300290334977,0.9708137084680204
stojape01,Peja Stojaković,SF,82.0,229.0,False,1999,2011,13,Expansion-90s,3,5.9735856,4.9278045,2.2056747265417793,-0.7546589287035866,-2.0029226377534726,-0.22129872674642354,-0.02685956746714732
stoudam01,Amar'e Stoudemire,PF,82.0,245.0,False,2003,2016,14,Dead-Ball,11,3.8693466,3.820222,1.5242966327150675,2.654406712696096,-0.19235917429958793,-0.9149429992912421,0.24700832019323077
stoudda01,Damon Stoudamire,PG,70.0,171.0,False,1996,2008,13,Expansion-90s,-1,8.965574,5.488515,1.9183787641950518,-1.1814671195103186,0.7707714569385306,0.32692713570237,0.341675421904626
stricer01,Erick Strickland,SG,75.0,210.0,False,1997,2005,9,Expansion-90s,6,7.8262353,7.360812,0.3346598896234652,-1.3551360318347927,0.21283027231070917,0.2966902622347364,-0.2983191324656154
stricma01,Mark Strickland,SF,81.0,210.0,False,1995,2003,8,Expansion-90s,8,2.4326484,7.2700963,-1.5146497312382239,0.5758449334504675,-0.3745759932485097,-0.6493834052330085,-0.16324764080480447
stricro02,Rod Strickland,PG,75.0,175.0,False,1989,2005,17,Early-3PT,-1,9.351673,5.4472027,1.5246200546628987,-0.08472969138056706,1.608609635682276,0.502651795386305,0.3744828206495039
stronde01,Derek Strong,PF,80.0,220.0,False,1992,2001,10,Expansion-90s,8,2.3623874,7.025951,-1.100974436479738,0.5865949908401373,0.0996056249665646,-0.8607343419886845,-0.19520334078844942
strusma01,Max Strus,SF,77.0,215.0,False,2020,2026,7,Post-COVID,1,6.0490313,6.4975867,0.3311910203603062,-0.8638822838502325,-1.6763913567997848,0.1457531418760328,0.45745877383437306
stuckro01,Rodney Stuckey,PG,77.0,210.0,False,2008,2017,10,Dead-Ball,-1,8.21622,3.976515,1.1880719716884278,-0.2847238931503361,1.0799706636413717,-0.5675231587680863,0.2518859503155037
suggsja01,Jalen Suggs,PG,77.0,205.0,False,2022,2026,5,Post-COVID,6,9.088837,6.166082,1.0567927726500124,-0.6417453373921678,1.1602756904418474,0.533818745651278,-0.6994616679858487
sullija01,Jared Sullinger,PF,81.0,260.0,False,2013,2017,5,Modern,9,2.569288,6.3874555,-0.5018347130555556,0.801597645769455,0.4719609574507067,-0.7420836009131049,-0.6038120655394692
sumneed01,Edmond Sumner,SG,76.0,190.0,False,2018,2023,5,Modern,4,3.925675,8.136963,-0.6790714783543623,0.18587054033186326,-0.7228925997930282,0.5055312363844517,0.6548485712676968
sundobr01,Bruno Šundov,C,86.0,220.0,False,1999,2005,7,Expansion-90s,2,4.767767,10.289829,-2.1862451158756566,-0.456181853610356,0.32097841537159727,-0.7486972923011657,0.1818146319837045
sundvjo01,Jon Sundvold,PG,74.0,170.0,False,1984,1992,9,Early-3PT,1,7.9404984,6.5396028,-0.007661821886025766,-1.4952668417718091,-0.34366110069717526,-0.21344387944213697,0.8235639380796984
surabo01,Bob Sura,SG,77.0,200.0,False,1996,2005,10,Expansion-90s,6,9.019371,5.2212315,0.7801646575830896,-0.32865080950442926,0.6308519684336373,0.8055970256012663,-0.1747299404409532
swiftst01,Stromile Swift,PF,81.0,225.0,False,2001,2009,9,Dead-Ball,9,1.6355988,6.780748,-0.969520314883662,1.354379214323244,0.1829396000151668,-0.3974311911879349,-0.1981564586454928
szczewa02,Wally Szczerbiak,SF,79.0,244.0,False,2000,2009,10,Dead-Ball,3,6.4350815,4.530099,1.706160500491591,-0.1879634660184437,-0.7126219159476127,-0.8912304039214941,0.4702983115583942
tabakza01,Žan Tabak,C,84.0,245.0,False,1995,2001,6,Expansion-90s,-1,1.2782243,6.901609,-1.7715180957848886,1.1116099343203627,0.2203456943313961,-0.20011981300348652,0.42129012254221704
tarplro01,Roy Tarpley,PF,84.0,245.0,False,1987,1995,6,Early-3PT,5,3.9498749,2.9992826,0.697514132523839,1.6601497937973013,-0.3187819068130791,-0.1943005375593025,-0.7844584788533755
tateja01,Jae'Sean Tate,SF,76.0,230.0,False,2021,2026,6,Post-COVID,4,3.9291258,8.522345,-0.7963393236767815,0.1637474765088339,0.191581013080656,0.1393150805819147,0.020411017411039456
tatumja01,Jayson Tatum,SF,80.0,210.0,False,2018,2026,9,Modern,-1,6.0263205,3.7644277,3.357351026759354,0.8866594216016906,-0.1810876338292417,-0.3438810161108079,-0.897368946196333
taylobr01,Brian Taylor,PG,74.0,185.0,False,1973,1982,10,Pre-3PT,-1,8.266169,5.4167347,1.263469943846521,-0.5653540656146843,-0.3078447745370386,0.9691774001115637,0.07305808731707666
tayloma01,Maurice Taylor,PF,81.0,260.0,False,1998,2007,9,Expansion-90s,9,2.944667,6.317969,-0.53641715802688,0.6405499194811937,0.4364635433629886,-1.2180613270601914,0.24205192817563886
teaglte01,Terry Teagle,SG,77.0,195.0,False,1983,1993,11,Early-3PT,4,7.531954,9.825825,-0.2854416253471268,-0.5632357068085349,0.03286253440439292,-0.8582105905620249,0.42988155970313396
teaguje01,Jeff Teague,PG,75.0,195.0,False,2010,2021,12,Dead-Ball,-1,9.160918,5.016405,1.5613804051907114,-0.2949611515591367,1.000701912343165,0.5295873397311378,0.6688607030820095
teletmi01,Mirza Teletović,PF,81.0,242.0,False,2013,2018,6,Modern,1,4.9805346,6.751666,-0.2079862725214178,-1.3143198470254147,-1.0968192526148406,-0.4396949692452886,-0.36167702297450927
telfase01,Sebastian Telfair,PG,72.0,165.0,False,2005,2015,10,Dead-Ball,6,8.442206,7.765403,0.07252867104812638,-1.6765365555721754,1.0315071177855664,0.03424253018089678,0.3954230800478792
templga01,Garrett Temple,SG,77.0,195.0,False,2010,2026,16,Dead-Ball,10,7.258743,8.271933,-0.6537277638054896,-1.516540863279499,-0.0009731623127400696,0.6324687827898026,-0.5265623258077721
terryja01,Jason Terry,SG,74.0,185.0,False,2000,2018,19,Dead-Ball,-1,8.060193,5.249229,2.2879597851212097,-0.963570444958058,-0.2219485104429182,0.4733877132478236,0.40103365582102146
thabeha01,Hasheem Thabeet,C,87.0,263.0,False,2010,2014,5,Dead-Ball,8,0.9111777,7.493566,-2.5404691719195975,1.0602641877486705,-0.1512543501970064,0.9489169859093807,-0.03756363696850684
thackto01,Tom Thacker,PG,74.0,170.0,False,1964,1971,7,Pre-3PT,10,7.4023676,9.374866,-1.7248244917017928,-1.1205332017315897,0.8627148535474856,0.42087135964114897,-0.4593577120025106
theisda01,Daniel Theis,C,80.0,245.0,False,2018,2025,8,Modern,9,1.1792513,6.3709188,-0.7491886621982627,0.8916690712732788,-0.6120347502497823,0.09246272242738585,0.5001887722006744
theusre01,Reggie Theus,SG,78.0,190.0,False,1979,1991,13,Pre-3PT,3,8.347957,3.6655276,1.8822382646218765,-0.20582395220191663,0.6407842377066273,-0.3807087629658551,0.5547101741765031
thirdda01,David Thirdkill,SF,79.0,195.0,False,1983,1987,5,Early-3PT,2,4.063108,10.228061,-1.5412861218414278,-0.35550776504560666,-0.22877343570584827,0.036749820549113535,0.7267820865375665
thomaca02,Cam Thomas,SG,75.0,210.0,False,2022,2026,5,Post-COVID,3,7.123823,5.502902,0.6913180726231059,-1.0708072711097323,0.9246929588427069,-2.224143704743124,0.43061003378014545
thomaet01,Etan Thomas,C,81.0,256.0,False,2002,2011,9,Dead-Ball,7,0.7009919,6.4194703,-1.2625418552551277,1.5821043683908749,-0.3129212438130465,-0.07171421404308216,0.5768706508276823
thomais01,Isiah Thomas,PG,73.0,180.0,True,1982,1994,13,Early-3PT,0,8.399676,4.3839993,3.0233105217854774,0.29039088984022143,1.1854831535752381,0.2765729997342856,-0.11464586488895795
thomais02,Isaiah Thomas,PG,69.0,185.0,False,2012,2024,12,Modern,3,8.981038,5.7133384,1.1526318545562484,-1.181352611510619,0.9951316237105772,-0.8825914685952935,0.5330531878349523
thomajo02,John Thomas,C,81.0,265.0,False,1998,2006,5,Expansion-90s,8,1.440095,6.989278,-2.2350505074563527,0.6645179396539027,0.22275790101065607,0.2555723198444133,1.0833285350073738
thomake01,Kenny Thomas,PF,79.0,261.0,False,2000,2010,11,Dead-Ball,9,2.0994668,6.5412,-0.49747116375447664,1.090444649145844,0.6000264027130108,-0.17332354041181564,-0.3551743371431482
thomaku01,Kurt Thomas,PF,81.0,230.0,False,1996,2013,18,Expansion-90s,9,2.2404835,6.676469,-0.36045675345967315,1.0958660982446486,-0.30872139141127847,-0.16483856580286915,-0.024295419881592062
thomala01,Lance Thomas,PF,80.0,240.0,False,2012,2020,9,Modern,10,5.3289757,8.833895,-1.7015996396052537,-0.742480847187204,0.7065517527194328,-1.06664551491297,-0.1424711354487705
thomati01,Tim Thomas,SF,82.0,230.0,False,1998,2010,13,Expansion-90s,-1,5.7983193,5.1333556,0.5666593138396623,-0.47432347792628793,-0.9661041400646123,-0.4174518023903796,0.002141421971236235
thomaty01,Tyrus Thomas,PF,81.0,215.0,False,2007,2015,8,Dead-Ball,9,2.4529374,5.412612,-0.23486424895959146,1.4245592946639714,0.251589426551144,0.1561176584135902,-0.5473233048965778
thompbe01,Bernard Thompson,SF,78.0,210.0,False,1985,1989,5,Early-3PT,4,7.4661336,9.254315,-1.1194226541744998,-0.622023540419772,0.3696854254065753,-0.061609235843141694,0.15819853862380792
thompbi01,Billy Thompson,SF,79.0,195.0,False,1987,1992,6,Early-3PT,2,4.056062,10.325967,-1.0853130534980924,-0.04854447615857671,0.06810699018399656,-0.1281177351534113,0.13662201654829512
thompda01,David Thompson,SG,76.0,195.0,True,1976,1984,9,Pre-3PT,-1,6.6738725,2.8934054,2.1757329905544562,0.9081776381522165,-0.2778034448618437,-0.7380732071332825,0.35179031965985175
thompja02,Jason Thompson,PF,83.0,250.0,False,2009,2016,8,Dead-Ball,9,1.8191221,6.4262323,-0.7676879829668986,1.468243404844692,-0.09194362582279214,-0.33639054869220175,0.37762188438566036
thompkl01,Klay Thompson,SG,77.0,220.0,False,2012,2026,13,Modern,3,6.698046,4.735166,2.029482041967272,-0.9945812488926262,-0.7295364821010331,-0.7517280184603093,-0.30774246547315465
thompla01,LaSalle Thompson,C,82.0,245.0,False,1983,1997,15,Early-3PT,-1,2.0882154,8.202041,-1.356447176252827,0.5224494407537982,1.0169663937847155,-0.41254497671172463,-1.308632636092569
thompmy01,Mychal Thompson,C,82.0,226.0,False,1979,1991,12,Pre-3PT,9,3.9491456,3.010012,0.22391297976732394,0.8902809388881955,-0.33607865077215315,-0.2091587476000745,-0.17628216141601266
thomptr01,Tristan Thompson,C,81.0,254.0,False,2012,2025,13,Modern,7,1.3921108,6.59595,-1.3797150248740788,2.2263147414303384,0.416955992334652,-0.4583261796603546,0.37943283323127
thornbo01,Bob Thornton,PF,82.0,225.0,False,1986,1996,8,Early-3PT,10,4.5622835,10.353591,-2.3155763360221626,-0.7575768068743476,0.4245281021319646,-0.9198735210500876,-0.043493826549640124
thornma01,Marcus Thornton,SG,76.0,205.0,False,2010,2017,8,Dead-Ball,1,7.037522,6.027985,0.8637240609526482,-1.1298503808504619,-0.6072315840592074,-0.4009792082963666,-0.10576674181348034
thorpot01,Otis Thorpe,PF,82.0,248.0,False,1985,2001,17,Early-3PT,9,2.6833637,5.145776,0.4597585530765173,1.7764779719396777,-0.08673936738799662,-0.4082412518474424,0.4445800148087965
threase01,Sedale Threatt,PG,74.0,175.0,False,1984,1997,14,Early-3PT,6,8.417717,7.303225,0.7266609160801059,-1.136169524295264,0.1455018926807765,0.3885725738354171,0.24944989395403291
thurmna01,Nate Thurmond,C,83.0,225.0,True,1964,1977,14,Pre-3PT,9,3.593602,3.2594006,0.122451385759894,1.0853485548149497,-0.3777198271807434,0.23652293368796415,-1.1422352562287124
thybuma01,Matisse Thybulle,SG,77.0,202.0,False,2020,2026,7,Post-COVID,4,4.922938,8.003082,-0.30439958688594326,-0.7662862709810382,-0.3819466265421914,2.194255695572011,-1.40525871083435
tillmxa01,Xavier Tillman Sr.,C,80.0,245.0,False,2021,2026,6,Post-COVID,8,1.5655088,7.4214535,-1.6596487133322304,0.5886936827000995,0.390905303593513,0.5363314390782989,-0.30724921658954585
tinslja01,Jamaal Tinsley,PG,75.0,195.0,False,2002,2014,11,Dead-Ball,6,9.215736,7.1278677,0.8978387289662209,-1.0249466049712563,1.7371148867189115,1.0083151007104922,0.12219877823933556
tisdawa01,Wayman Tisdale,PF,81.0,240.0,False,1986,1997,12,Early-3PT,9,3.1719303,5.3561983,0.5348143300599328,1.1297880681559416,-0.08151639213401715,-1.5004141369978388,0.045669993997736746
tolbera01,Ray Tolbert,PF,81.0,225.0,False,1982,1989,5,Early-3PT,2,3.8499265,10.402286,-1.438146441468618,0.09632188966736868,-0.17088623604613104,0.17917748850599555,0.25313672282001115
tolbeto01,Tom Tolbert,PF,79.0,235.0,False,1989,1995,7,Early-3PT,2,4.6425653,10.456348,-1.2482712821363002,-0.4155335172138051,-0.23211403177530143,-0.3977680740649846,0.08241835244015981
tollian01,Anthony Tolliver,PF,80.0,240.0,False,2009,2021,13,Dead-Ball,1,5.0504603,6.904252,-0.6384385973694906,-1.6554427244896752,-1.239458653944749,0.1104565594954213,-0.555378411888154
toneyan01,Andrew Toney,SG,75.0,178.0,False,1981,1988,8,Early-3PT,3,8.166819,3.4983008,1.1223617407442092,-0.3528605266230459,0.4325715310531118,-0.5294569671825912,0.5745442397359619
toneyse01,Sedric Toney,PG,74.0,178.0,False,1986,1994,5,Early-3PT,10,7.5128593,9.483038,-1.446958626060015,-1.84524842437829,0.8187374843593063,-0.42693423582009593,0.094876709616674
toppiob01,Obi Toppin,PF,81.0,220.0,False,2021,2026,6,Post-COVID,9,4.8726406,6.3043814,0.17870341985077604,0.32332611394014377,-1.1998082048974583,0.10813989806161822,0.4527523442369854
toscaju01,Juan Toscano-Anderson,SF,78.0,209.0,False,2020,2024,5,Post-COVID,10,4.448982,8.785752,-1.7424030934193564,-0.4546025119509266,0.5048182637960266,0.45240464919681633,-0.34958586879684855
townska01,Karl-Anthony Towns,C,84.0,248.0,False,2016,2026,11,Modern,11,4.437556,3.4899433,2.9552812018153576,2.3461271044606513,-0.40858299740476883,-0.1971795205123656,-0.18205197340012003
trappjo01,John Trapp,SF,79.0,210.0,False,1969,1973,5,Pre-3PT,2,4.7287617,10.088666,-1.255588766567915,-0.31535776982533303,0.19865142811276482,-0.14909099393898845,-0.3436833919504176
traylro01,Robert Traylor,C,80.0,284.0,False,1999,2005,7,Expansion-90s,7,0.7312882,6.481842,-1.089544626745484,1.385447810527477,-0.09392233202020182,0.5774471794004014,-0.17888838675297253
trentga01,Gary Trent,PF,80.0,250.0,False,1996,2004,9,Expansion-90s,9,2.8009124,5.709739,-0.18988807579342282,1.2996870727265462,-0.11237806712937194,-0.8306411152767871,0.3375766271201558
trentga02,Gary Trent Jr.,SG,77.0,204.0,False,2019,2026,8,Modern,1,6.928492,6.5069747,0.5473088499536585,-1.6947815307873262,-0.5967219511939126,-0.6683655088559746,-0.3472178948331675
tripuke01,Kelly Tripucka,SF,78.0,220.0,False,1982,1991,10,Early-3PT,3,7.1503887,2.8998523,1.611834471242581,0.19308451355162007,0.02389324530301294,-0.6515542455746661,0.31160552259079133
tsakaja01,Jake Tsakalidis,C,86.0,285.0,False,2001,2007,7,Dead-Ball,8,1.2175976,7.0855393,-1.9481673665967578,1.318176603705961,0.3173421866533052,0.005998812553676187,0.3062951447095369
tuckepj01,P.J. Tucker,PF,77.0,245.0,False,2007,2025,14,Dead-Ball,1,5.3158693,6.8016467,-0.4375257002138083,-0.9845307287589963,-1.0183593599720735,0.8876327619613353,-0.5893339464882288
tucketr01,Trent Tucker,SG,77.0,193.0,False,1983,1993,11,Early-3PT,1,8.069752,6.278703,0.4448171674475036,-0.9331962502636361,-0.9311268239353513,0.561610049400114,0.23636913704130647
turiaro01,Ronny Turiaf,C,82.0,249.0,False,2006,2015,10,Dead-Ball,7,0.967865,5.7495956,-1.3370566433256597,1.9762534920281556,-0.23666780074376903,1.5119430117198172,0.7652014967976672
turkohe01,Hedo Türkoğlu,SF,82.0,220.0,False,2001,2015,15,Dead-Ball,-1,6.1462116,5.3004537,1.1238451702998644,-0.5909943725598152,-0.3876848193174712,0.2410300240790854,-0.5068886033649642
turnean01,Andre Turner,PG,71.0,160.0,False,1987,1992,6,Early-3PT,10,7.667482,9.396164,-1.446011276491636,-1.527581270328425,1.4108305807102717,0.008847540173815532,-0.10682184886769014
turneel01,Elston Turner,SF,77.0,190.0,False,1982,1989,8,Early-3PT,10,7.3207316,9.352743,-1.114013164729504,-0.7896005588949846,0.4143689276417734,0.32896357685342015,-0.13530769812261634
turneev01,Evan Turner,SF,78.0,220.0,False,2011,2020,10,Dead-Ball,-1,7.787638,4.4566054,0.4031974087868801,-0.2438692285040464,0.8593250092116997,-0.4870038855358537,-0.0493079630480176
turneje01,Jeff Turner,PF,81.0,230.0,False,1985,1996,10,Early-3PT,4,5.185604,10.13434,-1.0242657768357952,-0.6886536562237511,-0.3241527343903317,-0.2424341294804077,0.3681090943332188
turnemy01,Myles Turner,C,83.0,250.0,False,2016,2026,11,Modern,5,3.658223,3.466325,0.8005732583643856,1.5472351604562704,-0.801138705051562,0.2692960907344517,-0.5702929491919411
turpime01,Melvin Turpin,C,83.0,240.0,False,1985,1990,5,Early-3PT,9,2.8016691,10.4165945,-0.46035206305215914,0.665159509360152,-0.6286096695635516,-0.10135413016932333,0.014028961923528982
tylerte01,Terry Tyler,SF,79.0,215.0,False,1979,1989,11,Pre-3PT,9,2.632646,10.084752,-0.2955812412872072,0.5934431123876419,-0.5492869026359184,0.267593305434909,-0.5291623712356912
udohek01,Ekpe Udoh,C,82.0,245.0,False,2011,2019,7,Dead-Ball,7,0.8305877,6.76638,-1.5132490014173041,1.5083812248556459,0.40154260420348226,0.7313056209171452,-0.152002612500442
udokaim01,Ime Udoka,SF,78.0,215.0,False,2004,2011,7,Dead-Ball,10,5.525469,8.406337,-0.9884021530195981,-1.0019435672800936,0.034397847337388945,0.2171172563293471,-0.6826409813190011
udrihbe01,Beno Udrih,PG,75.0,205.0,False,2005,2017,13,Dead-Ball,6,9.044724,7.067936,0.5856861909686448,-1.000843938201604,0.574219892403791,0.039740175440497266,1.1672372353637266
unselwe01,Wes Unseld,C,79.0,245.0,True,1969,1981,13,Pre-3PT,5,4.5516095,3.0444188,0.7238387232448811,1.1210198629145876,-0.6729437720632152,1.3262203304270073,-0.32438154872929587
valanjo01,Jonas Valančiūnas,C,83.0,265.0,False,2013,2026,14,Modern,5,1.8326077,5.037313,0.4461680517539411,2.7761850411032936,-0.19869829111247703,-0.45541730413946147,0.5726846914516546
valenda01,Darnell Valentine,PG,73.0,183.0,False,1982,1991,9,Early-3PT,6,9.590647,8.6199045,0.45786889215518073,-0.43415445014663767,0.9752439970545188,0.5528545393958554,0.21283857779502402
valende01,Denzel Valentine,SG,76.0,220.0,False,2017,2022,5,Modern,1,5.841554,7.4588056,-0.599203407678411,-1.6199744604379132,-0.6070589530344369,0.22574087470362583,-0.45648994320692654
vanarto01,Tom Van Arsdale,SF,77.0,202.0,False,1966,1977,12,Pre-3PT,4,7.529818,9.837734,-0.04320856419129376,-0.6249174533755312,0.07109167993390146,-0.6505470042641031,0.31580825766822196
vanbrja01,Jan van Breda Kolff,SF,79.0,195.0,False,1975,1983,9,Pre-3PT,2,3.5729728,10.073628,-0.8741208194452006,-0.10307050600238017,-0.07596429102852989,0.7329902569924964,0.03150353615760833
vandeja01,Jarred Vanderbilt,PF,80.0,214.0,False,2019,2026,8,Modern,-1,1.7096462,6.995707,-1.342180935156715,1.081484262473059,0.11844593969835594,1.0033104469163787,-0.08263883590315887
vandeki01,Kiki Vandeweghe,SF,80.0,220.0,False,1981,1993,13,Early-3PT,3,7.230162,2.7866778,1.4741240281560084,0.11819338773922519,-0.694406332368804,-0.9718973079518625,0.709719757918982
vanexni01,Nick Van Exel,PG,73.0,170.0,False,1994,2006,13,Expansion-90s,-1,8.926263,5.3080506,2.433707803841503,-1.1154382888532137,0.4379571313237611,-0.028298106007679007,0.5923185582385327
vanhoke01,Keith Van Horn,SF,82.0,220.0,False,1998,2006,9,Expansion-90s,3,5.714085,4.1569433,1.5494004823733203,0.489296367872865,-0.739720200875851,-0.7907446308956205,-0.19385896147625598
vanvlfr01,Fred VanVleet,PG,72.0,197.0,False,2017,2025,9,Modern,-1,8.696917,5.2241483,2.0887643060016146,-0.9138718229799521,0.7254775750753091,0.8944886382544339,-0.5667171106188105
varejan01,Anderson Varejão,C,83.0,273.0,False,2005,2021,14,Dead-Ball,7,1.5699743,6.0372376,-0.9028500550674556,1.752291789856387,0.3125473454557203,0.14660052518950964,-0.11500394518142426
vasqugr01,Greivis Vásquez,PG,78.0,217.0,False,2011,2017,7,Dead-Ball,6,8.66841,6.790892,0.6423104788658465,-1.4198432798749543,0.6803067924730148,0.0056622743724588295,0.6950323489272761
vassede01,Devin Vassell,SG,77.0,200.0,False,2021,2026,6,Post-COVID,-1,6.9470716,5.780188,1.142664304883186,-0.9864615341871664,-0.06832751436199255,-0.55221109538195,-0.45542078688747684
vaughja01,Jacque Vaughn,PG,73.0,190.0,False,1998,2009,12,Expansion-90s,6,8.57475,8.37307,-0.4857282268951114,-1.2345134588737108,0.8383345412595654,0.3100166290937483,0.6261184594244454
vaughlo01,Loy Vaught,PF,81.0,230.0,False,1991,2001,11,Expansion-90s,9,2.6144762,6.6648517,-0.540429736687529,0.9093202808879192,-0.2981571501407776,-0.7954063091076621,0.09448695820998193
verhope01,Pete Verhoeven,PF,81.0,215.0,False,1982,1987,6,Early-3PT,2,4.713208,9.970918,-1.3752197015253589,-0.31585277383225785,-0.4028270277347588,0.28192859244676494,0.22301892070914858
villach01,Charlie Villanueva,PF,83.0,232.0,False,2006,2016,11,Dead-Ball,1,5.2394886,5.2314296,0.2690687581463362,-0.10245579327120426,-1.0103630429345196,-0.680262640361818,-0.28938251077798816
vincega01,Gabe Vincent,PG,74.0,200.0,False,2020,2026,7,Post-COVID,10,7.563231,8.246527,-1.0003558702762039,-2.5408764250794444,0.45457144999258153,0.07604485775163762,-0.24278533265004404
vinceja01,Jay Vincent,SF,79.0,220.0,False,1982,1990,9,Early-3PT,9,7.689969,2.6786025,0.031367885326661404,-0.03383463702520553,0.028575094944620447,-0.9195260169150083,0.14429518461394114
vincesa01,Sam Vincent,PG,74.0,185.0,False,1986,1992,7,Early-3PT,6,9.39041,8.855208,0.20489307858007388,-0.5303916760638134,0.5682188121525935,0.10998374788276316,0.629886369196364
vonleno01,Noah Vonleh,PF,82.0,257.0,False,2015,2023,8,Modern,8,1.5647625,8.296212,-1.8467384693735502,0.4156924793952732,0.12614522878894846,-0.13717064576271645,0.007207076711487959
voskuja01,Jake Voskuhl,C,83.0,245.0,False,2001,2009,9,Dead-Ball,8,1.4145124,7.9705544,-1.8006253884194525,0.577793632458077,0.3133236947399957,-0.009224023960773549,0.24696726848844358
vraneda01,Danny Vranes,SF,79.0,210.0,False,1982,1988,7,Early-3PT,2,3.4178095,10.107504,-1.0860296243109302,0.16611850107879125,-0.1432067199009261,0.5822022749119288,-0.009931217663200598
vrankst01,Stojko Vranković,C,86.0,260.0,False,1991,1999,5,Expansion-90s,8,1.2340244,7.7290463,-2.4973022990273908,1.0883637566294062,0.10258178742988701,-0.10053076232852978,-0.3037887885158916
vucevni01,Nikola Vučević,C,81.0,260.0,False,2012,2026,15,Modern,5,4.0416565,3.7854567,1.404593765379829,1.6594755688533573,0.09662846791912487,-0.5084419633293727,-0.17402905195106266
vujacsa01,Sasha Vujačić,SG,79.0,195.0,False,2005,2017,10,Dead-Ball,10,6.8363724,7.926941,-0.31955678893906786,-2.0938991341505355,-0.23782209179826969,0.07775948357239904,-0.8017201640544827
wadede01,Dean Wade,PF,81.0,228.0,False,2020,2026,7,Post-COVID,1,5.1580944,6.825284,-0.670303309763179,-0.6381603639769663,-1.596712937990768,0.9222731771044788,-0.1759504168905074
wadedw01,Dwyane Wade,SG,76.0,220.0,True,2004,2019,16,Dead-Ball,11,6.1465826,3.5206337,3.8757334089273066,1.4976336218544402,1.1004818587143412,-0.20257389878774604,-0.2607996356278584
wafervo01,Von Wafer,SG,77.0,210.0,False,2006,2012,6,Dead-Ball,10,6.596224,8.904255,-1.9814014206986361,-2.685598833422202,0.6778327964424514,-1.7104373756325426,-0.8128803878070336
wagnefr01,Franz Wagner,SF,82.0,220.0,False,2022,2026,5,Post-COVID,-1,6.2969933,3.6167696,2.1551195762125355,0.7945055083622693,0.4389996608315974,-0.7293177354977548,-0.33689561328386586
wagnemo01,Moritz Wagner,C,83.0,245.0,False,2019,2026,8,Modern,9,0.9393034,7.129154,-0.5490196746538966,0.5083141620198355,-0.29887945296297774,0.18218014920532,0.2062714293434489
waitedi01,Dion Waiters,SG,75.0,215.0,False,2013,2020,8,Modern,6,7.1922293,7.6840835,0.4266011048200922,-1.1260177763954091,0.6790413486629949,-0.6605370067911362,-0.5035690407723832
waitegr01,Granville Waiters,C,83.0,225.0,False,1984,1988,5,Early-3PT,2,3.9817522,10.279471,-2.2335736699660558,-0.16953153854063596,0.19122860959039084,0.3562687288360531,-0.6437483797675534
walkean02,Antoine Walker,PF,81.0,224.0,False,1997,2008,12,Expansion-90s,3,5.665605,4.187865,1.9470524523814121,0.34525699915619745,0.10715063184932584,-0.5133038862154138,-0.9437918552493407
walkebi01,Henry Walker,SF,78.0,220.0,False,2009,2015,5,Dead-Ball,1,6.055628,7.103318,-0.2383337377363745,-0.9489379808834628,-1.2928407552707872,0.4425150392942213,0.46284255174237154
walkeda01,Darrell Walker,PG,76.0,180.0,False,1984,1993,10,Early-3PT,6,9.741691,8.052994,-0.17747082254466534,-0.12147147607029002,1.0651318074530969,0.7871682609741087,-0.5157077850395326
walkefo01,Foots Walker,PG,72.0,184.0,False,1975,1984,10,Pre-3PT,6,9.747212,7.8828564,-0.10611484673931959,-0.5686991740217636,0.7738859239290306,1.3794324858064297,0.1648846189244295
walkeke01,Kenny Walker,SF,80.0,210.0,False,1987,1995,7,Early-3PT,-1,3.2529783,10.112963,-0.836416026847935,0.23546131018065017,-0.4898709333730136,-0.035052067328195144,0.1582937615332482
walkeke02,Kemba Walker,PG,72.0,184.0,False,2012,2023,12,Modern,0,8.863739,4.4843554,2.535612614039808,-0.432435204809103,0.96787906179027,-0.07810101298173283,-0.0035268173297017813
walkelo01,Lonnie Walker IV,SG,76.0,204.0,False,2019,2025,7,Modern,1,6.9397297,7.0210595,-0.09667422032011141,-1.285132336826893,-0.18623869939726984,-0.5684435949348018,-0.21170778376982846
walkesa01,Samaki Walker,PF,81.0,240.0,False,1997,2006,10,Expansion-90s,8,2.1006734,7.8147073,-1.6897342227616203,0.8259027352975022,0.4440061672705374,-0.4968483295766821,-0.2135448791427348
walkewa01,Wally Walker,SF,79.0,190.0,False,1977,1984,8,Pre-3PT,2,4.9615064,10.117648,-1.0810188563048155,-0.3887440556789274,-0.21994156962240674,-0.3073433689964119,0.38260796513049866
wallabe01,Ben Wallace,C,81.0,240.0,True,1997,2012,16,Expansion-90s,7,1.0154407,5.2002087,-0.8073710464769848,2.4102798000860295,0.09015356734669709,1.5824847656583958,-1.3922628701607669
wallage01,Gerald Wallace,SF,79.0,215.0,False,2002,2015,14,Dead-Ball,5,5.3720393,3.4828959,0.9838826966190872,0.865865601845332,0.12408542071408661,0.5898540709925552,-0.9608077346667858
wallajo01,John Wallace,SF,80.0,225.0,False,1997,2004,7,Expansion-90s,9,3.3621144,6.776301,-0.4019673030699882,0.19810784447511168,-0.15968817027817628,-1.0053503378390607,0.2434255796320975
wallara01,Rasheed Wallace,PF,83.0,225.0,False,1996,2013,16,Expansion-90s,5,4.611378,3.5595753,1.7281260701661876,1.0354921511575927,-0.8873039750362749,-0.001483168554669033,-0.701530935411667
walljo01,John Wall,PG,75.0,210.0,False,2011,2023,11,Dead-Ball,0,8.587435,4.3459682,3.51056067749034,0.28120645128153343,2.10572785262416,0.34943381602580903,-0.10609531564884367
waltere01,Rex Walters,SG,76.0,190.0,False,1994,2000,7,Expansion-90s,1,7.8790936,7.69609,-0.21423642392992231,-1.51399169487733,-0.458463894451144,0.7055897717013919,0.8426878042388428
waltobi01,Bill Walton,C,83.0,210.0,True,1975,1987,10,Pre-3PT,-1,3.591507,3.209215,0.443487599810198,1.8503078480476887,-0.11504898307259083,0.8850690261375727,-0.7728622639029927
waltolu01,Luke Walton,SF,80.0,235.0,False,2004,2013,10,Dead-Ball,4,5.577792,8.167344,-0.7912300590015415,-0.8704572216240306,0.281085734597186,0.13556941134907133,0.0647610561077401
wardch01,Charlie Ward,PG,74.0,190.0,False,1995,2005,11,Expansion-90s,6,8.795893,6.533297,0.8319729325012652,-1.471111625865044,0.17353967831001615,1.8111427635236994,-0.20013961295105215
warretj01,T.J. Warren,SF,80.0,220.0,False,2015,2024,9,Modern,9,3.4809675,6.7885633,0.05261319062706826,0.34861776194407035,-0.20242817280723724,-1.0329655659921722,0.3571012137835188
warriha01,Hakim Warrick,PF,81.0,219.0,False,2006,2013,8,Dead-Ball,9,2.8680537,6.252985,-0.3044267548277151,0.9252830255738217,0.16524578958356956,-0.9192314477036448,0.451277475295319
washiji01,Jim Washington,PF,78.0,210.0,False,1966,1976,11,Pre-3PT,-1,4.5392456,10.656899,-0.6551228667839698,-0.1440838463391652,-0.3106926681328635,-0.3629879900216071,-0.14065453257390587
washike01,Kermit Washington,PF,80.0,230.0,False,1974,1988,10,Pre-3PT,9,2.7772708,10.55789,-0.6505593711805207,1.1063483378004346,-0.5793706798010585,0.3406633372642327,-0.07827292661315549
washipj01,P.J. Washington,PF,79.0,230.0,False,2020,2026,7,Post-COVID,-1,5.1257133,4.2859707,0.23213949606921314,0.1853794774620098,-0.055940204875651434,-0.10163890921797242,-0.8809648036561464
washiri01,Richard Washington,PF,83.0,220.0,False,1977,1982,6,Pre-3PT,2,4.591016,10.683323,-0.9975961000446827,-0.09296073630659382,-0.16025024028645796,-0.4491579276619755,-0.2937564738067405
watanyu01,Yuta Watanabe,SF,81.0,215.0,False,2019,2024,6,Modern,10,5.222907,7.7756944,-1.4965565540573385,-1.006590100244298,-0.4685389338624695,-0.1232250787138495,-0.3963303574345403
waterli01,Lindy Waters III,SG,77.0,210.0,False,2022,2026,5,Post-COVID,1,6.512135,7.1919727,-0.43719344870819066,-2.188839410453666,-1.4084733792807371,0.03252204842759694,0.06722849107039483
watfotr01,Trendon Watford,PF,80.0,237.0,False,2022,2026,5,Post-COVID,9,1.9671593,6.9206924,-0.6871576097322993,0.8431913002301866,0.4153964170296472,-0.2642372022614486,0.6212098592554237
watsocj01,C.J. Watson,PG,74.0,175.0,False,2008,2017,10,Dead-Ball,6,8.550185,7.20816,0.5035739790760716,-1.231777343024677,0.32747398105703035,0.6832133405048261,0.2712905696152583
watsoea01,Earl Watson,PG,73.0,195.0,False,2002,2014,13,Dead-Ball,6,8.884482,7.3030086,0.3197156977540723,-1.1923049428616033,1.238240769494054,1.083297640510395,0.26449021990561006
wattssl01,Slick Watts,PG,73.0,175.0,False,1974,1979,6,Pre-3PT,6,9.795891,8.026311,0.1980327449216746,-0.6195730885393291,1.1134516114189636,1.2478497961310884,-0.2897680724331239
weathcl01,Clarence Weatherspoon,PF,79.0,240.0,False,1993,2005,13,Expansion-90s,9,2.4868028,5.37621,0.06557463797206892,1.4993928168768702,-0.022445204024727314,-0.3275151777994548,-0.09817137594899827
webbech01,Chris Webber,PF,82.0,245.0,True,1994,2008,15,Expansion-90s,11,4.6334147,3.6927,2.3286518993585874,1.8326471360703207,0.5197767871365817,-0.44857636259539957,-0.7334410775568945
webbsp01,Spud Webb,PG,66.0,133.0,False,1986,1998,12,Early-3PT,6,9.212846,6.2772903,1.0529957155939313,-0.7094639703327795,0.7637744897079498,0.1960569079708448,1.154491599166582
webstma01,Marvin Webster,C,85.0,225.0,False,1976,1987,10,Pre-3PT,-1,2.7722604,10.405714,-1.0352553298882665,0.8134598691752751,-0.7118006093788135,0.6086731068649326,-0.27545269784990895
webstma02,Martell Webster,SF,79.0,230.0,False,2006,2015,10,Dead-Ball,1,6.2339454,7.1888957,-0.08869700121305385,-1.5973375126152087,-0.8842940472544316,-0.28455253344260006,-0.5411572840848249
wedmasc01,Scott Wedman,SF,79.0,215.0,False,1975,1987,13,Pre-3PT,4,7.6603847,6.1899734,0.09650823844337392,-0.3585657266918375,-0.4952730562542337,-0.354606240599614,0.03475274561128784
wellsbo01,Bonzi Wells,SG,77.0,210.0,False,1999,2008,10,Expansion-90s,5,7.576728,4.1253324,0.813519564690417,0.3962057952735659,0.26271595064429437,-0.11095257588373468,-0.3796665342270961
wennibi01,Bill Wennington,C,84.0,245.0,False,1986,2000,13,Early-3PT,2,2.6187422,7.889467,-1.2731983416057226,-0.17006778770390893,-0.2038117470580165,-0.5106042165785551,-0.039108129617245774
wesleda01,David Wesley,SG,72.0,190.0,False,1994,2007,14,Expansion-90s,-1,8.4597025,5.450534,1.804034876846091,-1.1179984092784412,0.21853498116742376,0.5582767949273418,-0.018618962808525152
weslewa01,Walt Wesley,C,83.0,220.0,False,1967,1976,10,Pre-3PT,2,4.479865,10.596192,-1.3966477144666412,-0.31164894294949075,-0.266625911166684,-0.5019374811884644,0.04915962961604506
westbru01,Russell Westbrook,PG,76.0,200.0,False,2009,2026,18,Dead-Ball,-1,8.520138,4.2859983,4.03487484231393,0.9017577947298602,1.7858373049165175,0.2519010137865161,-0.22478135097800944
westda01,David West,PF,81.0,250.0,False,2004,2018,15,Dead-Ball,5,4.2112274,3.886216,1.3905553103906196,1.7459408944948793,0.07191920477100473,-0.3822611705601282,-0.013532344891102
westde01,Delonte West,PG,75.0,180.0,False,2005,2012,8,Dead-Ball,6,8.85397,6.1748815,0.9740802242264646,-0.6872113422448738,0.39472693506571616,0.7681760197840805,0.13561632358965892
westdo01,Doug West,SG,78.0,200.0,False,1990,2001,12,Expansion-90s,4,6.011602,8.184837,-0.44075187853278636,-0.4017456051729586,0.37163694952810306,-0.6369146937539237,0.24630118530720424
westma01,Mark West,C,82.0,230.0,False,1984,2000,17,Early-3PT,7,0.59613186,6.623629,-1.5931329373788576,1.5637039794221401,-0.13782249152757814,0.4033624008974501,0.0860651840528506
westppa01,Paul Westphal,SG,76.0,195.0,True,1973,1984,12,Pre-3PT,3,7.841612,3.7340991,1.771061171195818,-0.07161902824712885,0.1466576658872626,0.268410796339701,0.3632227982036028
whatlen01,Ennis Whatley,PG,75.0,177.0,False,1984,1997,10,Early-3PT,6,8.703607,8.800214,-0.7840283004142898,-0.6143205411224913,1.0946339850633966,0.7813927724371018,0.8722682711447061
whiteco01,Coby White,SG,76.0,195.0,False,2020,2026,7,Post-COVID,3,7.9387884,5.2092757,1.3534127461324066,-1.072486371104369,0.4530392861302715,-0.6345580282142558,0.2790205852468507
whitede01,Derrick White,SG,76.0,190.0,False,2018,2026,9,Modern,-1,7.7665243,5.00473,1.5833519356497068,-0.22837295820180326,-0.20586456822866595,0.5955770476972219,-0.03192701696512182
whitedj01,D.J. White,PF,81.0,251.0,False,2009,2014,6,Dead-Ball,8,2.705173,7.227502,-0.9325247648622774,0.35341934319188506,-0.272092689834606,-0.7362432174388693,0.21485818221215283
whiteha01,Hassan Whiteside,C,84.0,265.0,False,2011,2022,10,Dead-Ball,7,1.528813,5.026823,0.1369333924905602,3.2411810135612136,-1.0974615640689394,0.43096985779170804,-0.10626723791942927
whiteja01,Jahidi White,C,81.0,290.0,False,1999,2005,7,Expansion-90s,8,0.8922542,7.3070188,-2.356936105015846,1.6797620454573132,0.5317177475236092,0.14386920425472852,-0.5172029702169361
whiteje01,Jerome Whitehead,C,82.0,220.0,False,1979,1989,11,Pre-3PT,2,4.3771763,10.509387,-2.022204898004042,-0.07188276971558688,-0.27432080156368405,-0.32283730685312095,0.1162037098538112
whitejo01,Jo Jo White,PG,75.0,190.0,True,1970,1981,12,Pre-3PT,6,8.362393,3.2028418,0.5544479140308258,-0.4160907573729071,0.6092270431268577,-0.06803876919864107,0.2019754402129793
whitera01,Randy White,PF,80.0,240.0,False,1990,1994,5,Expansion-90s,2,4.3932405,10.844316,-0.9906817662035436,0.013043991762931667,0.20042558934143506,-0.45975760974491875,-0.33569267241320283
whitero01,Rory White,SF,80.0,210.0,False,1983,1987,5,Early-3PT,2,4.7044563,10.190997,-1.0165576329935384,-0.14765882212514664,-0.17981546114041186,-0.39252448271783424,0.39346734183156273
whitnch01,Chris Whitney,PG,72.0,168.0,False,1994,2004,11,Expansion-90s,1,8.197887,7.1450214,0.37005978298300407,-1.8960066129465967,-0.15462003550158113,0.6576926102624885,0.42388788481636197
wiggiaa01,Aaron Wiggins,SG,77.0,190.0,False,2022,2026,5,Post-COVID,4,6.0673785,7.0662265,0.030926370559813454,-0.3295537767593414,-0.48792880295581054,0.2027133731111906,0.050507518857925704
wiggian01,Andrew Wiggins,SF,78.0,197.0,False,2015,2026,12,Modern,3,6.98201,3.9172044,1.445237217315899,0.14702582784116333,0.09381038596076104,-0.9953191972374819,-0.4549393228648962
wiggimi01,Mitchell Wiggins,SG,76.0,185.0,False,1984,1992,6,Early-3PT,4,7.893949,2.7253745,-0.03555115023816882,-0.08530150799481856,0.11219734985613013,-0.30468261984897493,-0.03362719787074997
wilcoch01,Chris Wilcox,C,82.0,221.0,False,2003,2013,11,Dead-Ball,7,1.9869527,6.2464104,-0.8007077487974903,1.8509009254088926,-0.1383895746134043,-0.2857265576984873,0.80123473674437
wileymo01,Morlon Wiley,PG,76.0,185.0,False,1989,1995,7,Early-3PT,6,8.118105,8.939152,-0.6213301129307855,-1.562776261165452,0.1789227041739475,1.1572827730802038,0.17312866573803812
wilkebo01,Bob Wilkerson,SF,78.0,195.0,False,1977,1983,7,Pre-3PT,6,9.074732,8.842759,-0.3021494309049655,-0.5308397461442812,0.8145772015373328,-0.0016862063019426055,-0.16704722899475666
wilkeja01,Jamaal Wilkes,SF,78.0,190.0,True,1975,1986,12,Pre-3PT,5,6.6354566,2.776427,0.884067255096117,0.46285842650231956,-0.24107067325328568,-0.4823085219819201,0.11301978568853618
wilkida02,Damien Wilkins,SF,78.0,225.0,False,2005,2018,10,Dead-Ball,4,5.714495,8.42738,-0.514606482263188,-0.7907163677900885,0.029081906574799046,-0.1216328242613709,-0.06293740971477343
wilkido01,Dominique Wilkins,SF,80.0,215.0,True,1983,1999,15,Early-3PT,-1,6.3943906,3.5903783,3.088758225727368,0.9552658763850074,-0.39561700799235416,-1.370691623836524,-0.8218545995193662
wilkied01,Eddie Lee Wilkins,C,82.0,220.0,False,1985,1993,6,Early-3PT,2,3.8828282,10.874944,-1.4562579570765803,0.1539481244444579,-0.1733907710144426,-0.7358754298554394,0.30500885011302376
wilkige01,Gerald Wilkins,SG,78.0,185.0,False,1986,1999,13,Early-3PT,-1,7.0719905,7.70269,0.395685161325047,-1.1422019778381156,0.6579584647103025,-0.6397271652798416,-0.7546232793637504
wilkije01,Jeff Wilkins,C,83.0,230.0,False,1981,1986,6,Early-3PT,2,4.462865,10.767362,-1.1917751988515566,0.033338834006303414,0.031688363942869294,-0.550815601339385,-0.1423631242173884
wilksmi01,Mike Wilks,PG,70.0,185.0,False,2003,2010,7,Dead-Ball,6,8.503291,8.433821,-0.9155220215034383,-1.373205131373636,0.5757341691526521,0.4252482194968852,0.6682131227967762
williaa01,Aaron Williams,C,81.0,220.0,False,1994,2008,14,Expansion-90s,7,1.4423206,6.8405995,-1.5072220190741017,1.240677786006911,-0.12381473239836246,-0.04754584534369923,0.33412294274366283
willial02,Alvin Williams,PG,77.0,185.0,False,1998,2007,9,Expansion-90s,6,8.35282,8.283474,-0.020049622230806807,-1.2374948618026727,1.0897008621882056,0.22600717469300421,-0.31413134627231837
willibu01,Buck Williams,PF,80.0,215.0,False,1982,1998,17,Early-3PT,5,2.5585103,5.1022987,0.45157243399640484,2.3254446610405237,-0.5320674576912691,-0.02606539375230624,0.12261399497414333
willico02,Corliss Williamson,SF,79.0,245.0,False,1996,2007,12,Expansion-90s,9,3.0372431,5.6658025,0.054777810825870576,1.007790712185199,0.060103130680805236,-0.9251514218764159,0.3946313872537757
willide01,Deron Williams,PG,75.0,200.0,False,2006,2017,12,Dead-Ball,0,9.015659,4.7249427,3.1740666294429043,-0.43726353997118295,1.1062481119420824,0.27612924183952137,0.8397810214402415
willide02,Derrick Williams,PF,80.0,240.0,False,2012,2018,7,Modern,4,4.787907,8.431288,-0.9894377681636264,-0.22964753471636556,0.0013405254667459288,-0.9329572101171768,-0.2327297209230641
willier01,Eric Williams,SF,80.0,220.0,False,1996,2007,12,Expansion-90s,4,6.627773,6.2239227,-0.06399501609067049,-0.4564769841371572,-0.11800210583885098,-0.562995423369076,-0.06330261098954215
willifr01,Freeman Williams,SG,76.0,190.0,False,1979,1986,6,Pre-3PT,1,7.5727224,6.2451916,0.41769739181247795,-1.3390212333157572,-0.28366397850067565,-1.1306173006860585,0.2399520913409271
willigr01,Grant Williams,PF,79.0,236.0,False,2020,2026,7,Post-COVID,4,4.976245,6.858644,-0.3510495210309703,-0.48451262589962274,-0.615505098931588,0.3061738469236537,-0.1875338723727778
willigu01,Gus Williams,PG,74.0,175.0,False,1976,1987,11,Pre-3PT,5,8.212157,4.4888797,2.1250653889647495,0.02523275062821806,0.5616723381485053,0.4539328270851911,-0.2999088954476917
willihe01,Herb Williams,C,83.0,260.0,False,1982,1999,18,Early-3PT,9,1.0858877,6.717024,-0.7151328747599597,1.0124077161550336,0.1888496353138947,-0.4059134577647089,-0.38297671186020105
williho01,Hot Rod Williams,C,83.0,215.0,False,1987,1999,13,Early-3PT,-1,1.3079084,5.2308655,-0.04725882569507406,1.7909238701504273,0.09181279274992106,0.2550981659583539,-0.5796236646779018
willija01,Jayson Williams,PF,81.0,240.0,False,1991,1999,9,Expansion-90s,9,1.7421212,6.5986524,-1.152180330182955,1.4879380574289045,0.07639787923665041,-0.741829684942905,-0.06430989993890748
willija02,Jason Williams,PG,73.0,190.0,False,1999,2011,12,Expansion-90s,-1,8.769554,6.0541205,1.4753570130756986,-1.8031900504765566,0.23418685958452373,1.1396552902710857,0.2663773282675562
willije01,Jerome Williams,PF,81.0,206.0,False,1997,2005,9,Expansion-90s,7,1.7891799,6.029775,-0.6422395775071884,1.6369399413072763,-0.10143496865043365,0.42658127661334555,-0.06727884969933848
willijo01,John Williamson,SG,74.0,185.0,False,1974,1981,8,Pre-3PT,-1,7.9199,2.87637,0.7657444227692645,-0.6176759243062042,0.29458166053957097,-0.9751195205125869,0.13165003804048203
willijo02,John Williams,SF,80.0,235.0,False,1987,1995,8,Early-3PT,4,8.24832,4.7830725,0.3048093948353782,0.02147260234853962,0.22274824735927434,0.24961055851737743,-0.3704389345183993
willike01,Kevin Williams,SG,74.0,175.0,False,1984,1989,5,Early-3PT,4,7.657073,9.28837,-0.9932081496133551,-0.6494526917584925,0.5318674365033261,0.19005467270779677,0.19153473720425607
willike02,Kevin Willis,PF,84.0,220.0,False,1985,2007,21,Early-3PT,9,2.0466576,6.099029,-0.3204196640317071,1.357661647523066,0.07223623393654859,-0.8921547037885422,-0.20061282455328422
willike04,Kenrich Williams,PF,79.0,210.0,False,2019,2026,8,Modern,4,5.2211685,6.837899,-0.40618629896853203,-0.3031461796824527,-0.6865957165656783,0.5564326015093068,-0.16701021140678213
willilo01,Lorenzo Williams,PF,81.0,200.0,False,1993,2000,7,Expansion-90s,7,1.1135528,6.8767533,-2.336881599431213,1.4819233799512024,-0.2898857664975151,1.2000876684252115,-0.23415631017240818
willilo02,Lou Williams,PG,74.0,175.0,False,2006,2022,17,Dead-Ball,-1,8.601921,4.4282,1.8786741879619315,-0.6446076013411853,0.3233548993701674,-0.3093713279835091,0.4007454803067263
willima01,Mo Williams,PG,73.0,198.0,False,2004,2016,13,Dead-Ball,-1,8.956899,5.4432573,1.8755797440516337,-1.163349172947889,0.8317770817433502,-0.2704876471764719,0.6910126631497304
willima02,Marvin Williams,PF,80.0,237.0,False,2006,2020,15,Dead-Ball,-1,5.6059275,5.141233,0.5936435652084935,-0.027972963801872697,-1.123028996756197,0.12033468854877863,-0.1618858192932046
willimi02,Micheal Williams,PG,74.0,175.0,False,1989,1999,10,Early-3PT,6,8.864551,8.4439745,-0.05113178564894763,-0.9130358482067026,1.8946519345414017,-0.0575980160701767,-0.035879958934992406
willimo01,Monty Williams,SF,80.0,225.0,False,1995,2003,9,Expansion-90s,-1,2.7812178,8.300505,-1.3095838482837083,-0.0015567911598663997,0.5212296247676798,-0.5330995046610366,-0.17072337919627095
willipa01,Patrick Williams,PF,78.0,215.0,False,2021,2026,6,Post-COVID,4,4.6893806,7.5707183,-0.4544102939158362,-0.6802870636371254,0.06737428196486343,-0.36113929307678927,-0.509883013184357
willira01,Ray Williams,PG,75.0,188.0,False,1978,1987,10,Pre-3PT,6,8.927326,5.140515,1.0984535245629474,-0.4695840413967455,0.9842018606249179,0.36134877305494395,-0.13202332125908844
willire01,Reggie Williams,SF,79.0,190.0,False,1988,1997,10,Early-3PT,1,6.6714787,6.8336067,0.23274437216473143,-0.8608276506212569,-0.3123053587511661,-0.1302051676985969,-1.0354680972456924
willire02,Reggie Williams,SF,78.0,205.0,False,2010,2017,7,Dead-Ball,1,6.3499484,6.808509,0.07713141590560613,-1.2570779873372706,-1.0084215109402925,-0.33088223055416777,0.6564896098677864
williro04,Robert Williams,C,81.0,249.0,False,2019,2026,8,Modern,7,1.1248257,5.312811,-0.45079614672707174,3.5683004877511317,-1.0364281517772247,1.7986985164157188,0.8646748089778389
willisc01,Scott Williams,C,82.0,230.0,False,1991,2005,15,Expansion-90s,8,2.1272786,7.7173753,-1.418442056354506,0.5993642821284881,0.17430721995923004,-0.3695896174916342,-0.28989979278173983
willish01,Shammond Williams,PG,73.0,201.0,False,1999,2007,7,Expansion-90s,6,8.169999,7.2426867,0.23258210134889112,-1.5820965167361614,0.033946341494494645,0.4670721260027285,0.30631370789843987
willish02,Shelden Williams,PF,81.0,250.0,False,2007,2012,6,Dead-Ball,8,2.0916386,6.861229,-1.556165480642307,1.0515918616826745,0.22194049287565648,-0.24876046695911938,0.02727434162615039
willish03,Shawne Williams,SF,81.0,225.0,False,2007,2015,7,Dead-Ball,-1,5.1518264,7.28251,-0.8291461008494065,-1.2410805978225172,-0.8961437885453214,-0.24938393571473327,-0.5742460158972056
willisl01,Sly Williams,SF,79.0,210.0,False,1980,1986,7,Early-3PT,4,3.5601604,11.112136,-0.16103873704873975,-0.0006728214756923367,0.44652354840864533,-0.4736515119530905,-0.31442317004030773
williwa02,Walt Williams,SF,80.0,219.0,False,1993,2003,11,Expansion-90s,-1,6.1341233,5.240415,1.2779821726500828,-0.7940650431554004,-0.8324415672786605,0.16126469468839966,-0.7258745397780273
willizi01,Zion Williamson,PF,78.0,284.0,False,2020,2026,6,Post-COVID,11,4.8809595,3.6337729,2.7589591450579336,3.125567374576392,0.8780060008844732,-0.8942006933025692,0.24317484070797557
willizi02,Ziaire Williams,SF,81.0,185.0,False,2022,2026,5,Post-COVID,4,5.828022,8.21351,-0.49336562535718553,-1.0857222295559357,-0.24099355266099914,-0.19894949162285297,-0.5166772655362801
willobi01,Bill Willoughby,SF,80.0,205.0,False,1976,1984,8,Pre-3PT,2,4.58308,9.992964,-1.2725178530911048,-0.3445758391261231,-0.5669074136475114,-0.028215619829685592,0.1582816529777249
wilsodj01,D.J. Wilson,PF,82.0,231.0,False,2018,2024,6,Modern,-1,4.0883427,7.0486836,-0.7630000986683407,0.05930977130830087,-1.1012729935336067,0.384516553994227,0.29812036263116604
wingada01,David Wingate,SG,77.0,185.0,False,1987,2001,15,Early-3PT,4,5.4543695,8.426293,-0.6471362357838926,-0.7080114007221864,-0.018964249049501142,0.2558833677881748,0.32916072320089584
winslju01,Justise Winslow,PF,78.0,222.0,False,2016,2023,8,Modern,4,1.9900911,8.4294815,-0.7367744724658911,0.07541041216788577,0.9931046762015694,-0.1490337793678443,-0.9000609575382494
wintebr01,Brian Winters,SG,76.0,185.0,False,1975,1983,9,Pre-3PT,3,8.291588,3.658201,1.3651716001019318,-0.7193542618320641,-0.1952723701238988,-0.1398564000114218,0.2731535198620052
wisemja01,James Wiseman,C,83.0,240.0,False,2021,2026,5,Post-COVID,7,1.602584,6.6455364,-1.3954561998889863,1.6380379247548804,0.2486188968786197,-1.1713462425604761,1.0505144759052165
witheje01,Jeff Withey,C,84.0,230.0,False,2014,2018,5,Modern,7,1.5308022,7.109227,-1.8406922050207255,1.732426514477596,-0.0715665414409693,0.24106108253080413,0.3319825045645205
wittmra01,Randy Wittman,SG,78.0,210.0,False,1984,1992,9,Early-3PT,4,7.179996,10.024111,-0.6206342547288312,-0.9360119890080526,-0.3388944011786155,-0.04807646124187673,0.7135305881350977
wohlda01,Dave Wohl,PG,74.0,185.0,False,1972,1978,7,Pre-3PT,6,8.345348,9.201182,-0.7222546979847265,-1.262161533396057,0.8269649123525209,0.3836821690048893,0.6613642643010191
wolfjo01,Joe Wolf,C,83.0,230.0,False,1988,1999,11,Early-3PT,10,2.2417138,8.280289,-2.0867484712791717,-0.6736147008239982,1.0404096415466033,-0.6614208339221628,-0.6259103540621298
woodal01,Al Wood,SG,78.0,193.0,False,1982,1987,6,Early-3PT,4,7.759054,2.7050254,0.07261904352944898,-0.18356597793440374,-0.04319405400090799,-0.6299290449815141,0.15688758183898024
woodch01,Christian Wood,PF,80.0,214.0,False,2016,2024,8,Modern,9,1.7035575,5.372931,-0.06155257328031988,1.337533688514335,-0.6775508825934574,-0.3197939186661901,-0.026594375813437543
woodda01,David Wood,PF,81.0,227.0,False,1989,1997,7,Early-3PT,4,5.7011867,7.2855973,-0.989427741387193,-0.8878317622978487,-1.5244951575338912,0.30176487404311425,0.5389697690914583
woodle01,Leon Wood,PG,75.0,185.0,False,1985,1991,6,Early-3PT,1,7.9192643,6.4329367,0.17695384087454213,-1.445438998045266,-0.45231886663285115,0.15558728731950533,0.7260907995398007
woodslo01,Loren Woods,C,85.0,245.0,False,2002,2008,6,Dead-Ball,8,1.2000852,7.5224757,-2.1069241840708943,1.0222842310420626,0.3793666382443827,0.2733039408717707,0.024284449120557883
woodsmi01,Mike Woodson,SG,77.0,195.0,False,1981,1991,11,Early-3PT,-1,7.9581747,2.8233595,0.4726299785238814,-0.3737414138342593,0.3001631360220808,-0.453905735147048,-0.056912126910482363
woolror01,Orlando Woolridge,SF,81.0,215.0,False,1982,1994,13,Early-3PT,5,6.6699033,2.8404162,0.8926172286545386,0.7244827573234734,-0.12027461341625773,-0.7550004026909389,0.39074093411511884
workmha01,Haywoode Workman,PG,74.0,180.0,False,1990,2000,8,Expansion-90s,6,8.573422,7.6104164,-0.03849056522636357,-1.256503673656442,0.37799342940525255,1.462108574626659,0.09544809155291459
worthja01,James Worthy,SF,81.0,225.0,True,1983,1994,12,Early-3PT,5,6.5294957,2.74074,1.790507033128153,0.8911550921332442,-0.2536152918071201,-0.27573192368853316,0.06141671170186905
wrighan01,Antoine Wright,SG,79.0,210.0,False,2006,2011,6,Dead-Ball,10,5.8317575,8.370036,-1.3179025383802914,-1.3999253915911518,0.04218048434713813,-0.2313858726291089,-0.4913696332852578
wrighbr03,Brandan Wright,PF,82.0,235.0,False,2008,2018,10,Dead-Ball,7,1.2276423,5.7232223,-0.6871257494939608,2.2651459455251524,-1.0718965061303483,0.47878085702372175,1.0529587325081013
wrighde01,Delon Wright,PG,76.0,185.0,False,2016,2025,10,Modern,6,9.727688,7.802672,0.03272930295564991,-0.3819157143485653,0.5915531135509239,1.23004446305895,-0.16852300103624734
wrighdo01,Dorell Wright,SF,81.0,205.0,False,2005,2015,11,Dead-Ball,4,5.892073,6.7685304,0.038663929127310925,-0.610346246510763,-0.5649197859186077,0.26598515312654736,-0.5592974268662545
wrighla01,Larry Wright,PG,73.0,160.0,False,1977,1982,6,Pre-3PT,10,7.6411777,9.461255,-0.9685187005187466,-1.3371970129559587,1.1080689750698491,0.06482063883632745,-0.029227306466070635
wrighlo02,Lorenzen Wright,C,83.0,225.0,False,1997,2009,13,Expansion-90s,8,1.4779054,7.603247,-1.465291064921748,0.9297520867818044,0.5178347351119662,-0.4916146477851502,-0.22367955997210687
youngda01,Danny Young,PG,75.0,175.0,False,1985,1995,10,Early-3PT,6,8.282028,8.7774315,-0.24144768957783744,-1.2593060119320942,-0.1651622450618929,1.0510717616825513,0.2532131414239996
youngni01,Nick Young,SG,79.0,210.0,False,2008,2019,12,Dead-Ball,1,7.0288506,6.5800114,0.6284721635906656,-1.6794647542551853,-0.7057824313108886,-1.056089542199506,-0.08479818361767599
youngth01,Thaddeus Young,PF,80.0,225.0,False,2008,2024,17,Dead-Ball,9,4.0051126,3.9737468,0.6055350615928872,1.2028336242519853,-0.25742122238067566,0.41953138743791385,0.15562661264387184
youngtr01,Trae Young,PG,74.0,164.0,False,2019,2026,8,Modern,0,8.846285,4.4181976,4.032911452254979,-0.13605377507525132,1.6661795210054386,-0.30992960591893337,1.2827665780070352
zelleco01,Cody Zeller,C,83.0,240.0,False,2014,2024,11,Modern,7,1.523659,6.129381,-0.8122325541478761,1.8039757510254997,0.23732724047333048,0.04070734485047385,0.49529510638259583
zellety01,Tyler Zeller,C,84.0,253.0,False,2013,2020,8,Modern,8,1.5376294,7.157247,-1.7681689606240962,1.482055884214723,0.5260984858288584,-1.2002659001741047,0.3904757194262876
zhizhwa01,Wang Zhizhi,C,84.0,255.0,False,2001,2005,5,Dead-Ball,8,2.6206357,7.878707,-1.1949061403370775,-0.21152608435997516,-0.11671148558092241,-0.8438351318204068,0.0021830056588354185
zubaciv01,Ivica Zubac,C,84.0,240.0,False,2017,2026,10,Modern,7,1.3312231,5.441078,-0.5380544090058788,3.024723463354764,0.11731065162058694,-0.16066675692104512,0.7838494493711974
